transaction_id,customer_id,amount,action,observed_probability,observed_expected_revenue,observed_cost,observed_net_value,best_action,best_probability,best_expected_revenue,best_action_cost,best_net_value,probability_uplift,incremental_revenue,incremental_cost,net_incremental_value,action_switch_recommended
50600,91328,1051.17,email,0.6940253,729.5385515713692,5,724.5385515713692,payment_link,0.75946194,798.3236067706347,12,786.3236067706347,0.06543666,68.78505519926546,7,61.78505519926546,True
31412,42112,3808.79,retry,0.70389646,2680.993808994889,8,2672.993808994889,whatsapp,0.73245424,2789.764385996461,18,2771.764385996461,0.028557777,108.77057700157184,10,98.77057700157184,True
88498,3656,2416.48,human_escalation,0.6800046,1643.2175078582763,250,1393.2175078582763,human_escalation,0.6800046,1643.2175078582763,250,1393.2175078582763,0.0,0.0,0,0.0,False
28435,29816,777.92,whatsapp,0.6956982,541.1975450325012,18,523.1975450325012,payment_link,0.73621064,572.7129843711853,12,560.7129843711853,0.040512443,31.51543933868402,-6,37.51543933868402,True
34938,41850,2611.45,whatsapp,0.7247777,1892.7207207918166,18,1874.7207207918166,payment_link,0.7604902,1985.9820781111716,12,1973.9820781111716,0.03571248,93.26135731935506,-6,99.26135731935506,True
75203,51684,980.92,retry,0.6725281,659.6962521719933,8,651.6962521719933,payment_link,0.7236849,709.8769989347458,12,697.8769989347458,0.05115682,50.180746762752506,4,46.180746762752506,True
34300,35965,3228.15,retry,0.49936095,1612.0120468720795,8,1604.0120468720795,human_escalation,0.720898,2327.1667901962996,250,2077.1667901962996,0.22153702,715.1547433242201,242,473.15474332422014,True
60590,60884,1516.25,retry,0.6660331,1009.8726714402437,8,1001.8726714402437,payment_link,0.7415834,1124.4258407503366,12,1112.4258407503366,0.07555032,114.55316931009293,4,110.55316931009293,True
78797,54348,1584.66,whatsapp,0.6440583,1020.6134053051472,18,1002.6134053051472,payment_link,0.6913936,1095.6238040685655,12,1083.6238040685655,0.047335327,75.01039876341827,-6,81.01039876341827,True
15220,39601,2994.21,email,0.6106876,1828.5269591796398,5,1823.5269591796398,payment_link,0.6813367,2040.0651632505655,12,2028.0651632505655,0.07064909,211.53820407092576,7,204.53820407092576,True
43442,30884,2903.42,whatsapp,0.50950074,1479.2946442174912,18,1461.2946442174912,payment_link,0.5674427,1647.5245280730726,12,1635.5245280730726,0.057941973,168.22988385558142,-6,174.22988385558142,True
90923,44900,3115.23,payment_link,0.7274434,2266.1534937769175,12,2254.1534937769175,payment_link,0.7274434,2266.1534937769175,12,2254.1534937769175,0.0,0.0,0,0.0,False
30176,64843,1660.42,retry,0.5472397,908.6477772462368,8,900.6477772462368,whatsapp,0.6048422,1004.2920624351502,18,986.2920624351502,0.057602465,95.64428518891339,10,85.64428518891339,True
3084,90555,1138.77,retry,0.69996977,797.1045733022689,8,789.1045733022689,payment_link,0.746085,849.6192019182444,12,837.6192019182444,0.04611522,52.514628615975425,4,48.514628615975425,True
79175,23663,1672.99,payment_link,0.7063367,1181.6941973787546,12,1169.6941973787546,payment_link,0.7063367,1181.6941973787546,12,1169.6941973787546,0.0,0.0,0,0.0,False
63853,33533,3289.3,retry,0.69210887,2276.5537046194077,8,2268.5537046194077,payment_link,0.7560998,2487.039138376713,12,2475.039138376713,0.06399095,210.48543375730515,4,206.48543375730515,True
35087,96890,4303.36,retry,0.4486788,1930.8263642883298,8,1922.8263642883298,payment_link,0.5229988,2250.652158203125,12,2238.652158203125,0.07432002,319.8257939147952,4,315.8257939147952,True
22710,84860,1348.41,whatsapp,0.522799,704.9474198770523,18,686.9474198770523,payment_link,0.57447803,774.631920708418,12,762.631920708418,0.051679015,69.68450083136565,-6,75.68450083136565,True
67549,74176,2846.19,voice_call,0.51331854,1461.002091565132,90,1371.002091565132,payment_link,0.6558112,1866.5632525885105,12,1854.5632525885105,0.14249265,405.5611610233784,-78,483.5611610233784,True
47090,46518,267.51,retry,0.74570894,199.48459918498992,8,191.48459918498992,payment_link,0.8164313,218.40353276968003,12,206.40353276968003,0.07072234,18.91893358469011,4,14.918933584690109,True
95651,78169,1382.27,voice_call,0.6208093,858.1260941052436,90,768.1260941052436,payment_link,0.7813027,1079.971270005703,12,1067.971270005703,0.16049337,221.84517590045937,-78,299.84517590045937,True
70986,45397,2021.61,payment_link,0.7251853,1466.0418039500712,12,1454.0418039500712,payment_link,0.7251853,1466.0418039500712,12,1454.0418039500712,0.0,0.0,0,0.0,False
7747,61794,1866.02,whatsapp,0.550567,1027.3689797890186,18,1009.3689797890186,whatsapp,0.550567,1027.3689797890186,18,1009.3689797890186,0.0,0.0,0,0.0,False
81832,504,4257.57,human_escalation,0.4158525,1770.5210734480618,250,1520.5210734480618,payment_link,0.45620573,1942.3278114402292,12,1930.3278114402292,0.04035324,171.80673799216743,-238,409.8067379921674,True
53252,91518,5598.7,email,0.6881954,3852.9996273577212,5,3847.9996273577212,human_escalation,0.8571813,4799.101003956795,250,4549.101003956795,0.1689859,946.1013765990733,245,701.1013765990733,True
47903,42888,1774.58,payment_link,0.62542427,1109.8653937125205,12,1097.8653937125205,payment_link,0.62542427,1109.8653937125205,12,1097.8653937125205,0.0,0.0,0,0.0,False
76393,2513,1363.25,whatsapp,0.6947616,947.133716121316,18,929.133716121316,payment_link,0.71806616,978.9036870449781,12,966.9036870449781,0.023304582,31.769970923662186,-6,37.769970923662186,True
38760,64564,1522.94,retry,0.5792605,882.1790286457539,8,874.1790286457539,payment_link,0.68051213,1036.3791436588765,12,1024.3791436588765,0.1012516,154.20011501312263,4,150.20011501312263,True
68453,27507,1227.22,whatsapp,0.6343092,778.4369028353691,18,760.4369028353691,payment_link,0.70584106,866.222271118164,12,854.222271118164,0.07153189,87.78536828279493,-6,93.78536828279493,True
26009,16159,875.26,payment_link,0.7567698,662.3703144431114,12,650.3703144431114,payment_link,0.7567698,662.3703144431114,12,650.3703144431114,0.0,0.0,0,0.0,False
91040,63105,3402.15,email,0.5038438,1714.1521308660508,5,1709.1521308660508,payment_link,0.5778876,1966.0602803081274,12,1954.0602803081274,0.07404381,251.9081494420766,7,244.9081494420766,True
16790,85639,2194.35,voice_call,0.54570514,1197.4680731624364,90,1107.4680731624364,payment_link,0.6792473,1490.5063559800385,12,1478.5063559800385,0.13354218,293.03828281760207,-78,371.03828281760207,True
83767,67583,6401.93,retry,0.7133721,4566.95832062602,8,4558.95832062602,human_escalation,0.8323851,5328.87128905356,250,5078.87128905356,0.11901301,761.9129684275395,242,519.9129684275395,True
31029,89821,363.41,payment_link,0.71275127,259.0209387910366,12,247.0209387910366,payment_link,0.71275127,259.0209387910366,12,247.0209387910366,0.0,0.0,0,0.0,False
85859,45345,342.09,retry,0.8629032,295.1905480724573,8,287.1905480724573,payment_link,0.92378676,316.0182125151157,12,304.0182125151157,0.06088358,20.827664442658374,4,16.827664442658374,True
42685,20625,2622.66,voice_call,0.5641514,1479.5773272156714,90,1389.5773272156714,payment_link,0.6813818,1787.0328483223914,12,1775.0328483223914,0.117230415,307.45552110671997,-78,385.45552110671997,True
9589,89222,765.6,whatsapp,0.72924453,558.3096123218537,18,540.3096123218537,payment_link,0.7778274,595.504643726349,12,583.504643726349,0.048582852,37.19503140449524,-6,43.19503140449524,True
91528,14940,2265.63,payment_link,0.757978,1717.297746207118,12,1705.297746207118,payment_link,0.757978,1717.297746207118,12,1705.297746207118,0.0,0.0,0,0.0,False
97356,22610,1308.14,whatsapp,0.90615076,1185.3720529186726,18,1167.3720529186726,payment_link,0.93349475,1221.1418179285527,12,1209.1418179285527,0.027343988,35.769765009880075,-6,41.769765009880075,True
26058,91838,978.56,payment_link,0.69581085,680.8926697158813,12,668.8926697158813,payment_link,0.69581085,680.8926697158813,12,668.8926697158813,0.0,0.0,0,0.0,False
43709,88832,419.1,payment_link,0.647292,271.2800847172737,12,259.2800847172737,payment_link,0.647292,271.2800847172737,12,259.2800847172737,0.0,0.0,0,0.0,False
48725,55605,696.55,voice_call,0.6019858,419.3132174789905,90,329.3132174789905,payment_link,0.73007786,508.5357352912426,12,496.5357352912426,0.12809205,89.22251781225208,-78,167.22251781225208,True
48107,75205,2285.99,retry,0.6585252,1505.382087099552,8,1497.382087099552,payment_link,0.70933574,1621.53441829741,12,1609.53441829741,0.050810516,116.15233119785785,4,112.15233119785785,True
93593,34707,9263.11,retry,0.5743729,5320.479238961935,8,5312.479238961935,payment_link,0.6730715,6234.735376075507,12,6222.735376075507,0.098698616,914.2561371135716,4,910.2561371135716,True
91637,68501,1922.67,whatsapp,0.51034737,981.2295708274842,18,963.2295708274842,payment_link,0.5440086,1045.9490392506123,12,1033.9490392506123,0.033661246,64.71946842312809,-6,70.71946842312809,True
25464,93391,440.09,retry,0.7101316,312.5218095058203,8,304.5218095058203,payment_link,0.76438123,336.3965354567766,12,324.3965354567766,0.054249644,23.874725950956304,4,19.874725950956304,True
94883,39016,1432.69,whatsapp,0.7769666,1113.1522377634049,18,1095.1522377634049,payment_link,0.78447515,1123.9096993929147,12,1111.9096993929147,0.007508576,10.757461629509862,-6,16.757461629509862,True
41304,45592,6426.53,human_escalation,0.3340713,2146.9192854073644,250,1896.9192854073644,payment_link,0.4221192,2712.7617038518188,12,2700.7617038518188,0.08804789,565.8424184444543,-238,803.8424184444543,True
21310,49646,2564.62,retry,0.69749564,1788.8112665235994,8,1780.8112665235994,payment_link,0.7629051,1956.561731033325,12,1944.561731033325,0.06540948,167.7504645097256,4,163.7504645097256,True
7436,85609,1808.53,retry,0.46804252,846.4689435222745,8,838.4689435222745,payment_link,0.5705875,1031.9246400058269,12,1019.9246400058269,0.10254499,185.4556964835524,4,181.4556964835524,True
26925,76053,2356.51,whatsapp,0.8828077,2080.345107200742,18,2062.345107200742,payment_link,0.9106588,2145.9765140229465,12,2133.9765140229465,0.027851105,65.63140682220455,-6,71.63140682220455,True
8954,28198,2904.79,retry,0.8486043,2465.0173469913007,8,2457.0173469913007,payment_link,0.9227063,2680.2680505496264,12,2668.2680505496264,0.074101985,215.25070355832577,4,211.25070355832577,True
30281,47549,1615.84,payment_link,0.73128563,1181.640575056076,12,1169.640575056076,payment_link,0.73128563,1181.640575056076,12,1169.640575056076,0.0,0.0,0,0.0,False
61942,74732,1342.07,human_escalation,0.6268537,841.2815511345863,250,591.2815511345863,payment_link,0.6046086,811.4270575898886,12,799.4270575898886,-0.02224511,-29.854493544697675,-238,208.14550645530232,True
96895,71373,2908.31,whatsapp,0.8916847,2593.2955617886782,18,2575.2955617886782,payment_link,0.9232679,2685.1492689937354,12,2673.1492689937354,0.03158319,91.85370720505716,-6,97.85370720505716,True
40614,64434,1139.73,payment_link,0.61734045,703.6014259707928,12,691.6014259707928,payment_link,0.61734045,703.6014259707928,12,691.6014259707928,0.0,0.0,0,0.0,False
10007,74733,2001.44,whatsapp,0.86046034,1722.1597448444368,18,1704.1597448444368,whatsapp,0.86046034,1722.1597448444368,18,1704.1597448444368,0.0,0.0,0,0.0,False
78916,45904,338.27,whatsapp,0.66041714,223.3993057888746,18,205.3993057888746,email,0.7074322,239.3030938273668,5,234.3030938273668,0.04701507,15.903788038492195,-13,28.903788038492195,True
13627,94482,3180.32,retry,0.52846825,1680.6981487464905,8,1672.6981487464905,payment_link,0.6143815,1953.9297470760346,12,1941.9297470760346,0.08591324,273.2315983295441,4,269.2315983295441,True
1101,13129,790.0,retry,0.71293324,563.2172614336014,8,555.2172614336014,payment_link,0.75304943,594.9090522527695,12,582.9090522527695,0.04011619,31.69179081916809,4,27.69179081916809,True
56331,20423,465.57,retry,0.7537946,350.9441568106413,8,342.9441568106413,email,0.77155143,359.2111993700266,5,354.2111993700266,0.01775682,8.267042559385288,-3,11.267042559385288,True
92199,52651,1797.26,payment_link,0.6344162,1140.2109001803399,12,1128.2109001803399,whatsapp,0.72285795,1299.1636830234527,18,1281.1636830234527,0.08844173,158.9527828431128,6,152.9527828431128,True
14224,31684,1516.78,whatsapp,0.8044398,1220.1581742048263,18,1202.1581742048263,payment_link,0.81264144,1232.598286126852,12,1220.598286126852,0.008201659,12.440111922025608,-6,18.440111922025608,True
16671,35823,2120.02,retry,0.6997287,1483.438896536827,8,1475.438896536827,payment_link,0.7547094,1599.9990700757503,12,1587.9990700757503,0.054980695,116.56017353892321,4,112.56017353892321,True
98111,408,624.94,email,0.39900425,249.3537164729834,5,244.3537164729834,payment_link,0.5561868,347.5833758139611,12,335.5833758139611,0.15718254,98.22965934097769,7,91.22965934097769,True
22412,33747,995.55,voice_call,0.6151164,612.3791493505239,90,522.3791493505239,payment_link,0.72287416,719.657374548912,12,707.657374548912,0.10775775,107.2782251983881,-78,185.2782251983881,True
7834,71375,2844.24,retry,0.76935947,2188.2429772853848,8,2180.2429772853848,payment_link,0.8263963,2350.4693738794326,12,2338.4693738794326,0.057036817,162.22639659404786,4,158.22639659404786,True
82398,73812,2072.18,voice_call,0.5045904,1045.6021187281608,90,955.6021187281608,payment_link,0.6076862,1259.2352346742152,12,1247.2352346742152,0.10309583,213.63311594605443,-78,291.63311594605443,True
48862,35818,870.47,human_escalation,0.6393569,556.5410104769469,250,306.5410104769469,payment_link,0.55746114,485.25320074677467,12,473.25320074677467,-0.08189577,-71.28780973017223,-238,166.71219026982777,True
3417,35047,966.14,payment_link,0.8511669,822.3463926041126,12,810.3463926041126,payment_link,0.8511669,822.3463926041126,12,810.3463926041126,0.0,0.0,0,0.0,False
98108,1071,2378.09,retry,0.46474463,1105.204551153779,8,1097.204551153779,payment_link,0.53165954,1264.334243835807,12,1252.334243835807,0.066914916,159.129692682028,4,155.129692682028,True
62728,7804,769.04,whatsapp,0.40678704,312.83550358772277,18,294.83550358772277,payment_link,0.520067,399.9523076438904,12,387.9523076438904,0.11327994,87.11680405616761,-6,93.11680405616761,True
42785,6179,1791.39,retry,0.8875235,1589.9006730598212,8,1581.9006730598212,payment_link,0.89302367,1599.7536716991665,12,1587.7536716991665,0.0055001974,9.852998639345287,4,5.852998639345287,True
98805,4343,3193.92,email,0.46845424,1496.2053718185425,5,1491.2053718185425,payment_link,0.6671593,2130.853491897583,12,2118.853491897583,0.19870508,634.6481200790404,7,627.6481200790404,True
62973,26450,1016.54,retry,0.5103687,518.8102031731605,8,510.8102031731605,payment_link,0.60293615,612.9087125420571,12,600.9087125420571,0.092567444,94.09850936889654,4,90.09850936889654,True
41566,9894,961.24,email,0.54163104,520.6374237322807,5,515.6374237322807,payment_link,0.66350347,637.786073615551,12,625.786073615551,0.121872425,117.14864988327031,7,110.14864988327031,True
50858,83203,8460.05,whatsapp,0.46729547,3953.3430228143925,18,3935.3430228143925,human_escalation,0.62071437,5251.274575766921,250,5001.274575766921,0.1534189,1297.9315529525284,232,1065.9315529525284,True
4668,37074,1668.28,payment_link,0.5372968,896.3614587974548,12,884.3614587974548,human_escalation,0.6882564,1148.2043585348129,250,898.2043585348129,0.15095961,251.84289973735804,238,13.842899737358039,True
83945,99522,1466.87,voice_call,0.8158777,1196.786486608982,90,1106.786486608982,payment_link,0.86693656,1271.6832382881641,12,1259.6832382881641,0.05105889,74.89675167918222,-78,152.89675167918222,True
99395,24691,3835.88,retry,0.6578453,2523.4156996273996,8,2515.4156996273996,human_escalation,0.7866861,3017.633563258648,250,2767.633563258648,0.1288408,494.2178636312483,242,252.2178636312483,True
13901,23265,3505.52,retry,0.58493626,2050.505762281418,8,2042.505762281418,human_escalation,0.7500049,2629.157133512497,250,2379.157133512497,0.16506863,578.6513712310789,242,336.6513712310789,True
34502,80194,2323.68,retry,0.5334742,1239.6233451461792,8,1231.6233451461792,payment_link,0.5906008,1372.3672404384613,12,1360.3672404384613,0.05712658,132.7438952922821,4,128.7438952922821,True
89779,63995,1769.11,human_escalation,0.82806784,1464.9430949109792,250,1214.9430949109792,payment_link,0.75084215,1328.3223631089925,12,1316.3223631089925,-0.077225685,-136.62073180198672,-238,101.37926819801328,True
13103,33088,518.04,payment_link,0.5539155,286.9503859519958,12,274.9503859519958,payment_link,0.5539155,286.9503859519958,12,274.9503859519958,0.0,0.0,0,0.0,False
16255,17425,3786.25,retry,0.6536474,2474.872554540634,8,2466.872554540634,payment_link,0.69755787,2641.128472313285,12,2629.128472313285,0.043910444,166.25591777265072,4,162.25591777265072,True
38104,82347,963.21,retry,0.7221159,695.54923127532,8,687.54923127532,payment_link,0.7807232,752.0004071009159,12,740.0004071009159,0.05860734,56.4511758255959,4,52.4511758255959,True
82596,81541,1653.01,email,0.61891323,1023.0697637444734,5,1018.0697637444734,payment_link,0.7045403,1164.6121816188097,12,1152.6121816188097,0.08562708,141.54241787433625,7,134.54241787433625,True
27808,76819,3639.89,whatsapp,0.7246152,2637.519679495096,18,2619.519679495096,human_escalation,0.8490128,3090.3131718748805,250,2840.3131718748805,0.124397576,452.7934923797843,232,220.7934923797843,True
56040,60452,3646.46,retry,0.88996124,3245.2080729675295,8,3237.2080729675295,payment_link,0.93161285,3397.0889902234076,12,3385.0889902234076,0.041651607,151.8809172558781,4,147.8809172558781,True
25040,74565,2706.62,whatsapp,0.5663836,1532.985180068016,18,1514.985180068016,payment_link,0.5972533,1616.5377880191802,12,1604.5377880191802,0.030869722,83.55260795116419,-6,89.55260795116419,True
20964,69488,636.22,payment_link,0.79932106,508.5440418744087,12,496.5440418744087,payment_link,0.79932106,508.5440418744087,12,496.5440418744087,0.0,0.0,0,0.0,False
26483,58421,639.32,retry,0.7747694,495.3255890417099,8,487.3255890417099,payment_link,0.80290496,513.3132012605668,12,501.31320126056676,0.028135538,17.98761221885684,4,13.987612218856839,True
59856,49226,1125.71,human_escalation,0.6042548,680.215650870204,250,430.21565087020394,payment_link,0.62689376,705.7005731892586,12,693.7005731892586,0.022638977,25.484922319054704,-238,263.4849223190547,True
76017,50389,2152.38,payment_link,0.9104352,1959.6025152111054,12,1947.6025152111054,payment_link,0.9104352,1959.6025152111054,12,1947.6025152111054,0.0,0.0,0,0.0,False
52519,76136,1635.99,retry,0.7057174,1154.5465843838454,8,1146.5465843838454,payment_link,0.7514332,1229.3371905344725,12,1217.3371905344725,0.04571581,74.79060615062713,4,70.79060615062713,True
8404,50561,1739.87,retry,0.7000532,1218.001587228775,8,1210.001587228775,payment_link,0.77192855,1343.0553242230415,12,1331.0553242230415,0.071875334,125.0537369942665,4,121.0537369942665,True
48334,61015,5094.77,voice_call,0.7656221,3900.6684013241534,90,3810.6684013241534,human_escalation,0.90732974,4622.63632998407,250,4372.63632998407,0.14170766,721.9679286599162,160,561.9679286599162,True
14034,68940,1839.0,whatsapp,0.58507234,1075.9480306506157,18,1057.9480306506157,payment_link,0.6303147,1159.1487475633621,12,1147.1487475633621,0.04524237,83.20071691274643,-6,89.20071691274643,True
70839,47472,1040.44,whatsapp,0.66752034,694.5148669791222,18,676.5148669791222,payment_link,0.74793714,778.1837209057809,12,766.1837209057809,0.0804168,83.6688539266587,-6,89.6688539266587,True
55525,60327,1805.48,human_escalation,0.9002052,1625.3024753785135,250,1375.3024753785135,payment_link,0.85902643,1550.955042514801,12,1538.955042514801,-0.041178763,-74.34743286371236,-238,163.65256713628764,True
19748,1743,2599.69,whatsapp,0.7750664,2014.9323063278198,18,1996.9323063278198,payment_link,0.83012086,2158.056902511716,12,2146.056902511716,0.055054486,143.1245961838963,-6,149.1245961838963,True
10039,1718,1209.13,voice_call,0.7549269,912.8047867035866,90,822.8047867035866,payment_link,0.8882271,1073.982039638758,12,1061.982039638758,0.13330019,161.17725293517128,-78,239.17725293517128,True
10958,63963,3593.42,payment_link,0.8153345,2929.8392949736117,12,2917.8392949736117,payment_link,0.8153345,2929.8392949736117,12,2917.8392949736117,0.0,0.0,0,0.0,False
52404,90377,1678.83,human_escalation,0.8308185,1394.802979196906,250,1144.802979196906,payment_link,0.7277615,1221.7878508543968,12,1209.7878508543968,-0.10305697,-173.01512834250934,-238,64.98487165749066,True
13055,99245,593.24,retry,0.5567288,330.273781607151,8,322.273781607151,payment_link,0.6545785,388.32215346097945,12,376.32215346097945,0.09784973,58.04837185382843,4,54.04837185382843,True
51628,96293,805.28,payment_link,0.75473446,607.7725631618499,12,595.7725631618499,payment_link,0.75473446,607.7725631618499,12,595.7725631618499,0.0,0.0,0,0.0,False
96497,64357,9552.14,payment_link,0.74731165,7138.425520733595,12,7126.425520733595,payment_link,0.74731165,7138.425520733595,12,7126.425520733595,0.0,0.0,0,0.0,False
94999,22839,1326.46,retry,0.8598859,1140.6042129909993,8,1132.6042129909993,payment_link,0.910545,1207.8015094161035,12,1195.8015094161035,0.05065912,67.19729642510424,4,63.19729642510424,True
52272,66346,1255.76,retry,0.45889765,576.2653132677078,8,568.2653132677078,payment_link,0.5464121,686.162471666336,12,674.162471666336,0.08751446,109.89715839862822,4,105.89715839862822,True
20874,40635,1002.78,voice_call,0.54727733,548.798762333393,90,458.79876233339303,payment_link,0.6823745,684.271478433609,12,672.271478433609,0.13509715,135.47271610021596,-78,213.47271610021596,True
29744,37436,2464.14,payment_link,0.72978234,1798.2858624601363,12,1786.2858624601363,payment_link,0.72978234,1798.2858624601363,12,1786.2858624601363,0.0,0.0,0,0.0,False
1961,30657,3804.52,whatsapp,0.60653704,2307.5823148226737,18,2289.5823148226737,human_escalation,0.7162864,2725.1260137462614,250,2475.1260137462614,0.10974938,417.5436989235877,232,185.54369892358773,True
89310,13839,2681.36,email,0.45154777,1210.7621331048013,5,1205.7621331048013,payment_link,0.5789061,1552.2557108926774,12,1540.2557108926774,0.12735835,341.4935777878761,7,334.4935777878761,True
12067,61714,920.11,whatsapp,0.6655289,612.3597901713848,18,594.3597901713848,payment_link,0.7092364,652.5754887652397,12,640.5754887652397,0.04370749,40.21569859385488,-6,46.21569859385488,True
65048,49707,2558.9,payment_link,0.5937269,1519.2876963377,12,1507.2876963377,payment_link,0.5937269,1519.2876963377,12,1507.2876963377,0.0,0.0,0,0.0,False
37346,59749,842.47,retry,0.81755275,688.7636613684892,8,680.7636613684892,payment_link,0.8741759,736.4669756805897,12,724.4669756805897,0.05662316,47.703314312100474,4,43.703314312100474,True
13132,3315,373.66,retry,0.712288,266.15354231595995,8,258.15354231595995,email,0.73231244,273.63586665630345,5,268.63586665630345,0.020024419,7.482324340343496,-3,10.482324340343496,True
67475,31999,1747.46,retry,0.4964927,867.6011574643851,8,859.6011574643851,payment_link,0.56723136,991.214107273817,12,979.214107273817,0.07073864,123.61294980943194,4,119.61294980943194,True
21425,95985,5058.18,human_escalation,0.61526567,3112.124493724108,250,2862.124493724108,payment_link,0.6402191,3238.3434086394313,12,3226.3434086394313,0.024953425,126.21891491532324,-238,364.21891491532324,True
42617,75410,913.26,retry,0.57473284,524.8805135142803,8,516.8805135142803,payment_link,0.6130076,559.8353254115582,12,547.8353254115582,0.038274765,34.954811897277864,4,30.954811897277864,True
5353,87011,3254.11,voice_call,0.6863721,2233.530318583846,90,2143.530318583846,human_escalation,0.86848015,2826.12992767632,250,2576.12992767632,0.18210804,592.5996090924741,160,432.5996090924741,True
49925,65997,2972.79,voice_call,0.5664886,1684.0517154085635,90,1594.0517154085635,payment_link,0.6602722,1962.8505370563269,12,1950.8505370563269,0.09378356,278.79882164776336,-78,356.79882164776336,True
72984,22143,1496.47,email,0.588093,880.0635059243441,5,875.0635059243441,payment_link,0.66440344,994.2598137140275,12,982.2598137140275,0.076310456,114.19630778968337,7,107.19630778968337,True
59641,53707,3369.27,whatsapp,0.6776339,2283.131508153677,18,2265.131508153677,payment_link,0.6939602,2338.139248752594,12,2326.139248752594,0.016326308,55.00774059891728,-6,61.00774059891728,True
23797,42749,2262.61,retry,0.46120903,1043.5361610135437,8,1035.5361610135437,payment_link,0.58600193,1325.8938327676058,12,1313.8938327676058,0.1247929,282.35767175406204,4,278.35767175406204,True
14343,78723,1657.42,payment_link,0.64769554,1073.5035441970826,12,1061.5035441970826,payment_link,0.64769554,1073.5035441970826,12,1061.5035441970826,0.0,0.0,0,0.0,False
83272,17620,2115.36,email,0.46367246,980.8341731357575,5,975.8341731357575,payment_link,0.62588215,1323.9660621643068,12,1311.9660621643068,0.16220969,343.13188902854927,7,336.13188902854927,True
8559,16406,3473.68,retry,0.5018795,1743.3688276338576,8,1735.3688276338576,human_escalation,0.6399616,2223.0218117427826,250,1973.0218117427826,0.13808209,479.652984108925,242,237.652984108925,True
51705,48372,18065.82,retry,0.5861958,10590.108286850453,8,10582.108286850453,human_escalation,0.738355,13338.988181866407,250,13088.988181866407,0.15215915,2748.8798950159544,242,2506.8798950159544,True
10755,5098,2867.01,retry,0.87114185,2497.5723980873827,8,2489.5723980873827,payment_link,0.9238381,2648.6530108040574,12,2636.6530108040574,0.052696228,151.08061271667475,4,147.08061271667475,True
10938,5899,1899.55,voice_call,0.79995936,1519.562805238366,90,1429.562805238366,payment_link,0.9063023,1721.5664831966162,12,1709.5664831966162,0.10634291,202.00367795825014,-78,280.00367795825014,True
22841,3788,3976.55,email,0.6078869,2417.2926937043667,5,2412.2926937043667,payment_link,0.7017358,2790.487473794818,12,2778.487473794818,0.093848884,373.19478009045133,7,366.19478009045133,True
89773,84301,1282.77,retry,0.83298236,1068.5247836261988,8,1060.5247836261988,payment_link,0.9075099,1164.1265039026737,12,1152.1265039026737,0.07452756,95.60172027647491,4,91.60172027647491,True
76544,78956,694.98,voice_call,0.55031395,382.45718868255614,90,292.45718868255614,email,0.5892577,409.52232825279236,5,404.52232825279236,0.038943768,27.065139570236227,-85,112.06513957023623,True
17210,31676,1173.76,whatsapp,0.64687365,759.2744188690185,18,741.2744188690185,payment_link,0.6796885,797.7911893463134,12,785.7911893463134,0.03281486,38.516770477294926,-6,44.516770477294926,True
15656,4613,2048.55,email,0.8677434,1777.6156865894795,5,1772.6156865894795,payment_link,0.9201187,1884.9091414511206,12,1872.9091414511206,0.052375317,107.29345486164107,7,100.29345486164107,True
44375,92199,1768.09,email,0.6912289,1222.1549520927667,5,1217.1549520927667,payment_link,0.754759,1334.4818644493819,12,1322.4818644493819,0.06353009,112.32691235661514,7,105.32691235661514,True
53723,78046,1303.17,payment_link,0.92221844,1201.807407013178,12,1189.807407013178,payment_link,0.92221844,1201.807407013178,12,1189.807407013178,0.0,0.0,0,0.0,False
41095,50227,701.96,retry,0.65291744,458.3219294857979,8,450.3219294857979,payment_link,0.7183496,504.2526683664322,12,492.2526683664322,0.06543213,45.930738880634294,4,41.930738880634294,True
71949,17718,1726.05,payment_link,0.5134806,886.2931960076094,12,874.2931960076094,payment_link,0.5134806,886.2931960076094,12,874.2931960076094,0.0,0.0,0,0.0,False
65230,71953,1800.43,payment_link,0.6168651,1110.6224292498828,12,1098.6224292498828,payment_link,0.6168651,1110.6224292498828,12,1098.6224292498828,0.0,0.0,0,0.0,False
39248,71837,1707.83,payment_link,0.7066832,1206.8948010152578,12,1194.8948010152578,payment_link,0.7066832,1206.8948010152578,12,1194.8948010152578,0.0,0.0,0,0.0,False
14184,85675,3347.93,email,0.43410748,1453.3614636629818,5,1448.3614636629818,payment_link,0.57516515,1925.6126691758632,12,1913.6126691758632,0.14105767,472.25120551288137,7,465.25120551288137,True
58963,94140,1735.95,human_escalation,0.58942187,1023.2068923175335,250,773.2068923175335,payment_link,0.59935313,1040.4470740646125,12,1028.4470740646125,0.009931266,17.240181747078964,-238,255.24018174707896,True
7862,29129,4603.57,whatsapp,0.8476153,3902.0563740283246,18,3884.0563740283246,payment_link,0.8986697,4137.088961501121,12,4125.088961501121,0.051054418,235.03258747279642,-6,241.03258747279642,True
45795,50345,2545.48,whatsapp,0.5401726,1374.9984910583496,18,1356.9984910583496,human_escalation,0.73457944,1869.8572829389573,250,1619.8572829389573,0.19440687,494.85879188060767,232,262.85879188060767,True
54257,97034,2439.62,voice_call,0.39387146,960.8966824251413,90,870.8966824251413,payment_link,0.5305968,1294.4545474016666,12,1282.4545474016666,0.13672534,333.55786497652525,-78,411.55786497652525,True
31568,64233,900.73,voice_call,0.750684,676.1636199498176,90,586.1636199498176,payment_link,0.8700713,783.6993147742749,12,771.6993147742749,0.11938727,107.53569482445721,-78,185.5356948244572,True
8833,89523,3801.08,email,0.625137,2376.195639529228,5,2371.195639529228,payment_link,0.70948017,2696.7908710336683,12,2684.7908710336683,0.084343195,320.5952315044401,7,313.5952315044401,True
28397,4960,717.39,whatsapp,0.8370251,600.473440759778,18,582.473440759778,payment_link,0.84848756,608.6964877849817,12,596.6964877849817,0.01146245,8.223047025203755,-6,14.223047025203755,True
64806,82271,1888.26,retry,0.8767126,1655.4613723289967,8,1647.4613723289967,payment_link,0.9070195,1712.6886334490775,12,1700.6886334490775,0.030306876,57.22726112008081,4,53.22726112008081,True
24786,33818,1910.55,payment_link,0.87244403,1666.847948437929,12,1654.847948437929,payment_link,0.87244403,1666.847948437929,12,1654.847948437929,0.0,0.0,0,0.0,False
54366,2646,942.57,whatsapp,0.5534044,521.6223766475916,18,503.62237664759164,payment_link,0.60838324,573.4437889391185,12,561.4437889391185,0.054978848,51.821412291526826,-6,57.821412291526826,True
8024,30415,1380.52,retry,0.5561061,767.7155801200867,8,759.7155801200867,payment_link,0.6567102,906.6015756058692,12,894.6015756058692,0.10060412,138.8859954857826,4,134.8859954857826,True
4386,30996,1800.48,voice_call,0.8458568,1522.9482256507874,90,1432.9482256507874,whatsapp,0.86096054,1550.1422387409211,18,1532.1422387409211,0.015103757,27.194013090133694,-72,99.1940130901337,True
90786,82742,2163.91,payment_link,0.6829852,1477.9184750854968,12,1465.9184750854968,payment_link,0.6829852,1477.9184750854968,12,1465.9184750854968,0.0,0.0,0,0.0,False
81772,34291,1541.26,whatsapp,0.6731866,1037.5555794370175,18,1019.5555794370175,payment_link,0.70045346,1079.580900093317,12,1067.580900093317,0.02726686,42.02532065629953,-6,48.02532065629953,True
18009,37320,1909.16,voice_call,0.68652356,1310.6833135271072,90,1220.6833135271072,payment_link,0.8641621,1649.8236908578874,12,1637.8236908578874,0.17763853,339.1403773307802,-78,417.1403773307802,True
62138,95974,4459.65,whatsapp,0.4365058,1946.6630665540695,18,1928.6630665540695,payment_link,0.5533959,2467.9521456331013,12,2455.9521456331013,0.11689013,521.2890790790318,-6,527.2890790790318,True
43548,37386,1755.98,voice_call,0.7096279,1246.0924461114407,90,1156.0924461114407,payment_link,0.7561733,1327.825213571787,12,1315.825213571787,0.046545386,81.73276746034617,-78,159.73276746034617,True
46018,79749,712.16,payment_link,0.7028368,500.5322637081146,12,488.5322637081146,payment_link,0.7028368,500.5322637081146,12,488.5322637081146,0.0,0.0,0,0.0,False
13755,24860,891.37,whatsapp,0.73245066,652.8845484083892,18,634.8845484083892,payment_link,0.7426386,661.9657581424714,12,649.9657581424714,0.010187924,9.081209734082222,-6,15.081209734082222,True
12849,41700,968.04,email,0.48669624,471.141431350708,5,466.141431350708,payment_link,0.5807844,562.2225116372108,12,550.2225116372108,0.09408814,91.08108028650281,7,84.08108028650281,True
95602,96547,3220.6,whatsapp,0.5834825,1879.1637520313263,18,1861.1637520313263,payment_link,0.66285086,2134.7774693489073,12,2122.7774693489073,0.07936835,255.61371731758095,-6,261.61371731758095,True
92165,29189,1593.36,retry,0.69799376,1112.1553300094604,8,1104.1553300094604,whatsapp,0.7544839,1202.164432826042,18,1184.164432826042,0.056490123,90.00910281658162,10,80.00910281658162,True
98538,75884,983.35,payment_link,0.72376865,711.7179034382106,12,699.7179034382106,payment_link,0.72376865,711.7179034382106,12,699.7179034382106,0.0,0.0,0,0.0,False
79368,61463,1770.02,whatsapp,0.7743231,1370.567383749485,18,1352.567383749485,whatsapp,0.7743231,1370.567383749485,18,1352.567383749485,0.0,0.0,0,0.0,False
88090,84931,1763.27,email,0.7209152,1271.1681417524815,5,1266.1681417524815,payment_link,0.7865274,1386.8601602196693,12,1374.8601602196693,0.0656122,115.69201846718784,7,108.69201846718784,True
98806,72680,1033.66,retry,0.59133327,611.2375479435922,8,603.2375479435922,payment_link,0.7117847,735.7433941102029,12,723.7433941102029,0.12045145,124.5058461666107,4,120.5058461666107,True
21184,11262,749.58,payment_link,0.5822449,436.4391119384766,12,424.4391119384766,payment_link,0.5822449,436.4391119384766,12,424.4391119384766,0.0,0.0,0,0.0,False
39365,3172,3599.89,whatsapp,0.6870038,2473.138078379035,18,2455.138078379035,human_escalation,0.8120404,2923.2560744601487,250,2673.2560744601487,0.1250366,450.1179960811137,232,218.1179960811137,True
82755,66494,747.69,retry,0.71498036,534.5836682438851,8,526.5836682438851,payment_link,0.7714855,576.8319990938902,12,564.8319990938902,0.056505144,42.24833085000512,4,38.24833085000512,True
51905,34629,172.52,payment_link,0.8438495,145.5809123158455,12,133.5809123158455,payment_link,0.8438495,145.5809123158455,12,133.5809123158455,0.0,0.0,0,0.0,False
12456,15299,954.8,retry,0.5282565,504.3792832136154,8,496.3792832136154,payment_link,0.5542207,529.1699018478394,12,517.1699018478394,0.0259642,24.79061863422396,4,20.79061863422396,True
89647,67341,1400.55,whatsapp,0.7816431,1094.730233386159,18,1076.730233386159,payment_link,0.8108944,1135.6981934934854,12,1123.6981934934854,0.029251337,40.96796010732646,-6,46.96796010732646,True
63581,4761,7401.94,whatsapp,0.6966308,5156.419205576181,18,5138.419205576181,human_escalation,0.78198034,5788.171526123285,250,5538.171526123285,0.08534956,631.7523205471034,232,399.7523205471034,True
94753,53716,832.82,whatsapp,0.7528218,626.9650540518761,18,608.9650540518761,payment_link,0.79901475,665.4354617154598,12,653.4354617154598,0.046192944,38.47040766358373,-6,44.47040766358373,True
6523,18900,1156.62,human_escalation,0.8755847,1012.7188006567955,250,762.7188006567955,payment_link,0.82181567,950.5284396994113,12,938.5284396994113,-0.053769052,-62.1903609573842,-238,175.8096390426158,True
18321,90022,4157.05,whatsapp,0.36488277,1516.8359073907138,18,1498.8359073907138,human_escalation,0.54804903,2278.267231336236,250,2028.267231336236,0.18316627,761.4313239455221,232,529.4313239455221,True
5315,14415,600.82,whatsapp,0.66527385,399.7098316705227,18,381.7098316705227,payment_link,0.7109483,427.151950660944,12,415.151950660944,0.045674443,27.442118990421307,-6,33.44211899042131,True
23807,51003,1832.0,payment_link,0.6262125,1147.2212591171265,12,1135.2212591171265,payment_link,0.6262125,1147.2212591171265,12,1135.2212591171265,0.0,0.0,0,0.0,False
30148,38788,1206.21,payment_link,0.9135352,1101.9152667027713,12,1089.9152667027713,payment_link,0.9135352,1101.9152667027713,12,1089.9152667027713,0.0,0.0,0,0.0,False
68630,64496,1190.22,retry,0.5059263,602.1636138975621,8,594.1636138975621,payment_link,0.5363208,638.3397491812706,12,626.3397491812706,0.030394495,36.176135283708504,4,32.176135283708504,True
23345,73481,703.11,payment_link,0.6553343,460.7720953434706,12,448.7720953434706,payment_link,0.6553343,460.7720953434706,12,448.7720953434706,0.0,0.0,0,0.0,False
54903,64802,1687.79,email,0.8554386,1443.8006979000568,5,1438.8006979000568,payment_link,0.93654656,1580.6939254260062,12,1568.6939254260062,0.081107974,136.89322752594944,7,129.89322752594944,True
7310,35845,844.96,payment_link,0.90788996,767.130702457428,12,755.130702457428,payment_link,0.90788996,767.130702457428,12,755.130702457428,0.0,0.0,0,0.0,False
12820,90716,873.91,retry,0.7689467,671.9902169317007,8,663.9902169317007,payment_link,0.87965304,768.7375852102041,12,756.7375852102041,0.11070633,96.74736827850336,4,92.74736827850336,True
18343,85506,2515.06,retry,0.84744775,2131.381945540905,8,2123.381945540905,payment_link,0.92303425,2321.486522656679,12,2309.486522656679,0.0755865,190.1045771157742,4,186.1045771157742,True
27653,59764,2735.17,retry,0.63270223,1730.548162277937,8,1722.548162277937,payment_link,0.6922838,1893.5139063686133,12,1881.5139063686133,0.059581578,162.96574409067625,4,158.96574409067625,True
7498,3564,3039.94,payment_link,0.8256916,2510.0528640532493,12,2498.0528640532493,payment_link,0.8256916,2510.0528640532493,12,2498.0528640532493,0.0,0.0,0,0.0,False
90388,62525,2935.42,email,0.6806683,1998.047324835062,5,1993.047324835062,payment_link,0.7381182,2166.686843547821,12,2154.686843547821,0.057449877,168.6395187127589,7,161.6395187127589,True
26950,88686,731.04,whatsapp,0.72308666,528.6052683734894,18,510.60526837348937,payment_link,0.74201745,542.4444351482391,12,530.4444351482391,0.018930793,13.839166774749742,-6,19.839166774749742,True
63665,76172,1644.2,whatsapp,0.8848596,1454.886189711094,18,1436.886189711094,payment_link,0.8833638,1452.4267325997353,12,1440.4267325997353,-0.0014958382,-2.459457111358688,-6,3.540542888641312,True
35417,30215,602.98,retry,0.5852197,352.87576340794567,8,344.87576340794567,payment_link,0.65161765,392.91240831613544,12,380.91240831613544,0.066397965,40.03664490818977,4,36.03664490818977,True
27819,96180,1999.65,retry,0.6542876,1308.3461526989938,8,1300.3461526989938,payment_link,0.70429236,1408.3382116109133,12,1396.3382116109133,0.05000478,99.99205891191946,4,95.99205891191946,True
75153,63574,1220.54,payment_link,0.75659025,923.448660261631,12,911.448660261631,payment_link,0.75659025,923.448660261631,12,911.448660261631,0.0,0.0,0,0.0,False
72430,51710,1710.29,payment_link,0.89893883,1537.4460995429754,12,1525.4460995429754,payment_link,0.89893883,1537.4460995429754,12,1525.4460995429754,0.0,0.0,0,0.0,False
49455,53195,597.76,voice_call,0.62692577,374.7511461639404,90,284.7511461639404,payment_link,0.7499774,448.3064965057373,12,436.3064965057373,0.12305164,73.5553503417969,-78,151.5553503417969,True
8349,72878,1948.7,voice_call,0.54109967,1054.440922152996,90,964.4409221529961,payment_link,0.5998175,1168.8643903493883,12,1156.8643903493883,0.058717847,114.42346819639215,-78,192.42346819639215,True
37948,72824,723.46,whatsapp,0.78137356,565.292516027689,18,547.292516027689,payment_link,0.7975149,576.9701407432557,12,564.9701407432557,0.016141355,11.677624715566708,-6,17.677624715566708,True
51734,38339,2335.4,whatsapp,0.8556885,1998.374951684475,18,1980.374951684475,payment_link,0.9227057,2154.886914980412,12,2142.886914980412,0.0670172,156.51196329593677,-6,162.51196329593677,True
73770,72879,2630.35,retry,0.5124561,1347.9389527708292,8,1339.9389527708292,payment_link,0.5857407,1540.7030120074749,12,1528.7030120074749,0.07328457,192.7640592366456,4,188.7640592366456,True
84276,7331,2905.46,payment_link,0.57320905,1665.4359586191179,12,1653.4359586191179,payment_link,0.57320905,1665.4359586191179,12,1653.4359586191179,0.0,0.0,0,0.0,False
21937,1502,4471.08,whatsapp,0.8031867,3591.112056133747,18,3573.112056133747,human_escalation,0.91584116,4094.7991035103796,250,3844.7991035103796,0.11265445,503.68704737663256,232,271.68704737663256,True
54886,75271,1740.42,human_escalation,0.9043289,1573.9120740187168,250,1323.9120740187168,payment_link,0.8587493,1494.584405257702,12,1482.584405257702,-0.045579612,-79.32766876101482,-238,158.67233123898518,True
32139,21713,1209.7,retry,0.8481662,1026.0266852140428,8,1018.0266852140428,payment_link,0.89392143,1081.376759773493,12,1069.376759773493,0.045755208,55.35007455945015,4,51.35007455945015,True
27031,21833,4026.04,payment_link,0.68616563,2762.5302762961387,12,2750.5302762961387,payment_link,0.68616563,2762.5302762961387,12,2750.5302762961387,0.0,0.0,0,0.0,False
48258,36376,4777.9,retry,0.8648766,4132.294040548801,8,4124.294040548801,payment_link,0.9096684,4346.304581385851,12,4334.304581385851,0.044791758,214.01054083705003,4,210.01054083705003,True
67084,97647,1251.78,payment_link,0.74666977,934.6662837982177,12,922.6662837982177,payment_link,0.74666977,934.6662837982177,12,922.6662837982177,0.0,0.0,0,0.0,False
17425,22580,1372.85,retry,0.6789006,932.0286879956722,8,924.0286879956722,payment_link,0.7342181,1007.9713468313216,12,995.9713468313216,0.05531752,75.94265883564947,4,71.94265883564947,True
10187,18050,1784.03,whatsapp,0.78386754,1398.4432037740946,18,1380.4432037740946,payment_link,0.8116746,1448.0518275022507,12,1436.0518275022507,0.027807057,49.60862372815609,-6,55.60862372815609,True
88822,3298,1647.22,human_escalation,0.79389346,1307.7171793484688,250,1057.7171793484688,payment_link,0.78651935,1295.5704014360904,12,1283.5704014360904,-0.007374108,-12.146777912378411,-238,225.8532220876216,True
43006,31303,2240.5,human_escalation,0.94173783,2109.963609546423,250,1859.963609546423,payment_link,0.9256251,2073.8630048036575,12,2061.8630048036575,-0.016112745,-36.10060474276543,-238,201.89939525723457,True
26876,33538,2192.51,whatsapp,0.5047312,1106.6281556987763,18,1088.6281556987763,payment_link,0.57610047,1263.1060384881498,12,1251.1060384881498,0.07136929,156.47788278937355,-6,162.47788278937355,True
58563,42290,2301.29,payment_link,0.66635466,1533.4753068113328,12,1521.4753068113328,payment_link,0.66635466,1533.4753068113328,12,1521.4753068113328,0.0,0.0,0,0.0,False
56945,25299,2022.36,human_escalation,0.7672323,1551.619911904335,250,1301.619911904335,payment_link,0.71527123,1446.5359338283538,12,1434.5359338283538,-0.051961064,-105.08397807598112,-238,132.91602192401888,True
28984,60093,6091.19,retry,0.80891496,4927.254711734652,8,4919.254711734652,human_escalation,0.9183724,5593.980734412669,250,5343.980734412669,0.10945743,666.7260226780172,242,424.7260226780172,True
14084,6106,2684.2,whatsapp,0.8228649,2208.733938002586,18,2190.733938002586,payment_link,0.86322695,2317.073779642582,12,2305.073779642582,0.04036206,108.33984163999594,-6,114.33984163999594,True
70943,93497,4155.92,payment_link,0.68603975,2851.1263003969193,12,2839.1263003969193,human_escalation,0.779795,3240.765599064827,250,2990.765599064827,0.093755245,389.6392986679075,238,151.6392986679075,True
93523,84918,2325.86,retry,0.71070534,1653.001121879816,8,1645.001121879816,payment_link,0.75467384,1755.265694282055,12,1743.265694282055,0.0439685,102.26457240223885,4,98.26457240223885,True
99164,87431,2763.05,payment_link,0.6076845,1679.0626385629178,12,1667.0626385629178,payment_link,0.6076845,1679.0626385629178,12,1667.0626385629178,0.0,0.0,0,0.0,False
71560,80094,1286.18,voice_call,0.4895318,629.6259915524721,90,539.6259915524721,payment_link,0.62786597,807.5486534678936,12,795.5486534678936,0.13833418,177.9226619154215,-78,255.9226619154215,True
1856,80869,2167.79,whatsapp,0.7320864,1587.0096205401421,18,1569.0096205401421,payment_link,0.74435765,1613.6110603636503,12,1601.6110603636503,0.012271225,26.601439823508144,-6,32.601439823508144,True
53750,83174,733.44,payment_link,0.52487254,384.962516784668,12,372.962516784668,retry,0.62315327,457.04553382873536,8,449.04553382873536,0.09828073,72.08301704406733,-4,76.08301704406733,True
9687,97408,2585.46,payment_link,0.67409337,1742.8414332032205,12,1730.8414332032205,payment_link,0.67409337,1742.8414332032205,12,1730.8414332032205,0.0,0.0,0,0.0,False
29381,78409,2107.5,payment_link,0.8234375,1735.3945563733578,12,1723.3945563733578,payment_link,0.8234375,1735.3945563733578,12,1723.3945563733578,0.0,0.0,0,0.0,False
41327,99819,2476.15,payment_link,0.6104255,1511.5050331354141,12,1499.5050331354141,payment_link,0.6104255,1511.5050331354141,12,1499.5050331354141,0.0,0.0,0,0.0,False
63046,91828,1436.38,whatsapp,0.51985735,746.7126961004734,18,728.7126961004734,payment_link,0.59247005,851.0121302151681,12,839.0121302151681,0.0726127,104.29943411469469,-6,110.29943411469469,True
94275,35696,1702.99,payment_link,0.62211466,1059.4550420331955,12,1047.4550420331955,payment_link,0.62211466,1059.4550420331955,12,1047.4550420331955,0.0,0.0,0,0.0,False
23713,5991,3187.78,whatsapp,0.7507191,2393.1272383499145,18,2375.1272383499145,payment_link,0.7758521,2473.24575684309,12,2461.24575684309,0.025133014,80.11851849317554,-6,86.11851849317554,True
21819,2659,1080.7,whatsapp,0.50351447,544.1480862915516,18,526.1480862915516,payment_link,0.526594,569.0901176154614,12,557.0901176154614,0.023079515,24.94203132390976,-6,30.94203132390976,True
20345,16979,869.21,payment_link,0.7961614,692.0314619612694,12,680.0314619612694,payment_link,0.7961614,692.0314619612694,12,680.0314619612694,0.0,0.0,0,0.0,False
29812,32308,1534.28,retry,0.6296281,966.0258347964286,8,958.0258347964286,whatsapp,0.66033065,1013.1321145772934,18,995.1321145772934,0.030702531,47.106279780864725,10,37.106279780864725,True
21783,21308,3578.66,voice_call,0.6636806,2375.0872626650334,90,2285.0872626650334,human_escalation,0.8172821,2924.7746907401083,250,2674.7746907401083,0.15360147,549.6874280750749,160,389.6874280750749,True
98079,57148,1919.83,retry,0.57989573,1113.301228516102,8,1105.301228516102,payment_link,0.6179885,1186.4329134470224,12,1174.4329134470224,0.038092792,73.13168493092053,4,69.13168493092053,True
47317,29587,3870.66,retry,0.85042936,3291.722891474962,8,3283.722891474962,payment_link,0.92250925,3570.719665313959,12,3558.719665313959,0.0720799,278.9967738389969,4,274.9967738389969,True
72468,46076,5216.43,retry,0.8624836,4499.085433233977,8,4491.085433233977,payment_link,0.9178569,4787.936123233438,12,4775.936123233438,0.05537325,288.8506899994609,4,284.8506899994609,True
25982,13494,3370.1,retry,0.69148314,2330.367330086231,8,2322.367330086231,payment_link,0.73959476,2492.50829244256,12,2480.50829244256,0.048111618,162.14096235632906,4,158.14096235632906,True
73404,21887,2858.66,voice_call,0.54975307,1571.55711073637,90,1481.55711073637,payment_link,0.64920115,1855.8453729200362,12,1843.8453729200362,0.099448085,284.2882621836661,-78,362.2882621836661,True
41158,24619,2633.68,retry,0.63920224,1683.4541478824615,8,1675.4541478824615,payment_link,0.72488916,1909.1260808086395,12,1897.1260808086395,0.08568692,225.671932926178,4,221.671932926178,True
40042,55980,7016.63,retry,0.5177276,3632.703104355335,8,3624.703104355335,human_escalation,0.664891,4665.294169342518,250,4415.294169342518,0.14716339,1032.591064987183,242,790.591064987183,True
19707,43728,1146.62,payment_link,0.74122417,849.9024574971198,12,837.9024574971198,payment_link,0.74122417,849.9024574971198,12,837.9024574971198,0.0,0.0,0,0.0,False
80609,50424,440.93,email,0.48416993,213.4850473317504,5,208.4850473317504,payment_link,0.6938975,305.9602183842659,12,293.9602183842659,0.20972756,92.47517105251549,7,85.47517105251549,True
69127,59999,1496.68,voice_call,0.7146791,1069.6459482717514,90,979.6459482717514,whatsapp,0.8116791,1214.8239125537873,18,1196.8239125537873,0.097,145.17796428203587,-72,217.17796428203587,True
51110,90683,3397.06,human_escalation,0.75920045,2579.0494934439657,250,2329.0494934439657,payment_link,0.72087914,2448.8696828901766,12,2436.8696828901766,-0.038321316,-130.17981055378914,-238,107.82018944621086,True
78636,37124,1584.1,payment_link,0.7565344,1198.426139241457,12,1186.426139241457,whatsapp,0.76920533,1218.4981661081313,18,1200.4981661081313,0.012670934,20.072026866674378,6,14.072026866674378,True
65223,85506,1943.4,retry,0.85531867,1662.226294541359,8,1654.226294541359,payment_link,0.92724186,1802.0018342614176,12,1790.0018342614176,0.0719232,139.77553972005853,4,135.77553972005853,True
68460,60988,2465.79,voice_call,0.6657657,1641.6384121209383,90,1551.6384121209383,payment_link,0.73471016,1811.6409578257799,12,1799.6409578257799,0.068944454,170.00254570484162,-78,248.00254570484162,True
19768,52255,3184.67,whatsapp,0.6505504,2071.7884221524,18,2053.7884221524,human_escalation,0.8023029,2555.0699669140577,250,2305.0699669140577,0.15175247,483.28154476165764,232,251.28154476165764,True
23924,46149,3234.16,whatsapp,0.5059771,1636.4108788919448,18,1618.4108788919448,human_escalation,0.7049652,2279.9701677846906,250,2029.9701677846906,0.19898808,643.5592888927458,232,411.5592888927458,True
28871,20821,2499.81,payment_link,0.9200945,2300.0614071750642,12,2288.0614071750642,payment_link,0.9200945,2300.0614071750642,12,2288.0614071750642,0.0,0.0,0,0.0,False
71777,78940,2260.48,email,0.7324122,1655.6031729125978,5,1650.6031729125978,payment_link,0.7958597,1799.0249221801757,12,1787.0249221801757,0.063447475,143.42174926757798,7,136.42174926757798,True
5373,23332,2365.26,email,0.596087,1409.9006877422335,5,1404.9006877422335,payment_link,0.6891588,1630.0397368168833,12,1618.0397368168833,0.09307182,220.13904907464985,7,213.13904907464985,True
34391,42656,966.53,whatsapp,0.73577905,711.1525223088264,18,693.1525223088264,payment_link,0.7378525,713.1565901535749,12,701.1565901535749,0.0020734668,2.0040678447485334,-6,8.004067844748533,True
85272,85451,1845.43,payment_link,0.9173597,1692.923129144907,12,1680.923129144907,payment_link,0.9173597,1692.923129144907,12,1680.923129144907,0.0,0.0,0,0.0,False
12158,37501,1450.42,retry,0.7064397,1024.6342318189145,8,1016.6342318189145,whatsapp,0.74172807,1075.8172235155107,18,1057.8172235155107,0.035288393,51.18299169659622,10,41.18299169659622,True
9844,76713,2187.68,retry,0.7836113,1714.2907635498045,8,1706.2907635498045,payment_link,0.8602247,1881.8964237976072,12,1869.8964237976072,0.076613426,167.6056602478027,4,163.6056602478027,True
12808,62621,858.79,voice_call,0.4838577,415.5321467012167,90,325.5321467012167,payment_link,0.5918673,508.289742347002,12,496.289742347002,0.10800964,92.75759564578533,-78,170.75759564578533,True
76794,95359,1284.0,email,0.78991497,1014.2508158683777,5,1009.2508158683777,payment_link,0.867208,1113.4950771331787,12,1101.4950771331787,0.07729304,99.24426126480103,7,92.24426126480103,True
92553,18708,1219.09,whatsapp,0.89837384,1095.1985673356055,18,1077.1985673356055,payment_link,0.9182614,1119.4433008611202,12,1107.4433008611202,0.019887567,24.244733525514675,-6,30.244733525514675,True
52776,83759,2927.88,whatsapp,0.8957209,2622.5633060717582,18,2604.5633060717582,payment_link,0.9072229,2656.239862382412,12,2644.239862382412,0.0115020275,33.67655631065372,-6,39.67655631065372,True
31976,83866,669.95,retry,0.81281227,544.5435794383288,8,536.5435794383288,payment_link,0.85834056,575.045259103179,12,563.045259103179,0.045528293,30.501679664850144,4,26.501679664850144,True
51032,12784,1071.25,human_escalation,0.58154684,622.982055619359,250,372.982055619359,payment_link,0.5768066,617.9040754586458,12,605.9040754586458,-0.004740238,-5.077980160713196,-238,232.9220198392868,True
36623,50504,1686.19,payment_link,0.617605,1041.3993259358406,12,1029.3993259358406,payment_link,0.617605,1041.3993259358406,12,1029.3993259358406,0.0,0.0,0,0.0,False
47699,31616,2690.34,whatsapp,0.5565216,1497.23230661273,18,1479.23230661273,payment_link,0.5868542,1578.837380719185,12,1566.837380719185,0.030332625,81.60507410645482,-6,87.60507410645482,True
11788,25306,1075.81,whatsapp,0.8392802,902.90601914227,18,884.90601914227,payment_link,0.88758665,954.8745974141359,12,942.8745974141359,0.048306465,51.96857827186591,-6,57.96857827186591,True
4513,20110,2281.42,retry,0.8667367,1977.390465091467,8,1969.390465091467,payment_link,0.9279544,2117.0536719095708,12,2105.0536719095708,0.061217666,139.66320681810384,4,135.66320681810384,True
18317,58367,391.66,voice_call,0.6308968,247.0970433187485,90,157.0970433187485,payment_link,0.83135164,325.60718247652056,12,313.60718247652056,0.20045483,78.51013915777207,-78,156.51013915777207,True
52826,21287,2044.6,retry,0.5158146,1054.6345360159874,8,1046.6345360159874,payment_link,0.5796416,1185.1351756572724,12,1173.1351756572724,0.06382698,130.50063964128503,4,126.50063964128503,True
74698,90204,2834.29,whatsapp,0.5313038,1505.8691124743223,18,1487.8691124743223,payment_link,0.57890016,1640.770929966569,12,1628.770929966569,0.047596335,134.90181749224666,-6,140.90181749224666,True
41176,91207,564.26,retry,0.68660194,387.42200886845586,8,379.42200886845586,payment_link,0.7668326,432.6929572916031,12,420.6929572916031,0.08023065,45.27094842314722,4,41.27094842314722,True
24420,92323,906.11,email,0.76581514,693.912755433321,5,688.912755433321,payment_link,0.9234557,836.7524580812454,12,824.7524580812454,0.15764058,142.83970264792447,7,135.83970264792447,True
35502,4432,381.75,retry,0.49806103,190.13479862362146,8,182.13479862362146,payment_link,0.5562783,212.35923658311367,12,200.35923658311367,0.058217257,22.224437959492207,4,18.224437959492207,True
33151,25128,1735.13,human_escalation,0.9457674,1641.0293933582307,250,1391.0293933582307,payment_link,0.9366573,1625.2221974885465,12,1613.2221974885465,-0.009110093,-15.807195869684165,-238,222.19280413031584,True
39248,71837,1707.83,human_escalation,0.7809434,1333.718556075096,250,1083.718556075096,payment_link,0.7066832,1206.8948010152578,12,1194.8948010152578,-0.074260175,-126.82375505983828,-238,111.17624494016172,True
67781,24738,6089.34,voice_call,0.4338205,2641.6804386377335,90,2551.6804386377335,human_escalation,0.7243968,4411.098561351299,250,4161.098561351299,0.29057634,1769.418122713566,160,1609.418122713566,True
38135,64796,1452.85,payment_link,0.6093821,885.3407737463713,12,873.3407737463713,payment_link,0.6093821,885.3407737463713,12,873.3407737463713,0.0,0.0,0,0.0,False
16175,79288,2249.27,retry,0.7377096,1659.3080311721562,8,1651.3080311721562,payment_link,0.7714731,1735.251321504712,12,1723.251321504712,0.033763528,75.94329033255576,4,71.94329033255576,True
69343,52208,2879.57,human_escalation,0.8600828,2476.668643245101,250,2226.668643245101,payment_link,0.80520654,2318.6485884594917,12,2306.6485884594917,-0.054876268,-158.02005478560932,-238,79.97994521439068,True
91067,80808,592.28,whatsapp,0.8507768,503.8980781126022,18,485.8980781126022,payment_link,0.88154995,522.1244070005416,12,510.1244070005416,0.030773163,18.226328887939417,-6,24.226328887939417,True
94491,76401,1865.64,voice_call,0.7638291,1425.030144610405,90,1335.030144610405,payment_link,0.83286995,1553.8354878401758,12,1541.8354878401758,0.069040835,128.80534322977087,-78,206.80534322977087,True
20288,20377,1938.67,payment_link,0.9284636,1799.9844851958753,12,1787.9844851958753,payment_link,0.9284636,1799.9844851958753,12,1787.9844851958753,0.0,0.0,0,0.0,False
49771,38922,902.8,voice_call,0.5008092,452.13053913116454,90,362.13053913116454,payment_link,0.65678596,592.9463691711426,12,580.9463691711426,0.15597677,140.81583003997804,-78,218.81583003997804,True
99293,63033,458.13,payment_link,0.45480835,208.36135139107705,12,196.36135139107705,payment_link,0.45480835,208.36135139107705,12,196.36135139107705,0.0,0.0,0,0.0,False
99907,86074,4334.88,retry,0.66029125,2862.283353395462,8,2854.283353395462,payment_link,0.7117275,3085.2533050346374,12,3073.2533050346374,0.051436245,222.96995163917518,4,218.96995163917518,True
37242,3587,1004.15,retry,0.6790873,681.9054934442044,8,673.9054934442044,payment_link,0.7219656,724.9617682665586,12,712.9617682665586,0.04287833,43.056274822354226,4,39.056274822354226,True
77019,22676,7429.23,payment_link,0.8682571,6450.481734783053,12,6438.481734783053,payment_link,0.8682571,6450.481734783053,12,6438.481734783053,0.0,0.0,0,0.0,False
92200,40334,2356.92,payment_link,0.749183,1765.7643943190576,12,1753.7643943190576,payment_link,0.749183,1765.7643943190576,12,1753.7643943190576,0.0,0.0,0,0.0,False
53874,1882,2719.76,payment_link,0.9098701,2474.6282708120348,12,2462.6282708120348,payment_link,0.9098701,2474.6282708120348,12,2462.6282708120348,0.0,0.0,0,0.0,False
59013,96989,1879.1,email,0.8478498,1593.1945334017275,5,1588.1945334017275,payment_link,0.9099722,1709.928743839264,12,1697.928743839264,0.062122405,116.73421043753638,7,109.73421043753638,True
19017,82231,910.67,retry,0.6906904,628.9910249435901,8,620.9910249435901,payment_link,0.77273226,703.7040852499008,12,691.7040852499008,0.08204186,74.7130603063107,4,70.7130603063107,True
59819,60574,704.25,email,0.5554796,391.1964985281229,5,386.1964985281229,payment_link,0.58312374,410.66489638388157,12,398.66489638388157,0.027644157,19.468397855758667,7,12.468397855758667,True
21597,75682,1344.15,payment_link,0.70883936,952.7864215761424,12,940.7864215761424,payment_link,0.70883936,952.7864215761424,12,940.7864215761424,0.0,0.0,0,0.0,False
31787,16418,908.86,retry,0.6209577,564.3635903155804,8,556.3635903155804,payment_link,0.70607895,641.7269113981724,12,629.7269113981724,0.085121274,77.36332108259205,4,73.36332108259205,True
32731,73435,1615.69,retry,0.76972437,1243.6359658288957,8,1235.6359658288957,payment_link,0.82794863,1337.7083217722177,12,1325.7083217722177,0.05822426,94.07235594332201,4,90.07235594332201,True
75455,66717,3666.07,payment_link,0.76212156,2793.9909808313846,12,2781.9909808313846,payment_link,0.76212156,2793.9909808313846,12,2781.9909808313846,0.0,0.0,0,0.0,False
647,29268,1045.64,whatsapp,0.75820696,792.8115293550492,18,774.8115293550492,payment_link,0.76538247,800.3145245718957,12,788.3145245718957,0.007175505,7.502995216846557,-6,13.502995216846557,True
42855,11879,734.27,whatsapp,0.564811,414.7237665724754,18,396.7237665724754,payment_link,0.6650032,488.2918853485584,12,476.2918853485584,0.10019219,73.568118776083,-6,79.568118776083,True
10378,33921,11642.41,whatsapp,0.48065993,5596.039997729957,18,5578.039997729957,human_escalation,0.68575066,7983.790379683375,250,7733.790379683375,0.20509073,2387.7503819534186,232,2155.7503819534186,True
70517,99897,994.44,payment_link,0.8843265,879.4096621441842,12,867.4096621441842,payment_link,0.8843265,879.4096621441842,12,867.4096621441842,0.0,0.0,0,0.0,False
34201,24920,608.77,email,0.7198232,438.20675828039646,5,433.20675828039646,payment_link,0.8170623,497.40302752673625,12,485.40302752673625,0.09723914,59.196269246339796,7,52.196269246339796,True
12404,86470,2995.09,payment_link,0.6168172,1847.4229566901922,12,1835.4229566901922,human_escalation,0.7042937,2109.4231014204024,250,1859.4231014204024,0.08747655,262.0001447302102,238,24.000144730210195,True
28068,84518,618.96,payment_link,0.5913876,366.04528716087344,12,354.04528716087344,payment_link,0.5913876,366.04528716087344,12,354.04528716087344,0.0,0.0,0,0.0,False
50560,22736,2624.8,whatsapp,0.74038076,1943.3514293670655,18,1925.3514293670655,human_escalation,0.8768591,2301.5798404216766,250,2051.5798404216766,0.13647836,358.2284110546111,232,126.22841105461112,True
96895,71373,2908.31,retry,0.85043186,2473.31948128283,8,2465.31948128283,payment_link,0.9232679,2685.1492689937354,12,2673.1492689937354,0.07283604,211.8297877109053,4,207.8297877109053,True
4315,91423,6572.98,email,0.54528415,3584.1418256163593,5,3579.1418256163593,payment_link,0.67397064,4429.995535372495,12,4417.995535372495,0.12868649,845.8537097561361,7,838.8537097561361,True
52351,82461,1532.61,payment_link,0.7617448,1167.457693682313,12,1155.457693682313,payment_link,0.7617448,1167.457693682313,12,1155.457693682313,0.0,0.0,0,0.0,False
30960,7578,1174.74,human_escalation,0.635398,746.4274120724201,250,496.4274120724201,payment_link,0.51652163,606.7786227643489,12,594.7786227643489,-0.11887634,-139.64878930807117,-238,98.35121069192883,True
47847,47068,2198.15,retry,0.84888965,1865.9867817610502,8,1857.9867817610502,payment_link,0.9105319,2001.4856486618519,12,1989.4856486618519,0.06164223,135.49886690080166,4,131.49886690080166,True
54236,63516,1484.61,retry,0.8672306,1287.4992123931645,8,1279.4992123931645,payment_link,0.9379312,1392.462009140253,12,1380.462009140253,0.070700586,104.96279674708853,4,100.96279674708853,True
20377,19918,1077.98,whatsapp,0.51667273,556.9628699660301,18,538.9628699660301,payment_link,0.56460106,608.6286546778679,12,596.6286546778679,0.047928333,51.66578471183777,-6,57.66578471183777,True
31080,68929,2169.42,retry,0.6513699,1413.0949520516397,8,1405.0949520516397,payment_link,0.7103547,1541.0576624321939,12,1529.0576624321939,0.058984756,127.9627103805542,4,123.9627103805542,True
68928,12375,1326.99,retry,0.78181225,1037.4570384424926,8,1029.4570384424926,payment_link,0.8283818,1099.2543340086936,12,1087.2543340086936,0.046569526,61.797295566201,4,57.797295566201,True
77025,28312,632.31,whatsapp,0.74148065,468.8456288641691,18,450.8456288641691,payment_link,0.7355858,465.118262733221,12,453.118262733221,-0.0058948398,-3.7273661309480985,-6,2.2726338690519015,True
32316,18703,1815.73,retry,0.7661254,1391.076838030219,8,1383.076838030219,payment_link,0.82075983,1490.2782513171435,12,1478.2782513171435,0.054634452,99.20141328692443,4,95.20141328692443,True
75796,7415,2570.61,retry,0.5872944,1509.7048569113017,8,1501.7048569113017,payment_link,0.61304986,1575.9121128737927,12,1563.9121128737927,0.025755465,66.20725596249099,4,62.20725596249099,True
27701,90764,1797.47,retry,0.87970513,1581.2435819154978,8,1573.2435819154978,payment_link,0.93421626,1679.2257024979592,12,1667.2257024979592,0.05451113,97.98212058246145,4,93.98212058246145,True
4586,71926,1467.52,retry,0.74948734,1099.887661857605,8,1091.887661857605,whatsapp,0.78216165,1147.8378690719605,18,1129.8378690719605,0.032674313,47.95020721435549,10,37.95020721435549,True
63687,23086,1058.65,email,0.7009166,742.025346210599,5,737.025346210599,payment_link,0.86158717,912.1192541182041,12,900.1192541182041,0.16067058,170.09390790760517,7,163.09390790760517,True
44349,2478,2588.96,payment_link,0.87645715,2269.112515363693,12,2257.112515363693,payment_link,0.87645715,2269.112515363693,12,2257.112515363693,0.0,0.0,0,0.0,False
74242,47407,6112.98,email,0.7059212,4315.282012710571,5,4310.282012710571,human_escalation,0.85737646,5241.1251295924185,250,4991.1251295924185,0.15145528,925.8431168818479,245,680.8431168818479,True
58674,97643,1231.67,whatsapp,0.7450477,917.6528864753246,18,899.6528864753246,payment_link,0.7817408,962.8466722238064,12,950.8466722238064,0.036693096,45.19378574848179,-6,51.19378574848179,True
14509,95965,959.16,voice_call,0.52985716,508.21779230117795,90,418.21779230117795,payment_link,0.53298646,511.2192950034141,12,499.2192950034141,0.0031293035,3.0015027022361664,-78,81.00150270223617,True
16769,81090,1551.88,whatsapp,0.5876969,912.0350805425644,18,894.0350805425644,payment_link,0.7023204,1089.9169775414468,12,1077.9169775414468,0.11462349,177.88189699888244,-6,183.88189699888244,True
57332,70765,1498.78,retry,0.6721263,1007.3694456958771,8,999.3694456958771,payment_link,0.7078276,1060.8778917825223,12,1048.8778917825223,0.035701334,53.50844608664522,4,49.50844608664522,True
75338,22461,1177.39,retry,0.79272395,933.3452558749915,8,925.3452558749915,payment_link,0.9057918,1066.4702298849822,12,1054.4702298849822,0.113067865,133.12497400999075,4,129.12497400999075,True
26324,63931,3198.4,email,0.79434025,2540.6178647995,5,2535.6178647995,payment_link,0.88796705,2840.0738129615784,12,2828.0738129615784,0.0936268,299.4559481620786,7,292.4559481620786,True
50283,78529,1105.83,whatsapp,0.6706816,741.6598290860652,18,723.6598290860652,payment_link,0.67805743,749.8162502217292,12,737.8162502217292,0.0073758364,8.156421135664004,-6,14.156421135664004,True
82972,91374,6730.33,payment_link,0.73700494,4960.286429168582,12,4948.286429168582,human_escalation,0.7938174,5342.653068016767,250,5092.653068016767,0.056812465,382.3666388481852,238,144.36663884818518,True
66236,39971,1157.7,voice_call,0.636229,736.5622885644436,90,646.5622885644436,payment_link,0.75979,879.6088868200779,12,867.6088868200779,0.123561025,143.0465982556343,-78,221.0465982556343,True
84875,41799,3684.96,retry,0.6767121,2493.6570043087004,8,2485.6570043087004,human_escalation,0.87210584,3213.6751246261597,250,2963.6751246261597,0.19539374,720.0181203174593,242,478.0181203174593,True
31213,48890,4629.18,human_escalation,0.70236903,3251.392686156035,250,3001.392686156035,human_escalation,0.70236903,3251.392686156035,250,3001.392686156035,0.0,0.0,0,0.0,False
39496,53951,958.81,email,0.68511784,656.8978369057178,5,651.8978369057178,payment_link,0.76958,737.8810061275958,12,725.8810061275958,0.084462166,80.98316922187803,7,73.98316922187803,True
62417,11206,1043.52,email,0.856743,894.0284325027466,5,889.0284325027466,payment_link,0.9220412,962.1684098052979,12,950.1684098052979,0.0652982,68.1399773025513,7,61.1399773025513,True
16742,49189,3062.5,payment_link,0.69992244,2143.5124799609184,12,2131.5124799609184,payment_link,0.69992244,2143.5124799609184,12,2131.5124799609184,0.0,0.0,0,0.0,False
17690,48804,1745.38,retry,0.4653757,812.2574246960879,8,804.2574246960879,payment_link,0.48636907,848.898853315115,12,836.898853315115,0.020993382,36.641428619027124,4,32.641428619027124,True
12816,68717,3213.31,retry,0.6166289,1981.4197633242607,8,1973.4197633242607,payment_link,0.7227402,2322.3882263946534,12,2310.3882263946534,0.10611129,340.9684630703928,4,336.9684630703928,True
51827,67674,9407.99,whatsapp,0.81740594,7690.146901013851,18,7672.146901013851,human_escalation,0.8838768,8315.504100685119,250,8065.504100685119,0.06647086,625.3571996712681,232,393.35719967126806,True
54496,72035,3944.37,whatsapp,0.72804785,2871.6900892210006,18,2853.6900892210006,human_escalation,0.8217748,3241.3837919479606,250,2991.3837919479606,0.09372693,369.69370272696005,232,137.69370272696005,True
84272,23186,2751.04,email,0.76028526,2091.5751569747927,5,2086.5751569747927,payment_link,0.81658685,2246.4630935287473,12,2234.4630935287473,0.056301594,154.88793655395466,7,147.88793655395466,True
85450,69897,935.52,retry,0.554786,519.0134234905242,8,511.01342349052425,payment_link,0.61650527,576.75300573349,12,564.75300573349,0.06171924,57.73958224296575,4,53.73958224296575,True
28956,24467,2179.88,voice_call,0.6857778,1494.9132744646074,90,1404.9132744646074,payment_link,0.80729264,1759.8010805392266,12,1747.8010805392266,0.12151486,264.8878060746192,-78,342.8878060746192,True
60486,59363,3377.83,retry,0.5726932,1934.4603687727451,8,1926.4603687727451,payment_link,0.63860273,2157.0914716768266,12,2145.0914716768266,0.065909505,222.63110290408144,4,218.63110290408144,True
37023,57347,1767.65,whatsapp,0.89642626,1584.5678793221714,18,1566.5678793221714,payment_link,0.9491929,1677.8407971322538,12,1665.8407971322538,0.05276662,93.27291781008239,-6,99.27291781008239,True
76434,87651,1205.88,retry,0.7769042,936.8532672643662,8,928.8532672643662,whatsapp,0.8233143,992.8182590818406,18,974.8182590818406,0.046410084,55.964991817474356,10,45.964991817474356,True
2800,23017,5215.64,retry,0.5133076,2677.227501754761,8,2669.227501754761,payment_link,0.60351294,3147.706244938374,12,3135.706244938374,0.09020537,470.478743183613,4,466.478743183613,True
22434,28952,1901.98,whatsapp,0.76265216,1450.5491528749467,18,1432.5491528749467,whatsapp,0.76265216,1450.5491528749467,18,1432.5491528749467,0.0,0.0,0,0.0,False
10050,87485,3020.86,whatsapp,0.46557412,1406.4342225939035,18,1388.4342225939035,payment_link,0.5032389,1520.2143129873277,12,1508.2143129873277,0.0376648,113.78009039342419,-6,119.78009039342419,True
79801,50560,2137.29,whatsapp,0.75407636,1611.679867004156,18,1593.679867004156,payment_link,0.7632154,1631.2126906335354,12,1619.2126906335354,0.009139061,19.532823629379436,-6,25.532823629379436,True
53269,42764,1588.34,voice_call,0.7166527,1138.2881358015536,90,1048.2881358015536,payment_link,0.8959884,1423.1342228019237,12,1411.1342228019237,0.17933571,284.84608700037006,-78,362.84608700037006,True
48866,45043,1856.27,retry,0.843601,1565.951206715107,8,1557.951206715107,payment_link,0.91866654,1705.2931411319971,12,1693.2931411319971,0.07506555,139.34193441689013,4,135.34193441689013,True
4719,73636,1807.32,retry,0.7424384,1341.8237256217003,8,1333.8237256217003,whatsapp,0.77594936,1402.3887953996657,18,1384.3887953996657,0.033510983,60.56506977796539,10,50.56506977796539,True
73998,65781,1655.59,whatsapp,0.8055302,1333.627728036642,18,1315.627728036642,payment_link,0.9227326,1527.6668513751029,12,1515.6668513751029,0.1172024,194.03912333846074,-6,200.03912333846074,True
63745,70126,1352.97,email,0.7277261,984.5915840542317,5,979.5915840542317,payment_link,0.7646077,1034.491317113042,12,1022.491317113042,0.036881626,49.899733058810284,7,42.899733058810284,True
61627,99029,1272.95,payment_link,0.62094516,790.4321358472109,12,778.4321358472109,payment_link,0.62094516,790.4321358472109,12,778.4321358472109,0.0,0.0,0,0.0,False
93507,70218,1738.01,payment_link,0.8466591,1471.502023925185,12,1459.502023925185,payment_link,0.8466591,1471.502023925185,12,1459.502023925185,0.0,0.0,0,0.0,False
79739,31426,2406.81,retry,0.6920134,1665.5447301256656,8,1657.5447301256656,payment_link,0.75076956,1806.959674038291,12,1794.959674038291,0.058756173,141.4149439126254,4,137.4149439126254,True
56367,3976,806.05,email,0.62868387,506.75062943994993,5,501.75062943994993,payment_link,0.68953604,555.8005210608244,12,543.8005210608244,0.06085217,49.04989162087446,7,42.04989162087446,True
28381,98295,333.61,retry,0.6070638,202.52254440784455,8,194.52254440784455,payment_link,0.7439608,248.19276174962522,12,236.19276174962522,0.13689703,45.67021734178067,4,41.67021734178067,True
77790,70223,1477.59,retry,0.5696855,841.7616256374121,8,833.7616256374121,payment_link,0.6074298,897.5322017544507,12,885.5322017544507,0.037744284,55.77057611703867,4,51.77057611703867,True
35372,11633,1329.68,whatsapp,0.7588741,1009.0597376585007,18,991.0597376585007,payment_link,0.762969,1014.5046425628663,12,1002.5046425628663,0.0040948987,5.444904904365558,-6,11.444904904365558,True
70682,5043,1007.95,whatsapp,0.750194,756.158055523038,18,738.158055523038,payment_link,0.7695194,775.6370678156615,12,763.6370678156615,0.019325376,19.47901229262345,-6,25.47901229262345,True
68787,79554,1569.85,payment_link,0.78284496,1228.9491615384816,12,1216.9491615384816,payment_link,0.78284496,1228.9491615384816,12,1216.9491615384816,0.0,0.0,0,0.0,False
18608,17938,1928.12,retry,0.76876813,1482.2772101569176,8,1474.2772101569176,payment_link,0.83519757,1610.3611346960067,12,1598.3611346960067,0.066429436,128.08392453908914,4,124.08392453908914,True
23476,12591,1480.07,whatsapp,0.70972,1050.4353033792972,18,1032.4353033792972,payment_link,0.7396279,1094.7010626071692,12,1082.7010626071692,0.029907882,44.26575922787197,-6,50.26575922787197,True
63347,98597,1544.72,whatsapp,0.8385358,1295.3029988479614,18,1277.3029988479614,payment_link,0.89417064,1381.2432739543915,12,1369.2432739543915,0.055634856,85.94027510643014,-6,91.94027510643014,True
16704,77518,873.02,payment_link,0.55681056,486.10675320744514,12,474.10675320744514,payment_link,0.55681056,486.10675320744514,12,474.10675320744514,0.0,0.0,0,0.0,False
65256,81908,3434.22,whatsapp,0.7245539,2488.2774363362787,18,2470.2774363362787,payment_link,0.794062,2726.9836648106575,12,2714.9836648106575,0.069508135,238.7062284743788,-6,244.7062284743788,True
40698,27030,5595.9,whatsapp,0.5278743,2953.931744688749,18,2935.931744688749,human_escalation,0.72675824,4066.866444468498,250,3816.866444468498,0.19888395,1112.9346997797488,232,880.9346997797488,True
5419,37469,6132.6,payment_link,0.9225262,5657.484056031704,12,5645.484056031704,payment_link,0.9225262,5657.484056031704,12,5645.484056031704,0.0,0.0,0,0.0,False
4640,16037,447.65,voice_call,0.3713635,166.24086666554211,90,76.24086666554211,payment_link,0.49981457,223.74199223816393,12,211.74199223816393,0.12845108,57.50112557262182,-78,135.50112557262182,True
52869,46177,313.98,payment_link,0.8842181,277.62679801225664,12,265.62679801225664,payment_link,0.8842181,277.62679801225664,12,265.62679801225664,0.0,0.0,0,0.0,False
37432,86731,2391.18,email,0.8032443,1920.7016879045962,5,1915.7016879045962,payment_link,0.8744845,2091.049797517061,12,2079.049797517061,0.07124019,170.3481096124649,7,163.3481096124649,True
61598,89386,2539.79,payment_link,0.6578095,1670.69797965765,12,1658.69797965765,payment_link,0.6578095,1670.69797965765,12,1658.69797965765,0.0,0.0,0,0.0,False
73205,54007,770.38,email,0.5108046,393.5136427891254,5,388.5136427891254,payment_link,0.60074943,462.805348225832,12,450.805348225832,0.08994484,69.2917054367066,7,62.29170543670659,True
49043,58585,483.8,whatsapp,0.74223554,359.09355490207673,18,341.09355490207673,payment_link,0.79786354,386.0063821196556,12,374.0063821196556,0.055628,26.912827217578865,-6,32.912827217578865,True
3225,73082,2786.41,payment_link,0.59715706,1663.924406619668,12,1651.924406619668,payment_link,0.59715706,1663.924406619668,12,1651.924406619668,0.0,0.0,0,0.0,False
75153,63574,1220.54,retry,0.71018755,866.812317597866,8,858.812317597866,payment_link,0.75659025,923.448660261631,12,911.448660261631,0.046402693,56.636342663764935,4,52.636342663764935,True
17674,8798,1074.69,whatsapp,0.87407756,939.3624113631249,18,921.3624113631249,payment_link,0.9024832,969.8896969342233,12,957.8896969342233,0.028405666,30.527285571098332,-6,36.52728557109833,True
29383,23413,2596.64,whatsapp,0.7338784,1905.6179413223265,18,1887.6179413223265,payment_link,0.8067613,2094.868725404739,12,2082.868725404739,0.07288295,189.25078408241257,-6,195.25078408241257,True
14,11911,1599.82,whatsapp,0.8189332,1310.1456942903994,18,1292.1456942903994,payment_link,0.8405358,1344.7060148012638,12,1332.7060148012638,0.02160263,34.56032051086436,-6,40.56032051086436,True
89346,3654,2643.35,voice_call,0.45631388,1206.1972901985048,90,1116.1972901985048,payment_link,0.57284844,1514.238921803236,12,1502.238921803236,0.11653456,308.04163160473126,-78,386.04163160473126,True
66009,18538,590.82,whatsapp,0.8098955,478.50246843338016,18,460.50246843338016,payment_link,0.86048347,508.3908423149586,12,496.3908423149586,0.050587952,29.888373881578445,-6,35.888373881578445,True
96595,59933,2807.26,whatsapp,0.5453026,1530.8062596082689,18,1512.8062596082689,payment_link,0.5907339,1658.3436081528664,12,1646.3436081528664,0.045431256,127.53734854459753,-6,133.53734854459753,True
24330,87222,973.38,email,0.36704513,357.2743928307295,5,352.2743928307295,payment_link,0.5395132,525.1513301146031,12,513.1513301146031,0.17246804,167.8769372838736,7,160.8769372838736,True
75884,26809,1217.24,whatsapp,0.75025374,913.2388587927818,18,895.2388587927818,payment_link,0.7784526,947.5636126446724,12,935.5636126446724,0.028198838,34.32475385189059,-6,40.32475385189059,True
47410,34715,2300.46,email,0.5767897,1326.8815806806087,5,1321.8815806806087,whatsapp,0.6786867,1561.2915562140943,18,1543.2915562140943,0.101897,234.40997553348552,13,221.40997553348552,True
69325,21455,555.85,email,0.4797336,266.65991395115856,5,261.65991395115856,payment_link,0.6618364,367.8817550063133,12,355.8817550063133,0.1821028,101.22184105515475,7,94.22184105515475,True
3860,97946,4379.24,retry,0.6515114,2853.124656932354,8,2845.124656932354,human_escalation,0.7733337,3386.6139963793753,250,3136.6139963793753,0.12182236,533.4893394470214,242,291.4893394470214,True
26331,5536,1869.54,payment_link,0.90164435,1685.6601764130592,12,1673.6601764130592,payment_link,0.90164435,1685.6601764130592,12,1673.6601764130592,0.0,0.0,0,0.0,False
5393,21372,662.86,retry,0.8284225,549.1281295883656,8,541.1281295883656,payment_link,0.8871659,588.0667911553383,12,576.0667911553383,0.058743417,38.938661566972655,4,34.938661566972655,True
53158,82528,2575.63,email,0.44165948,1137.5514073309303,5,1132.5514073309303,payment_link,0.570901,1470.4296825093031,12,1458.4296825093031,0.1292415,332.87827517837286,7,325.87827517837286,True
12318,42274,1603.04,payment_link,0.7526167,1206.4746803951264,12,1194.4746803951264,payment_link,0.7526167,1206.4746803951264,12,1194.4746803951264,0.0,0.0,0,0.0,False
78198,15333,651.03,whatsapp,0.6596638,429.4609213864803,18,411.4609213864803,payment_link,0.7166854,466.5837052810192,12,454.5837052810192,0.057021618,37.122783894538884,-6,43.122783894538884,True
19969,69064,930.69,whatsapp,0.41517988,386.4037610962987,18,368.4037610962987,payment_link,0.5005005,465.810810533166,12,453.810810533166,0.08532062,79.40704943686728,-6,85.40704943686728,True
81393,4543,1938.64,payment_link,0.5968343,1157.046851129532,12,1145.046851129532,payment_link,0.5968343,1157.046851129532,12,1145.046851129532,0.0,0.0,0,0.0,False
27804,19750,2635.93,retry,0.6374601,1680.300234531164,8,1672.300234531164,payment_link,0.6709563,1768.5938757342099,12,1756.5938757342099,0.0334962,88.29364120304581,4,84.29364120304581,True
87007,56396,8459.71,voice_call,0.6912603,5847.861488302349,90,5757.861488302349,whatsapp,0.84806776,7174.407313904761,18,7156.407313904761,0.15680748,1326.5458256024122,-72,1398.5458256024122,True
31809,39543,3927.31,whatsapp,0.90858644,3568.3006213790177,18,3550.3006213790177,payment_link,0.9078311,3565.3340505468846,12,3553.3340505468846,-0.00075536966,-2.9665708321331294,-6,3.0334291678668706,True
76169,8660,1430.54,payment_link,0.52275735,747.8253014695645,12,735.8253014695645,payment_link,0.52275735,747.8253014695645,12,735.8253014695645,0.0,0.0,0,0.0,False
50328,24113,253.89,retry,0.47158295,119.73019496262073,8,111.73019496262073,payment_link,0.5613661,142.52523436546326,12,130.52523436546326,0.08978313,22.795039402842534,4,18.795039402842534,True
69996,70380,2181.68,payment_link,0.7253212,1582.4186981678008,12,1570.4186981678008,whatsapp,0.731273,1595.4036687612531,18,1577.4036687612531,0.005951822,12.984970593452317,6,6.984970593452317,True
70062,49340,2164.84,whatsapp,0.8937381,1934.7999689030648,18,1916.7999689030648,payment_link,0.9138427,1978.323183193207,12,1966.323183193207,0.020104587,43.52321429014205,-6,49.52321429014205,True
37726,60589,1514.25,human_escalation,0.61852926,936.6079321950674,250,686.6079321950674,payment_link,0.62286,943.1657768636942,12,931.1657768636942,0.0043307543,6.557844668626785,-238,244.55784466862679,True
99266,24729,872.5,voice_call,0.8398388,732.759355455637,90,642.759355455637,payment_link,0.90876323,792.8959180414677,12,780.8959180414677,0.06892443,60.13656258583069,-78,138.1365625858307,True
77998,32242,2187.56,whatsapp,0.756786,1655.5147576761244,18,1637.5147576761244,payment_link,0.78675115,1721.0653480672836,12,1709.0653480672836,0.029965162,65.55059039115918,-6,71.55059039115918,True
46012,89069,1500.93,whatsapp,0.8674691,1302.0103547501565,18,1284.0103547501565,payment_link,0.91727805,1376.770145652294,12,1364.770145652294,0.04980898,74.75979090213764,-6,80.75979090213764,True
42390,45179,726.76,payment_link,0.787983,572.674525282383,12,560.674525282383,payment_link,0.787983,572.674525282383,12,560.674525282383,0.0,0.0,0,0.0,False
96824,40547,1275.23,payment_link,0.8529802,1087.7459359520674,12,1075.7459359520674,payment_link,0.8529802,1087.7459359520674,12,1075.7459359520674,0.0,0.0,0,0.0,False
84258,60110,2901.44,retry,0.67175186,1949.0477074050905,8,1941.0477074050905,human_escalation,0.8324049,2415.172906475067,250,2165.172906475067,0.16065305,466.1251990699766,242,224.1251990699766,True
70039,46146,1776.78,retry,0.626803,1113.6910004031658,8,1105.6910004031658,payment_link,0.6728655,1195.533980834484,12,1183.533980834484,0.04606253,81.84298043131821,4,77.84298043131821,True
59903,21053,11116.25,retry,0.71533793,7951.8752878159285,8,7943.8752878159285,human_escalation,0.8228546,9147.057208195329,250,8897.057208195329,0.10751665,1195.1819203794003,242,953.1819203794003,True
41002,3598,2279.73,retry,0.833319,1899.7423429065943,8,1891.7423429065943,payment_link,0.94201016,2147.5288317704203,12,2135.5288317704203,0.108691156,247.78648886382598,4,243.78648886382598,True
80187,30010,1484.21,retry,0.533784,792.2475094729662,8,784.2475094729662,payment_link,0.59822655,887.8938236808777,12,875.8938236808777,0.064442575,95.64631420791159,4,91.64631420791159,True
43547,22611,1207.07,whatsapp,0.56110394,677.2917328679562,18,659.2917328679562,payment_link,0.6446819,778.1761459523439,12,766.1761459523439,0.08357793,100.88441308438769,-6,106.88441308438769,True
24194,62839,1781.33,retry,0.80470496,1433.44509380877,8,1425.44509380877,payment_link,0.8596158,1531.259417939186,12,1519.259417939186,0.05491084,97.81432413041603,4,93.81432413041603,True
18123,99115,2893.12,email,0.75685245,2189.664954319,5,2184.664954319,payment_link,0.8359624,2418.539581336975,12,2406.539581336975,0.07910997,228.87462701797494,7,221.87462701797494,True
53210,76026,1142.7,retry,0.62676233,716.2013150990009,8,708.2013150990009,payment_link,0.67744285,774.1139431893826,12,762.1139431893826,0.05068052,57.912628090381645,4,53.912628090381645,True
69038,6863,1910.74,email,0.5058732,966.5921644306183,5,961.5921644306183,payment_link,0.6556694,1252.8137324559689,12,1240.8137324559689,0.14979619,286.2215680253506,7,279.2215680253506,True
52149,28055,2157.26,retry,0.7196304,1552.4299202978611,8,1544.4299202978611,payment_link,0.7812826,1685.4297097456456,12,1673.4297097456456,0.061652184,132.99978944778445,4,128.99978944778445,True
53174,16156,717.04,retry,0.8579201,615.1630358362197,8,607.1630358362197,payment_link,0.9150949,656.1596557378768,12,644.1596557378768,0.0571748,40.99661990165714,4,36.99661990165714,True
22430,59109,1201.98,whatsapp,0.8844742,1063.1203204214573,18,1045.1203204214573,payment_link,0.914309,1098.9811616420745,12,1086.9811616420745,0.029834807,35.8608412206172,-6,41.8608412206172,True
71246,97296,1090.25,payment_link,0.5463059,595.6100018620491,12,583.6100018620491,whatsapp,0.5597579,610.2760377377272,18,592.2760377377272,0.013451993,14.666035875678062,6,8.666035875678062,True
98053,83244,2254.64,payment_link,0.9238448,2082.9374721145628,12,2070.9374721145628,payment_link,0.9238448,2082.9374721145628,12,2070.9374721145628,0.0,0.0,0,0.0,False
10691,62221,2682.99,whatsapp,0.82425874,2211.477969487309,18,2193.477969487309,payment_link,0.854369,2292.2634422582387,12,2280.2634422582387,0.03011024,80.78547277092957,-6,86.78547277092957,True
96688,88812,2402.37,whatsapp,0.49864352,1197.9262271225452,18,1179.9262271225452,human_escalation,0.61173064,1469.6033260041474,250,1219.6033260041474,0.11308712,271.6770988816022,232,39.677098881602205,True
37259,72883,1141.72,whatsapp,0.7502147,856.5351226377487,18,838.5351226377487,payment_link,0.7506356,857.0157045555115,12,845.0157045555115,0.000420928,0.48058191776283365,-6,6.480581917762834,True
90965,80322,1895.78,payment_link,0.5820368,1103.4137118732929,12,1091.4137118732929,payment_link,0.5820368,1103.4137118732929,12,1091.4137118732929,0.0,0.0,0,0.0,False
19177,12551,4078.16,retry,0.67159796,2738.8839268112183,8,2730.8839268112183,payment_link,0.7209802,2940.2727225160597,12,2928.2727225160597,0.04938227,201.3887957048414,4,197.3887957048414,True
358,68763,2123.36,email,0.87327915,1854.2860250759127,5,1849.2860250759127,payment_link,0.913345,1939.3601952171327,12,1927.3601952171327,0.040065825,85.07417014122007,7,78.07417014122007,True
98561,53525,1420.99,retry,0.8288714,1177.8180118471385,8,1169.8180118471385,payment_link,0.91043776,1293.7229564720392,12,1281.7229564720392,0.081566334,115.90494462490074,4,111.90494462490074,True
39173,3118,1579.72,retry,0.49682865,784.850147818327,8,776.850147818327,payment_link,0.55793256,881.3772168517113,12,869.3772168517113,0.06110391,96.52706903338435,4,92.52706903338435,True
23526,99899,2304.09,payment_link,0.6727957,1550.1818742460014,12,1538.1818742460014,payment_link,0.6727957,1550.1818742460014,12,1538.1818742460014,0.0,0.0,0,0.0,False
46607,13375,831.53,payment_link,0.86816895,721.9085270607471,12,709.9085270607471,payment_link,0.86816895,721.9085270607471,12,709.9085270607471,0.0,0.0,0,0.0,False
17240,10866,1693.9,voice_call,0.5663266,959.3006585597992,90,869.3006585597992,payment_link,0.6277887,1063.4113170683383,12,1051.4113170683383,0.061462104,104.11065850853913,-78,182.11065850853913,True
50779,48535,4629.19,human_escalation,0.8266227,3826.593650181293,250,3576.593650181293,human_escalation,0.8266227,3826.593650181293,250,3576.593650181293,0.0,0.0,0,0.0,False
2270,6980,4051.18,retry,0.6409133,2596.4551737535,8,2588.4551737535,human_escalation,0.864643,3502.8243384575844,250,3252.8243384575844,0.22372967,906.3691647040846,242,664.3691647040846,True
11270,27801,681.83,retry,0.8368227,570.570813754201,8,562.570813754201,payment_link,0.87579316,597.1420496064425,12,585.1420496064425,0.03897047,26.571235852241443,4,22.571235852241443,True
19590,78939,1344.85,whatsapp,0.5525523,743.0999375373125,18,725.0999375373125,payment_link,0.57023245,766.8771116763353,12,754.8771116763353,0.017680168,23.777174139022804,-6,29.777174139022804,True
22891,13629,596.38,email,0.72400975,431.78493606090547,5,426.78493606090547,email,0.72400975,431.78493606090547,5,426.78493606090547,0.0,0.0,0,0.0,False
36898,28382,982.57,payment_link,0.9026941,886.9601478326321,12,874.9601478326321,payment_link,0.9026941,886.9601478326321,12,874.9601478326321,0.0,0.0,0,0.0,False
3664,64503,879.76,whatsapp,0.76098067,669.4803504419326,18,651.4803504419326,payment_link,0.77225786,679.4015788507461,12,667.4015788507461,0.011277199,9.921228408813477,-6,15.921228408813477,True
52169,67497,805.17,voice_call,0.52408,421.9734762614965,90,331.9734762614965,payment_link,0.74044,596.1800836765766,12,584.1800836765766,0.21636003,174.2066074150801,-78,252.2066074150801,True
1314,10218,2550.7,retry,0.6470887,1650.5291636526583,8,1642.5291636526583,payment_link,0.67573273,1723.591479051113,12,1711.591479051113,0.028644025,73.06231539845476,4,69.06231539845476,True
30895,68630,2040.95,voice_call,0.7189065,1467.2522656619549,90,1377.2522656619549,payment_link,0.9047133,1846.4745546281338,12,1834.4745546281338,0.18580675,379.2222889661789,-78,457.2222889661789,True
60044,80275,1158.59,email,0.58580947,678.7129929471015,5,673.7129929471015,payment_link,0.6659732,771.589874138832,12,759.589874138832,0.08016372,92.87688119173049,7,85.87688119173049,True
86764,63462,1870.76,whatsapp,0.7683998,1437.4915631318092,18,1419.4915631318092,payment_link,0.8215151,1536.857557258606,12,1524.857557258606,0.05311531,99.36599412679675,-6,105.36599412679675,True
25463,68284,4130.33,whatsapp,0.77119327,3185.282682006359,18,3167.282682006359,payment_link,0.82256836,3397.4787619298695,12,3385.4787619298695,0.05137509,212.1960799235103,-6,218.1960799235103,True
92168,17734,1643.06,retry,0.6310328,1036.8247926497459,8,1028.8247926497459,payment_link,0.6787302,1115.1944256532192,12,1103.1944256532192,0.047697365,78.36963300347338,4,74.36963300347338,True
88914,49414,2147.07,whatsapp,0.7506403,1611.6772111523153,18,1593.6772111523153,payment_link,0.80106777,1719.9485759192708,12,1707.9485759192708,0.050427496,108.27136476695546,-6,114.27136476695546,True
43248,72359,1118.42,whatsapp,0.9077022,1015.1923029851914,18,997.1923029851914,payment_link,0.9216656,1030.8092502868176,12,1018.8092502868176,0.013963401,15.616947301626169,-6,21.61694730162617,True
42935,80259,3560.08,payment_link,0.78860915,2807.5116523075103,12,2795.5116523075103,payment_link,0.78860915,2807.5116523075103,12,2795.5116523075103,0.0,0.0,0,0.0,False
93482,5343,1730.92,human_escalation,0.6543426,1132.6146789336206,250,882.6146789336206,whatsapp,0.6099731,1055.8145915269852,18,1037.8145915269852,-0.04436952,-76.80008740663538,-232,155.19991259336462,True
44877,56674,411.53,retry,0.7219714,297.1128872096538,8,289.1128872096538,payment_link,0.8383395,345.0018575543165,12,333.0018575543165,0.116368115,47.88897034466265,4,43.88897034466265,True
13357,33183,1065.46,retry,0.7754458,826.2065022063256,8,818.2065022063256,payment_link,0.9245528,985.0740244460106,12,973.0740244460106,0.14910698,158.86752223968506,4,154.86752223968506,True
73702,47394,1765.06,email,0.6743807,1190.3224330461026,5,1185.3224330461026,payment_link,0.7536378,1330.21591881752,12,1318.21591881752,0.07925707,139.89348577141755,7,132.89348577141755,True
46596,17013,2179.82,email,0.7630829,1663.3834139549733,5,1658.3834139549733,payment_link,0.8449079,1841.7470946097376,12,1829.7470946097376,0.08182496,178.36368065476427,7,171.36368065476427,True
4033,49201,2365.05,retry,0.4309473,1019.211920785904,8,1011.211920785904,payment_link,0.5099436,1206.0421217501164,12,1194.0421217501164,0.0789963,186.8302009642124,4,182.8302009642124,True
57593,20896,2906.9,whatsapp,0.71597,2081.253134173155,18,2063.253134173155,payment_link,0.789606,2295.305609166622,12,2283.305609166622,0.073635995,214.05247499346706,-6,220.05247499346706,True
5800,21250,1548.58,whatsapp,0.6164076,954.5564397418499,18,936.5564397418499,payment_link,0.65316266,1011.4746292579174,12,999.4746292579174,0.036755085,56.918189516067514,-6,62.918189516067514,True
91939,51614,838.29,retry,0.7132517,597.9117759239673,8,589.9117759239673,payment_link,0.7503894,629.04392773211,12,617.04392773211,0.037137687,31.13215180814268,4,27.13215180814268,True
82236,82008,2310.03,payment_link,0.6598525,1524.279081501961,12,1512.279081501961,human_escalation,0.7707061,1780.3542518073323,250,1530.3542518073323,0.11085361,256.07517030537133,238,18.07517030537133,True
55578,39745,3885.13,human_escalation,0.8687039,3375.0275898748637,250,3125.0275898748637,human_escalation,0.8687039,3375.0275898748637,250,3125.0275898748637,0.0,0.0,0,0.0,False
36600,95572,2083.55,retry,0.53700036,1118.86709612906,8,1110.86709612906,payment_link,0.6148622,1281.0961443066599,12,1269.0961443066599,0.077861845,162.2290481775999,4,158.2290481775999,True
24858,45913,933.12,retry,0.70597595,658.7602782440185,8,650.7602782440185,payment_link,0.7630645,712.0307496643067,12,700.0307496643067,0.057088554,53.27047142028812,4,49.27047142028812,True
87077,95874,1115.53,payment_link,0.9276077,1034.7742344588041,12,1022.7742344588041,payment_link,0.9276077,1034.7742344588041,12,1022.7742344588041,0.0,0.0,0,0.0,False
18217,10098,373.13,human_escalation,0.67236525,250.87964506208897,250,0.8796450620889686,payment_link,0.573137,213.8546033257246,12,201.8546033257246,-0.09922826,-37.02504173636436,-238,200.97495826363564,True
76330,21413,2882.83,payment_link,0.71973336,2074.8689147984983,12,2062.8689147984983,whatsapp,0.7377702,2126.866065019369,18,2108.866065019369,0.018036842,51.997150220870935,6,45.997150220870935,True
6243,28638,2166.94,email,0.7577635,1642.0280494856836,5,1637.0280494856836,human_escalation,0.90912116,1970.0109972167015,250,1720.0109972167015,0.15135765,327.98294773101793,245,82.98294773101793,True
20647,93353,2050.07,payment_link,0.8653536,1774.0354225444796,12,1762.0354225444796,payment_link,0.8653536,1774.0354225444796,12,1762.0354225444796,0.0,0.0,0,0.0,False
35995,16674,1187.24,payment_link,0.6913543,820.8034491539001,12,808.8034491539001,payment_link,0.6913543,820.8034491539001,12,808.8034491539001,0.0,0.0,0,0.0,False
39882,31616,1041.83,retry,0.8140919,848.1453859019279,8,840.1453859019279,payment_link,0.8939216,931.3143547940253,12,919.3143547940253,0.07982969,83.1689688920975,4,79.1689688920975,True
8543,5014,1150.45,whatsapp,0.5599608,644.2068822592497,18,626.2068822592497,payment_link,0.611905,703.9660828053951,12,691.9660828053951,0.051944196,59.759200546145394,-6,65.7592005461454,True
72987,99849,1211.78,payment_link,0.5662903,686.2192827165127,12,674.2192827165127,whatsapp,0.57409286,695.6742519378662,18,677.6742519378662,0.007802546,9.454969221353508,6,3.454969221353508,True
30422,80499,2083.01,payment_link,0.57378566,1195.2012731587888,12,1183.2012731587888,payment_link,0.57378566,1195.2012731587888,12,1183.2012731587888,0.0,0.0,0,0.0,False
48855,70796,1828.03,whatsapp,0.5976776,1092.5725620377063,18,1074.5725620377063,payment_link,0.6152424,1124.6816040068866,12,1112.6816040068866,0.017564833,32.109041969180225,-6,38.109041969180225,True
77980,26391,3063.18,voice_call,0.60067904,1839.9880216097831,90,1749.9880216097831,payment_link,0.71828514,2200.2366854846478,12,2188.2366854846478,0.1176061,360.24866387486463,-78,438.24866387486463,True
76889,82794,3344.09,retry,0.69175243,2313.282396268845,8,2305.282396268845,payment_link,0.77665204,2597.194314081073,12,2585.194314081073,0.084899604,283.91191781222824,4,279.91191781222824,True
42412,646,1611.71,payment_link,0.6591559,1062.3681640452146,12,1050.3681640452146,payment_link,0.6591559,1062.3681640452146,12,1050.3681640452146,0.0,0.0,0,0.0,False
84631,95410,4349.23,whatsapp,0.6879671,2992.1272442811724,18,2974.1272442811724,human_escalation,0.793196,3449.791936983466,250,3199.791936983466,0.1052289,457.66469270229345,232,225.66469270229345,True
6212,29956,1025.92,whatsapp,0.522709,536.2576296234131,18,518.2576296234131,payment_link,0.56872356,583.4648740386963,12,571.4648740386963,0.046014547,47.207244415283185,-6,53.207244415283185,True
35873,4341,2772.91,payment_link,0.69559693,1928.8276924967765,12,1916.8276924967765,payment_link,0.69559693,1928.8276924967765,12,1916.8276924967765,0.0,0.0,0,0.0,False
70104,56938,1980.24,payment_link,0.5253982,1040.4145212507249,12,1028.4145212507249,whatsapp,0.5389006,1067.1525514411926,18,1049.1525514411926,0.013502419,26.738030190467725,6,20.738030190467725,True
21445,34959,1878.29,whatsapp,0.65591633,1232.0010894834995,18,1214.0010894834995,payment_link,0.69255596,1300.820941608548,12,1288.820941608548,0.03663963,68.81985212504856,-6,74.81985212504856,True
25263,89252,3205.36,retry,0.52188164,1672.8185334539414,8,1664.8185334539414,payment_link,0.6154779,1972.8283043003082,12,1960.8283043003082,0.09359628,300.0097708463668,4,296.0097708463668,True
90560,47929,4027.54,payment_link,0.68353367,2752.959191303253,12,2740.959191303253,human_escalation,0.7588682,3056.3721005821226,250,2806.3721005821226,0.07533455,303.4129092788694,238,65.41290927886939,True
67763,77628,1601.24,retry,0.73531276,1177.4122036242486,8,1169.4122036242486,payment_link,0.7713099,1235.052283818722,12,1223.052283818722,0.035997152,57.640080194473285,4,53.640080194473285,True
98113,88081,8029.38,payment_link,0.76228946,6120.711780256033,12,6108.711780256033,human_escalation,0.8285624,6652.842193758488,250,6402.842193758488,0.066272914,532.1304135024548,238,294.13041350245476,True
98338,61737,1132.61,whatsapp,0.59219766,670.7289878773689,18,652.7289878773689,payment_link,0.6103272,691.2626720970868,12,679.2626720970868,0.018129528,20.533684219717884,-6,26.533684219717884,True
62362,14255,2707.89,payment_link,0.82139677,2224.2520943516492,12,2212.2520943516492,payment_link,0.82139677,2224.2520943516492,12,2212.2520943516492,0.0,0.0,0,0.0,False
39494,27148,3708.44,payment_link,0.83369595,3091.711401860714,12,3079.711401860714,payment_link,0.83369595,3091.711401860714,12,3079.711401860714,0.0,0.0,0,0.0,False
44755,23971,3611.46,email,0.62136567,2244.0372495388983,5,2239.0372495388983,human_escalation,0.8458041,3054.5876578974726,250,2804.5876578974726,0.22443843,810.5504083585743,245,565.5504083585743,True
38333,27072,1172.72,voice_call,0.8226952,964.7911098718644,90,874.7911098718644,payment_link,0.92816895,1088.482293934822,12,1076.482293934822,0.10547376,123.69118406295775,-78,201.69118406295775,True
30436,22060,4517.11,retry,0.7242789,3271.647583260536,8,3263.647583260536,payment_link,0.7844937,3543.6442684054373,12,3531.6442684054373,0.060214758,271.9966851449012,4,267.9966851449012,True
45791,61538,2113.47,whatsapp,0.8849436,1870.3017597377298,18,1852.3017597377298,payment_link,0.9206012,1945.6629952043293,12,1933.6629952043293,0.035657585,75.36123546659951,-6,81.36123546659951,True
99164,87431,2763.05,voice_call,0.46705914,1290.5077441692354,90,1200.5077441692354,payment_link,0.6076845,1679.0626385629178,12,1667.0626385629178,0.14062536,388.5548943936824,-78,466.5548943936824,True
48045,10816,2323.95,email,0.60472375,1405.347762402892,5,1400.347762402892,payment_link,0.6990012,1624.443822580576,12,1612.443822580576,0.09427744,219.09606017768397,7,212.09606017768397,True
93126,89422,843.57,whatsapp,0.8752901,738.3684661191702,18,720.3684661191702,whatsapp,0.8752901,738.3684661191702,18,720.3684661191702,0.0,0.0,0,0.0,False
84202,56458,2107.08,retry,0.7089676,1493.8515055918692,8,1485.8515055918692,payment_link,0.76000446,1601.3901992869376,12,1589.3901992869376,0.051036835,107.53869369506833,4,103.53869369506833,True
3752,74166,4142.63,payment_link,0.5132856,2126.352231078744,12,2114.352231078744,payment_link,0.5132856,2126.352231078744,12,2114.352231078744,0.0,0.0,0,0.0,False
81453,10616,528.73,voice_call,0.4389138,232.06688944071533,90,142.06688944071533,whatsapp,0.54984325,290.7186224740744,18,272.7186224740744,0.11092946,58.65173303335905,-72,130.65173303335905,True
83130,52283,4184.37,retry,0.77935475,3261.1086399024725,8,3253.1086399024725,human_escalation,0.92918843,3888.0681921333075,250,3638.0681921333075,0.14983368,626.959552230835,242,384.959552230835,True
12679,41297,1835.17,retry,0.63021576,1156.5530637037755,8,1148.5530637037755,payment_link,0.66754353,1225.0558608019353,12,1213.0558608019353,0.037327766,68.50279709815982,4,64.50279709815982,True
28228,28520,2325.8,voice_call,0.3944985,917.5246048986912,90,827.5246048986912,payment_link,0.5330285,1239.7176466703415,12,1227.7176466703415,0.13852999,322.1930417716503,-78,400.1930417716503,True
10796,57076,2129.64,voice_call,0.44618005,950.2028723216056,90,860.2028723216056,payment_link,0.6145324,1308.7328039717675,12,1296.7328039717675,0.16835237,358.52993165016187,-78,436.52993165016187,True
60209,85858,3069.06,whatsapp,0.5192403,1593.5796956670283,18,1575.5796956670283,payment_link,0.64117616,1967.8081183469294,12,1955.8081183469294,0.121935844,374.2284226799011,-6,380.2284226799011,True
67890,72604,3012.49,whatsapp,0.766121,2307.93176166594,18,2289.93176166594,human_escalation,0.8824069,2658.24193323791,250,2408.24193323791,0.11628592,350.31017157196993,232,118.31017157196993,True
47935,82448,618.69,retry,0.65799,407.09181997776034,8,399.09181997776034,payment_link,0.72277945,447.17641965329653,12,435.17641965329653,0.064789474,40.0845996755362,4,36.0845996755362,True
21952,41696,4504.16,whatsapp,0.51635,2325.7228867053987,18,2307.7228867053987,human_escalation,0.67127144,3023.5139843559264,250,2773.5139843559264,0.15492147,697.7910976505277,232,465.7910976505277,True
47555,12912,3335.85,whatsapp,0.7431005,2478.8718828141687,18,2460.8718828141687,payment_link,0.8260704,2755.6470368921755,12,2743.6470368921755,0.082969904,276.77515407800684,-6,282.77515407800684,True
9058,58325,1878.18,voice_call,0.7569949,1421.7726870810986,90,1331.7726870810986,payment_link,0.88827103,1668.3328901946545,12,1656.3328901946545,0.13127613,246.56020311355587,-78,324.5602031135559,True
32921,23926,800.67,whatsapp,0.658159,526.9681805920601,18,508.9681805920601,payment_link,0.7068872,565.9833628731966,12,553.9833628731966,0.048728168,39.015182281136504,-6,45.015182281136504,True
75712,97212,929.95,whatsapp,0.6924924,643.9833310395479,18,625.9833310395479,payment_link,0.7525986,699.8790529102088,12,687.8790529102088,0.06010616,55.89572187066085,-6,61.89572187066085,True
58026,62999,4153.46,payment_link,0.4637317,1926.091092194319,12,1914.091092194319,human_escalation,0.5391401,2239.296861541271,250,1989.296861541271,0.0754084,313.20576934695214,238,75.20576934695214,True
53532,80107,2667.6,whatsapp,0.5419575,1445.7258205890655,18,1427.7258205890655,human_escalation,0.6705473,1788.751994919777,250,1538.751994919777,0.12858981,343.02617433071146,232,111.02617433071146,True
5154,96026,2705.35,retry,0.7001749,1894.2182406842708,8,1886.2182406842708,human_escalation,0.846629,2290.427828866243,250,2040.427828866243,0.1464541,396.2095881819723,242,154.20958818197232,True
31109,2053,421.66,retry,0.52518404,221.4491003251076,8,213.4491003251076,payment_link,0.7083482,298.68210817933084,12,286.68210817933084,0.18316418,77.23300785422325,4,73.23300785422325,True
29877,48295,811.32,human_escalation,0.8285304,672.2032607531548,250,422.20326075315484,payment_link,0.79204386,642.6010283303261,12,630.6010283303261,-0.036486506,-29.602232422828706,-238,208.3977675771713,True
85562,30072,1085.95,retry,0.7710349,837.3053457170726,8,829.3053457170726,payment_link,0.8543056,927.7331934273243,12,915.7331934273243,0.08327073,90.42784771025174,4,86.42784771025174,True
89140,55122,1200.71,human_escalation,0.6048012,726.1908224105836,250,476.19082241058356,payment_link,0.54367393,652.7947275549174,12,640.7947275549174,-0.061127245,-73.3960948556662,-238,164.6039051443338,True
52537,33320,4958.31,whatsapp,0.5185927,2571.343446017504,18,2553.343446017504,human_escalation,0.72531796,3596.351269540787,250,3346.351269540787,0.20672524,1025.0078235232832,232,793.0078235232832,True
96840,70530,507.03,payment_link,0.8990248,455.8325365179777,12,443.8325365179777,payment_link,0.8990248,455.8325365179777,12,443.8325365179777,0.0,0.0,0,0.0,False
732,27885,1858.48,email,0.6545075,1216.3891317081452,5,1211.3891317081452,whatsapp,0.72241914,1342.6015283679963,18,1324.6015283679963,0.067911625,126.21239665985104,13,113.21239665985104,True
50163,58315,1600.49,retry,0.6315805,1010.8382296192646,8,1002.8382296192646,payment_link,0.6662717,1066.3611716127396,12,1054.3611716127396,0.034691215,55.522941993475,4,51.522941993475,True
68767,70444,544.08,email,0.9294672,505.70451484680177,5,500.70451484680177,payment_link,0.96806586,526.7052719593048,12,514.7052719593048,0.038598657,21.000757112503038,7,14.000757112503038,True
42890,63434,4112.55,retry,0.7730373,3179.154607397318,8,3171.154607397318,payment_link,0.84829557,3488.657944017649,12,3476.657944017649,0.075258255,309.50333662033063,4,305.50333662033063,True
9740,19633,2306.89,retry,0.7562322,1744.5445045942067,8,1736.5445045942067,payment_link,0.8271439,1908.130008881092,12,1896.130008881092,0.070911705,163.58550428688523,4,159.58550428688523,True
94257,26377,1094.21,payment_link,0.70008516,766.0401863336564,12,754.0401863336564,whatsapp,0.7175353,785.1343191534281,18,767.1343191534281,0.017450154,19.094132819771744,6,13.094132819771744,True
50269,3985,4168.13,human_escalation,0.78488356,3271.4967077332735,250,3021.4967077332735,human_escalation,0.78488356,3271.4967077332735,250,3021.4967077332735,0.0,0.0,0,0.0,False
92129,97988,746.9,retry,0.38190174,285.24241037368773,8,277.24241037368773,payment_link,0.41537443,310.24316029846665,12,298.24316029846665,0.033472687,25.000749924778916,4,21.000749924778916,True
28530,48326,944.04,human_escalation,0.9476946,894.6616098332405,250,644.6616098332405,whatsapp,0.8911111,841.2445000720023,18,823.2445000720023,-0.056583524,-53.41710976123818,-232,178.58289023876182,True
78187,56272,1769.65,voice_call,0.40235525,712.0279747039081,90,622.0279747039081,payment_link,0.5285969,935.4314652442932,12,923.4314652442932,0.12624162,223.40349054038518,-78,301.4034905403852,True
44496,55694,1987.51,retry,0.6654609,1322.6101626938582,8,1314.6101626938582,payment_link,0.7005137,1392.2780246555806,12,1380.2780246555806,0.035052836,69.66786196172234,4,65.66786196172234,True
43073,34394,2935.31,whatsapp,0.9160477,2688.883951681852,18,2670.883951681852,payment_link,0.9310777,2733.001738579273,12,2721.001738579273,0.015030026,44.117786897420956,-6,50.117786897420956,True
6633,6136,2832.55,payment_link,0.8083969,2289.8245707124474,12,2277.8245707124474,payment_link,0.8083969,2289.8245707124474,12,2277.8245707124474,0.0,0.0,0,0.0,False
6592,42009,2256.19,voice_call,0.72433615,1634.2399721956253,90,1544.2399721956253,payment_link,0.8604615,1941.3645718169212,12,1929.3645718169212,0.13612533,307.12459962129583,-78,385.12459962129583,True
90372,10153,3728.6,voice_call,0.73891866,2755.1321233987805,90,2665.1321233987805,payment_link,0.8473493,3159.426548075676,12,3147.426548075676,0.108430624,404.29442467689523,-78,482.29442467689523,True
27833,10474,1399.65,voice_call,0.62602496,876.2158373236657,90,786.2158373236657,payment_link,0.7194893,1007.0331657260657,12,995.0331657260657,0.093464315,130.8173284024,-78,208.8173284024,True
71634,87141,3811.53,payment_link,0.56460595,2152.012521593571,12,2140.012521593571,payment_link,0.56460595,2152.012521593571,12,2140.012521593571,0.0,0.0,0,0.0,False
37175,39555,622.33,retry,0.80596364,501.57534924626356,8,493.57534924626356,payment_link,0.8762157,545.2953143000603,12,533.2953143000603,0.07025206,43.719965053796784,4,39.719965053796784,True
23249,34627,2576.41,email,0.47317237,1219.0860170811413,5,1214.0860170811413,payment_link,0.62124586,1600.5840488767624,12,1588.5840488767624,0.1480735,381.49803179562105,7,374.49803179562105,True
26414,4482,2087.42,payment_link,0.7713057,1610.038903119564,12,1598.038903119564,payment_link,0.7713057,1610.038903119564,12,1598.038903119564,0.0,0.0,0,0.0,False
70107,41476,1695.93,whatsapp,0.5904072,1001.2892703276873,18,983.2892703276873,payment_link,0.6315051,1070.9883969551324,12,1058.9883969551324,0.04109788,69.69912662744514,-6,75.69912662744514,True
7961,29070,1476.67,retry,0.8728576,1288.9225888490678,8,1280.9225888490678,payment_link,0.90857226,1341.6613941019775,12,1329.6613941019775,0.035714686,52.73880525290974,4,48.73880525290974,True
53096,57255,749.37,email,0.5455813,408.84224468171595,5,403.84224468171595,payment_link,0.6214879,465.7243992501497,12,453.7243992501497,0.075906634,56.88215456843375,7,49.88215456843375,True
67078,74673,3270.98,retry,0.53172344,1739.2567367684842,8,1731.2567367684842,payment_link,0.5552713,1816.2814068114758,12,1804.2814068114758,0.023547888,77.0246700429916,4,73.0246700429916,True
86801,56443,1521.23,retry,0.6471142,984.4095607548952,8,976.4095607548952,payment_link,0.6930982,1054.3617556893826,12,1042.3617556893826,0.04598397,69.95219493448735,4,65.95219493448735,True
48491,93041,3163.68,whatsapp,0.4883967,1545.1308851337433,18,1527.1308851337433,payment_link,0.576433,1823.649562768936,12,1811.649562768936,0.0880363,278.5186776351927,-6,284.5186776351927,True
3529,97023,3922.22,voice_call,0.48189497,1890.0980889987945,90,1800.0980889987945,payment_link,0.6507732,2552.475767246485,12,2540.475767246485,0.16887826,662.3776782476903,-78,740.3776782476903,True
41642,82423,1037.91,payment_link,0.6109159,634.0757210183144,12,622.0757210183144,payment_link,0.6109159,634.0757210183144,12,622.0757210183144,0.0,0.0,0,0.0,False
24185,96361,1021.14,payment_link,0.9328322,952.5522537696362,12,940.5522537696362,payment_link,0.9328322,952.5522537696362,12,940.5522537696362,0.0,0.0,0,0.0,False
1094,97376,6715.34,payment_link,0.80775917,5424.377436220646,12,5412.377436220646,payment_link,0.80775917,5424.377436220646,12,5412.377436220646,0.0,0.0,0,0.0,False
96098,54876,1914.32,payment_link,0.91679126,1755.03184530735,12,1743.03184530735,payment_link,0.91679126,1755.03184530735,12,1743.03184530735,0.0,0.0,0,0.0,False
57503,23983,4527.26,whatsapp,0.8165933,3696.9301352572443,18,3678.9301352572443,payment_link,0.84186727,3811.352008112669,12,3799.352008112669,0.025273979,114.42187285542468,-6,120.42187285542468,True
26738,57558,1735.03,whatsapp,0.53517866,928.551032795906,18,910.551032795906,payment_link,0.5651585,980.5669286000729,12,968.5669286000729,0.029979825,52.0158958041668,-6,58.0158958041668,True
99142,74401,1778.11,retry,0.8014872,1425.132418372631,8,1417.132418372631,payment_link,0.89589816,1593.0054831784962,12,1581.0054831784962,0.094410956,167.87306480586517,4,163.87306480586517,True
72702,67031,2108.45,whatsapp,0.5684085,1198.4608791112898,18,1180.4608791112898,payment_link,0.5662685,1193.9488265544176,12,1181.9488265544176,-0.0021399856,-4.512052556872277,-6,1.487947443127723,True
54314,58339,615.87,retry,0.4324843,266.3541051909327,8,258.3541051909327,payment_link,0.4830261,297.48127637565136,12,285.48127637565136,0.05054179,31.127171184718634,4,27.127171184718634,True
68995,62071,555.37,whatsapp,0.36558002,203.0321770042181,18,185.0321770042181,payment_link,0.42998368,238.8000338512659,12,226.8000338512659,0.06440365,35.767856847047796,-6,41.767856847047796,True
42119,94112,1419.74,payment_link,0.87593156,1243.595074404478,12,1231.595074404478,payment_link,0.87593156,1243.595074404478,12,1231.595074404478,0.0,0.0,0,0.0,False
22726,4801,2828.7,whatsapp,0.9042327,2557.8029841721054,18,2539.8029841721054,payment_link,0.9314322,2634.7422289431092,12,2622.7422289431092,0.027199507,76.93924477100381,-6,82.93924477100381,True
60582,7315,4193.83,retry,0.817126,3426.8874322873353,8,3418.8874322873353,human_escalation,0.93161404,3907.03091494441,250,3657.03091494441,0.114488065,480.14348265707486,242,238.14348265707486,True
17851,16896,1811.25,retry,0.7067866,1280.167180225253,8,1272.167180225253,payment_link,0.7605463,1377.5395341217518,12,1365.5395341217518,0.053759754,97.37235389649868,4,93.37235389649868,True
30649,41028,1728.38,whatsapp,0.4937965,853.4679904931784,18,835.4679904931784,payment_link,0.5668647,979.7576601839066,12,967.7576601839066,0.07306823,126.28966969072826,-6,132.28966969072826,True
32168,30686,1517.45,payment_link,0.77221215,1171.793323546648,12,1159.793323546648,payment_link,0.77221215,1171.793323546648,12,1159.793323546648,0.0,0.0,0,0.0,False
68311,365,780.98,payment_link,0.77940714,608.7013910031319,12,596.7013910031319,payment_link,0.77940714,608.7013910031319,12,596.7013910031319,0.0,0.0,0,0.0,False
84818,56834,596.65,email,0.5569436,332.3003962010145,5,327.3003962010145,whatsapp,0.59568197,355.41364462673664,18,337.41364462673664,0.03873837,23.113248425722134,13,10.113248425722134,True
41016,28816,1018.48,human_escalation,0.76997286,784.2019592809677,250,534.2019592809677,payment_link,0.6950623,707.9070306301118,12,695.9070306301118,-0.07491058,-76.29492865085592,-238,161.70507134914408,True
68508,93111,1753.11,payment_link,0.89931935,1576.6057469397783,12,1564.6057469397783,payment_link,0.89931935,1576.6057469397783,12,1564.6057469397783,0.0,0.0,0,0.0,False
41810,73482,4260.04,payment_link,0.7917946,3373.0766597008706,12,3361.0766597008706,payment_link,0.7917946,3373.0766597008706,12,3361.0766597008706,0.0,0.0,0,0.0,False
84808,34640,858.09,retry,0.68747103,589.9120179712772,8,581.9120179712772,payment_link,0.7422928,636.9540471214057,12,624.9540471214057,0.05482179,47.04202915012843,4,43.04202915012843,True
99582,51244,886.91,human_escalation,0.9226347,818.2939602267742,250,568.2939602267742,payment_link,0.88773245,787.33878385365,12,775.33878385365,-0.034902275,-30.955176373124118,-238,207.04482362687588,True
72131,7385,5048.4,retry,0.48818114,2464.533687365055,8,2456.533687365055,human_escalation,0.6486696,3274.7436110973354,250,3024.7436110973354,0.16048846,810.2099237322805,242,568.2099237322805,True
65367,74320,1916.75,payment_link,0.5332944,1022.1920023113489,12,1010.1920023113489,human_escalation,0.6610369,1267.042494609952,250,1017.042494609952,0.12774253,244.85049229860306,238,6.850492298603058,True
64810,54030,1498.03,human_escalation,0.7857347,1177.054172231555,250,927.054172231555,payment_link,0.6927356,1037.7387294322252,12,1025.7387294322252,-0.0929991,-139.31544279932973,-238,98.68455720067027,True
5505,27256,1349.03,retry,0.51206154,690.7863743311167,8,682.7863743311167,payment_link,0.59512043,802.8353136730194,12,790.8353136730194,0.08305889,112.04893934190272,4,108.04893934190272,True
1429,1726,1866.66,whatsapp,0.7325222,1367.3698704707624,18,1349.3698704707624,whatsapp,0.7325222,1367.3698704707624,18,1349.3698704707624,0.0,0.0,0,0.0,False
9705,92098,1756.5,whatsapp,0.49022105,861.0732802301645,18,843.0732802301645,payment_link,0.578603,1016.3162208795547,12,1004.3162208795547,0.088381976,155.24294064939022,-6,161.24294064939022,True
90262,74479,1231.41,retry,0.8674401,1068.1744190633299,8,1060.1744190633299,payment_link,0.9198462,1132.7077809441091,12,1120.7077809441091,0.052406073,64.53336188077924,4,60.53336188077924,True
15623,83578,470.67,retry,0.8823118,415.27770478248596,8,407.27770478248596,payment_link,0.9433108,443.9880929249525,12,431.9880929249525,0.060998976,28.71038814246657,4,24.71038814246657,True
85149,86699,2143.35,payment_link,0.5780994,1239.0694124490021,12,1227.0694124490021,payment_link,0.5780994,1239.0694124490021,12,1227.0694124490021,0.0,0.0,0,0.0,False
64128,38268,2901.71,email,0.4464328,1295.4185174790025,5,1290.4185174790025,payment_link,0.59396905,1723.5259235721826,12,1711.5259235721826,0.14753625,428.1074060931801,7,421.1074060931801,True
59919,73273,1512.67,payment_link,0.6930981,1048.4287450426818,12,1036.4287450426818,payment_link,0.6930981,1048.4287450426818,12,1036.4287450426818,0.0,0.0,0,0.0,False
41214,47632,2086.19,whatsapp,0.5566895,1161.3600696921349,18,1143.3600696921349,payment_link,0.6914435,1442.4825213211775,12,1430.4825213211775,0.134754,281.12245162904264,-6,287.12245162904264,True
39471,58601,2036.34,retry,0.78521335,1598.9613556838035,8,1590.9613556838035,payment_link,0.87603813,1783.911493989229,12,1771.911493989229,0.09082478,184.95013830542553,4,180.95013830542553,True
75285,13556,1816.9,email,0.7021033,1275.6515162646772,5,1270.6515162646772,payment_link,0.7400863,1344.6628294706345,12,1332.6628294706345,0.037983,69.01131320595732,7,62.01131320595732,True
91914,20594,820.59,retry,0.7543641,619.0236148899794,8,611.0236148899794,payment_link,0.7869762,645.7848149120808,12,633.7848149120808,0.032612145,26.761200022101434,4,22.761200022101434,True
31859,75242,1311.93,payment_link,0.54947513,720.872911786437,12,708.872911786437,payment_link,0.54947513,720.872911786437,12,708.872911786437,0.0,0.0,0,0.0,False
99153,73474,898.99,whatsapp,0.6185177,556.0412242978812,18,538.0412242978812,payment_link,0.6777217,609.2650123935938,12,597.2650123935938,0.059203982,53.22378809571262,-6,59.22378809571262,True
1737,54669,1987.82,retry,0.71402514,1419.35345341444,8,1411.35345341444,payment_link,0.7550028,1500.8096592366694,12,1488.8096592366694,0.040977657,81.45620582222932,4,77.45620582222932,True
80029,97756,551.18,retry,0.7273621,400.9074402439594,8,392.9074402439594,payment_link,0.79290634,437.03411865115163,12,425.03411865115163,0.06554425,36.12667840719223,4,32.12667840719223,True
82859,57260,893.6,email,0.78400964,700.5910102367401,5,695.5910102367401,payment_link,0.88116705,787.410879611969,12,775.410879611969,0.09715742,86.8198693752289,7,79.8198693752289,True
23387,17140,1063.18,retry,0.7916909,841.7099161994457,8,833.7099161994457,payment_link,0.87491554,930.1927040493489,12,918.1927040493489,0.083224654,88.48278784990316,4,84.48278784990316,True
89796,86542,2143.33,whatsapp,0.81787205,1752.96969540596,18,1734.96969540596,payment_link,0.8576326,1838.1896321600675,12,1826.1896321600675,0.03976053,85.2199367541075,-6,91.2199367541075,True
51306,78318,3358.49,payment_link,0.65115213,2186.887930321693,12,2174.887930321693,payment_link,0.65115213,2186.887930321693,12,2174.887930321693,0.0,0.0,0,0.0,False
46129,32738,2820.49,email,0.49066672,1383.9205694517493,5,1378.9205694517493,payment_link,0.5590269,1576.7297725886106,12,1564.7297725886106,0.06836018,192.80920313686124,7,185.80920313686124,True
22411,73961,1659.49,payment_link,0.6004581,996.4541883677244,12,984.4541883677244,payment_link,0.6004581,996.4541883677244,12,984.4541883677244,0.0,0.0,0,0.0,False
10216,58122,701.08,retry,0.7280406,510.41468700885775,8,502.41468700885775,payment_link,0.7680429,538.4595317697525,12,526.4595317697525,0.040002346,28.04484476089476,4,24.04484476089476,True
93881,39969,1347.15,voice_call,0.60488737,814.8740155041219,90,724.8740155041219,payment_link,0.6708454,903.7293662846089,12,891.7293662846089,0.06595802,88.85535078048702,-78,166.85535078048702,True
68680,96397,1422.41,whatsapp,0.5762529,819.6678557866812,18,801.6678557866812,payment_link,0.5985342,851.3610689985752,12,839.3610689985752,0.022281349,31.693213211893976,-6,37.693213211893976,True
11780,7696,1333.8,whatsapp,0.5095202,679.5980068445206,18,661.5980068445206,payment_link,0.5412769,721.9550920844077,12,709.9550920844077,0.0317567,42.35708523988717,-6,48.35708523988717,True
95336,99580,7147.98,whatsapp,0.7513554,5370.673440871238,18,5352.673440871238,human_escalation,0.84300876,6025.809732270241,250,5775.809732270241,0.09165335,655.1362913990024,232,423.1362913990024,True
17883,27730,7527.08,email,0.6547615,4928.4421402812,5,4923.4421402812,human_escalation,0.8228753,6193.848370525837,250,5943.848370525837,0.16811383,1265.4062302446364,245,1020.4062302446364,True
30133,89033,3704.21,email,0.45036876,1668.2604719483852,5,1663.2604719483852,payment_link,0.57832676,2142.2437740403416,12,2130.2437740403416,0.127958,473.9833020919564,7,466.9833020919564,True
2095,32980,1719.5,email,0.6162038,1059.562408208847,5,1054.562408208847,payment_link,0.743851,1279.051804870367,12,1267.051804870367,0.12764722,219.48939666152,7,212.48939666152,True
6785,69662,2434.08,retry,0.44714585,1088.3887692689896,8,1080.3887692689896,payment_link,0.5059327,1231.4806389427185,12,1219.4806389427185,0.05878684,143.09186967372898,4,139.09186967372898,True
41091,59414,1264.21,whatsapp,0.5261548,665.1701801258325,18,647.1701801258325,payment_link,0.6504926,822.3592606514693,12,810.3592606514693,0.12433779,157.18908052563677,-6,163.18908052563677,True
53743,64218,3684.42,voice_call,0.80972636,2983.371985952854,90,2893.371985952854,payment_link,0.9225171,3398.940530358553,12,3386.940530358553,0.11279076,415.56854440569896,-78,493.56854440569896,True
64330,66688,2079.36,payment_link,0.6895916,1433.9091614913941,12,1421.9091614913941,payment_link,0.6895916,1433.9091614913941,12,1421.9091614913941,0.0,0.0,0,0.0,False
33938,30723,1814.99,retry,0.746413,1354.732117216587,8,1346.732117216587,payment_link,0.8115155,1472.8925356441737,12,1460.8925356441737,0.06510252,118.16041842758659,4,114.16041842758659,True
98424,87101,2445.92,email,0.84874433,2075.9607384586334,5,2070.9607384586334,payment_link,0.91926336,2248.4446445465087,12,2236.4446445465087,0.07051903,172.4839060878753,7,165.4839060878753,True
84687,58620,1241.83,whatsapp,0.79171586,983.1765068793296,18,965.1765068793296,payment_link,0.81581485,1013.1033585464954,12,1001.1033585464954,0.024098992,29.926851667165806,-6,35.926851667165806,True
52358,18167,2198.96,voice_call,0.31033495,682.4141431593895,90,592.4141431593895,payment_link,0.5074767,1115.9209365940094,12,1103.9209365940094,0.19714174,433.5067934346199,-78,511.5067934346199,True
13333,92877,6648.33,whatsapp,0.75427985,5014.701367871761,18,4996.701367871761,human_escalation,0.85885465,5709.949144881964,250,5459.949144881964,0.1045748,695.2477770102023,232,463.2477770102023,True
85542,64776,281.8,payment_link,0.8442242,237.90238366127016,12,225.90238366127016,email,0.8445257,237.98734080791473,5,232.98734080791473,0.0003014803,0.08495714664456955,-7,7.0849571466445695,True
63998,47601,1784.85,retry,0.78231275,1396.3109132945538,8,1388.3109132945538,payment_link,0.8494805,1516.1952878415584,12,1504.1952878415584,0.06716776,119.88437454700465,4,115.88437454700465,True
15722,17867,4444.69,retry,0.45158574,2007.1586220583317,8,1999.1586220583317,payment_link,0.53955495,2398.1545066058634,12,2386.1545066058634,0.08796921,390.99588454753166,4,386.99588454753166,True
24234,39635,1644.0,human_escalation,0.84193254,1384.1370878219604,250,1134.1370878219604,payment_link,0.7599165,1249.3027002811432,12,1237.3027002811432,-0.08201605,-134.83438754081726,-238,103.16561245918274,True
48372,84277,3401.7,email,0.65479654,2227.42139262557,5,2222.42139262557,payment_link,0.7453016,2535.2924672484396,12,2523.2924672484396,0.09050506,307.8710746228694,7,300.8710746228694,True
85023,6997,1407.13,retry,0.5817329,818.5738560360671,8,810.5738560360671,payment_link,0.6323068,889.7378874564172,12,877.7378874564172,0.050573885,71.16403142035006,4,67.16403142035006,True
54366,2646,942.57,retry,0.5383627,507.44451304614546,8,499.44451304614546,payment_link,0.60838324,573.4437889391185,12,561.4437889391185,0.07002056,65.999275892973,4,61.999275892973,True
58657,59677,3292.47,payment_link,0.70861775,2333.1026729053256,12,2321.1026729053256,payment_link,0.70861775,2333.1026729053256,12,2321.1026729053256,0.0,0.0,0,0.0,False
73100,45763,1181.16,retry,0.5842621,690.1069901919366,8,682.1069901919366,payment_link,0.6588034,778.1522279334068,12,766.1522279334068,0.07454133,88.04523774147026,4,84.04523774147026,True
8529,19748,4759.6,payment_link,0.7889191,3754.9393065929416,12,3742.9393065929416,human_escalation,0.8919149,4245.158177638054,250,3995.1581776380544,0.10299581,490.2188710451128,238,252.2188710451128,True
71854,52227,540.97,payment_link,0.9530272,515.5591183131934,12,503.5591183131934,payment_link,0.9530272,515.5591183131934,12,503.5591183131934,0.0,0.0,0,0.0,False
72860,57724,648.35,retry,0.8366305,542.4293997198344,8,534.4293997198344,payment_link,0.89621776,581.0627869158983,12,569.0627869158983,0.05958724,38.63338719606395,4,34.63338719606395,True
51712,49077,2204.06,human_escalation,0.91825396,2023.886819165945,250,1773.886819165945,payment_link,0.9207431,2029.3730541682244,12,2017.3730541682244,0.0024891496,5.4862350022792725,-238,243.48623500227927,True
98317,93969,1702.33,retry,0.6949265,1182.9942292904852,8,1174.9942292904852,payment_link,0.7432432,1265.245226392746,12,1253.245226392746,0.048316717,82.25099710226073,4,78.25099710226073,True
14660,57282,2755.31,human_escalation,0.9448084,2603.2400974065063,250,2353.2400974065063,payment_link,0.9480706,2612.228365561366,12,2600.228365561366,0.0032621622,8.988268154859725,-238,246.98826815485972,True
46554,70620,2290.86,whatsapp,0.6419784,1470.6825986266138,18,1452.6825986266138,payment_link,0.6706172,1536.2901709914208,12,1524.2901709914208,0.02863884,65.60757236480708,-6,71.60757236480708,True
87011,97290,4023.66,retry,0.7444316,2995.339711511135,8,2987.339711511135,payment_link,0.7970445,3207.0361356782914,12,3195.0361356782914,0.0526129,211.69642416715624,4,207.69642416715624,True
37720,45105,1340.38,email,0.682684,915.0559856927396,5,910.0559856927396,payment_link,0.72119534,966.6758100390435,12,954.6758100390435,0.038511336,51.61982434630397,7,44.61982434630397,True
95111,46695,2724.21,whatsapp,0.6872623,1872.246821229458,18,1854.246821229458,human_escalation,0.79275787,2159.6389136731623,250,1909.6389136731623,0.10549557,287.3920924437043,232,55.392092443704314,True
5334,53343,1972.56,payment_link,0.58300066,1150.0037817764282,12,1138.0037817764282,payment_link,0.58300066,1150.0037817764282,12,1138.0037817764282,0.0,0.0,0,0.0,False
9545,5935,1314.81,payment_link,0.86198217,1133.3427726870775,12,1121.3427726870775,payment_link,0.86198217,1133.3427726870775,12,1121.3427726870775,0.0,0.0,0,0.0,False
34873,63981,685.22,payment_link,0.82231855,563.4691195201874,12,551.4691195201874,payment_link,0.82231855,563.4691195201874,12,551.4691195201874,0.0,0.0,0,0.0,False
50329,40479,1118.91,whatsapp,0.8381433,937.8069075948,18,919.8069075948,payment_link,0.8631045,965.7362809664012,12,953.7362809664012,0.024961233,27.929373371601173,-6,33.92937337160117,True
4224,27596,1444.11,payment_link,0.8659186,1250.4816758233308,12,1238.4816758233308,payment_link,0.8659186,1250.4816758233308,12,1238.4816758233308,0.0,0.0,0,0.0,False
76985,60862,1241.39,whatsapp,0.67954344,843.578425486684,18,825.578425486684,payment_link,0.699489,868.3386465561391,12,856.3386465561391,0.019945562,24.760221069455156,-6,30.760221069455156,True
33468,13860,3953.94,payment_link,0.85656285,3386.7981264352798,12,3374.7981264352798,payment_link,0.85656285,3386.7981264352798,12,3374.7981264352798,0.0,0.0,0,0.0,False
62328,95902,2176.39,retry,0.73342127,1596.2107092815636,8,1588.2107092815636,payment_link,0.8433172,1835.387144139409,12,1823.387144139409,0.109895945,239.17643485784538,4,235.17643485784538,True
50573,39540,4169.48,payment_link,0.9311662,3882.478730945587,12,3870.478730945587,payment_link,0.9311662,3882.478730945587,12,3870.478730945587,0.0,0.0,0,0.0,False
50063,163,1125.68,voice_call,0.70486933,793.4573073148728,90,703.4573073148728,payment_link,0.76617694,862.4700567054749,12,850.4700567054749,0.06130761,69.01274939060215,-78,147.01274939060215,True
49118,87768,1860.14,whatsapp,0.7518321,1398.513013780117,18,1380.513013780117,payment_link,0.7573423,1408.7626667797567,12,1396.7626667797567,0.0055101514,10.249652999639693,-6,16.249652999639693,True
69704,47157,4415.02,retry,0.77115434,3404.6618522083763,8,3396.6618522083763,payment_link,0.8581141,3788.5910168480877,12,3776.5910168480877,0.08695978,383.9291646397114,4,379.9291646397114,True
48781,28596,11561.31,voice_call,0.53387564,6172.301824126839,90,6082.301824126839,human_escalation,0.7364891,8514.778994945884,250,8264.778994945884,0.20261347,2342.4771708190447,160,2182.4771708190447,True
53693,50697,2591.8,retry,0.47922042,1242.0434848725797,8,1234.0434848725797,payment_link,0.5401135,1399.866191852093,12,1387.866191852093,0.06089309,157.8227069795132,4,153.8227069795132,True
81683,92103,989.17,retry,0.7348629,726.9043581593037,8,718.9043581593037,payment_link,0.79303944,784.4508239614963,12,772.4508239614963,0.058176517,57.54646580219264,4,53.54646580219264,True
54236,63516,1484.61,payment_link,0.9379312,1392.462009140253,12,1380.462009140253,payment_link,0.9379312,1392.462009140253,12,1380.462009140253,0.0,0.0,0,0.0,False
75934,43530,4463.47,email,0.47915748,2138.7050266203287,5,2133.7050266203287,payment_link,0.60975087,2721.6047018373015,12,2709.6047018373015,0.13059339,582.8996752169728,7,575.8996752169728,True
50498,62676,2448.44,payment_link,0.6971719,1706.9836317157747,12,1694.9836317157747,payment_link,0.6971719,1706.9836317157747,12,1694.9836317157747,0.0,0.0,0,0.0,False
86331,4068,2419.11,retry,0.74752784,1808.3520675873758,8,1800.3520675873758,payment_link,0.8068959,1951.9699689370395,12,1939.9699689370395,0.059368074,143.61790134966373,4,139.61790134966373,True
14457,94694,3065.42,payment_link,0.77597386,2378.6857790362837,12,2366.6857790362837,human_escalation,0.8659248,2654.4231256210805,250,2404.4231256210805,0.08995092,275.7373465847968,238,37.737346584796796,True
17469,79673,7517.68,retry,0.68576777,5155.382647771836,8,5147.382647771836,human_escalation,0.7826266,5883.536555366516,250,5633.536555366516,0.09685886,728.1539075946803,242,486.1539075946803,True
59533,10022,607.06,payment_link,0.9010346,546.9820603799819,12,534.9820603799819,payment_link,0.9010346,546.9820603799819,12,534.9820603799819,0.0,0.0,0,0.0,False
1242,37892,3777.91,voice_call,0.7326696,2767.9597779488563,90,2677.9597779488563,whatsapp,0.82401824,3113.0667489838597,18,3095.0667489838597,0.09134865,345.1069710350034,-72,417.1069710350034,True
14444,62841,1251.36,retry,0.7591435,949.9617747688293,8,941.9617747688293,payment_link,0.832208,1041.3917750644682,12,1029.3917750644682,0.073064506,91.43000029563893,4,87.43000029563893,True
6267,54176,1480.61,retry,0.5589528,827.5911176156997,8,819.5911176156997,payment_link,0.621197,919.7504683232307,12,907.7504683232307,0.062244177,92.15935070753108,4,88.15935070753108,True
11120,56698,4571.98,whatsapp,0.51180166,2339.9469537651535,18,2321.9469537651535,payment_link,0.58132666,2657.8138789618015,12,2645.8138789618015,0.069525,317.866925196648,-6,323.866925196648,True
58195,34321,4229.23,payment_link,0.58096296,2457.0259621995683,12,2445.0259621995683,human_escalation,0.76350325,3229.030864630341,250,2979.030864630341,0.1825403,772.0049024307727,238,534.0049024307727,True
23584,46512,4115.37,whatsapp,0.65213096,2683.7601946914197,18,2665.7601946914197,human_escalation,0.7398409,3044.7191464465855,250,2794.7191464465855,0.08770996,360.9589517551658,232,128.9589517551658,True
60479,2590,1585.37,retry,0.71768296,1137.7930305683612,8,1129.7930305683612,payment_link,0.8114021,1286.3725194430351,12,1274.3725194430351,0.093719125,148.57948887467387,4,144.57948887467387,True
50532,86514,3545.89,email,0.6564884,2327.8357185554505,5,2322.8357185554505,human_escalation,0.76759505,2721.8076214861867,250,2471.8076214861867,0.111106634,393.9719029307362,245,148.97190293073618,True
31839,8835,2742.51,payment_link,0.8719482,2391.3266102153066,12,2379.3266102153066,payment_link,0.8719482,2391.3266102153066,12,2379.3266102153066,0.0,0.0,0,0.0,False
54129,45060,891.91,email,0.42167786,376.09869800537825,5,371.09869800537825,payment_link,0.48516268,432.72144179880615,12,420.72144179880615,0.06348482,56.6227437934279,7,49.6227437934279,True
94043,49967,1159.46,voice_call,0.49101958,569.3175585025549,90,479.3175585025549,payment_link,0.60903364,706.1501491034031,12,694.1501491034031,0.11801407,136.83259060084822,-78,214.83259060084822,True
40383,71656,2218.17,retry,0.48054704,1065.935029271543,8,1057.935029271543,payment_link,0.5361871,1189.3541669601202,12,1177.3541669601202,0.05564007,123.41913768857717,4,119.41913768857717,True
32253,41227,1394.32,payment_link,0.71158093,992.1715253019332,12,980.1715253019332,payment_link,0.71158093,992.1715253019332,12,980.1715253019332,0.0,0.0,0,0.0,False
81992,55003,1287.96,voice_call,0.69394577,893.774388127327,90,803.774388127327,payment_link,0.76453614,984.6919699001312,12,972.6919699001312,0.07059038,90.91758177280417,-78,168.91758177280417,True
8143,46358,1756.14,email,0.6347204,1114.6578570449353,5,1109.6578570449353,payment_link,0.6784583,1191.4677122676374,12,1179.4677122676374,0.04373789,76.80985522270203,7,69.80985522270203,True
23389,7764,4070.56,email,0.6708754,2730.8384481525422,5,2725.8384481525422,human_escalation,0.7861237,3199.9636597347258,250,2949.9636597347258,0.11524832,469.1252115821835,245,224.1252115821835,True
25878,1702,3267.08,payment_link,0.5224648,1706.9343373417853,12,1694.9343373417853,human_escalation,0.6113738,1997.4070562124252,250,1747.4070562124252,0.08890897,290.47271887063994,238,52.47271887063994,True
84906,45656,2779.03,human_escalation,0.60747766,1688.198655219078,250,1438.198655219078,payment_link,0.5841572,1623.3904626345636,12,1611.3904626345636,-0.023320436,-64.80819258451447,-238,173.19180741548553,True
76455,684,1195.41,retry,0.33977798,406.17399061828854,8,398.17399061828854,payment_link,0.38400808,459.04709863454104,12,447.04709863454104,0.044230103,52.8731080162525,4,48.8731080162525,True
57407,33611,3505.69,email,0.5438123,1906.4372541093826,5,1901.4372541093826,payment_link,0.6235764,2186.0655590558054,12,2174.0655590558054,0.07976413,279.62830494642276,7,272.62830494642276,True
30854,5204,1006.96,payment_link,0.91286564,919.2191835784912,12,907.2191835784912,payment_link,0.91286564,919.2191835784912,12,907.2191835784912,0.0,0.0,0,0.0,False
14428,77635,323.76,payment_link,0.52207375,169.02659591674805,12,157.02659591674805,payment_link,0.52207375,169.02659591674805,12,157.02659591674805,0.0,0.0,0,0.0,False
63377,63629,1473.1,voice_call,0.5987355,881.9972817003727,90,791.9972817003727,payment_link,0.71104085,1047.434282696247,12,1035.434282696247,0.11230534,165.4370009958743,-78,243.4370009958743,True
17540,36002,1558.77,retry,0.5248828,818.1715519094467,8,810.1715519094467,payment_link,0.6067507,945.7848302578926,12,933.7848302578926,0.08186793,127.61327834844587,4,123.61327834844587,True
19962,41353,508.55,payment_link,0.5898183,299.95209586322306,12,287.95209586322306,payment_link,0.5898183,299.95209586322306,12,287.95209586322306,0.0,0.0,0,0.0,False
32811,42832,4662.92,whatsapp,0.852969,3977.3261665940286,18,3959.3261665940286,payment_link,0.8631498,4024.7985668730735,12,4012.7985668730735,0.010180831,47.472400279044905,-6,53.472400279044905,True
64717,83660,2772.14,retry,0.69452554,1925.322030109167,8,1917.322030109167,payment_link,0.75412065,2090.5280128896234,12,2078.5280128896234,0.059595108,165.20598278045645,4,161.20598278045645,True
39924,38810,1358.81,retry,0.77809066,1057.277364012599,8,1049.277364012599,payment_link,0.84866726,1153.1775649750232,12,1141.1775649750232,0.07057661,95.90020096242415,4,91.90020096242415,True
36036,72423,959.05,email,0.4078561,391.15439918637276,5,386.15439918637276,payment_link,0.51345426,492.4283065587282,12,480.4283065587282,0.10559815,101.27390737235544,7,94.27390737235544,True
44887,61104,3280.72,payment_link,0.6831243,2241.1395660209655,12,2229.1395660209655,human_escalation,0.81747264,2681.8988286733625,250,2431.8988286733625,0.13434833,440.75926265239696,238,202.75926265239696,True
79901,1828,6370.84,human_escalation,0.7153749,4557.538945028782,250,4307.538945028782,human_escalation,0.7153749,4557.538945028782,250,4307.538945028782,0.0,0.0,0,0.0,False
88296,89967,712.37,payment_link,0.9193193,654.8954698240757,12,642.8954698240757,payment_link,0.9193193,654.8954698240757,12,642.8954698240757,0.0,0.0,0,0.0,False
22890,35658,2004.71,whatsapp,0.8789943,1762.1286352080108,18,1744.1286352080108,whatsapp,0.8789943,1762.1286352080108,18,1744.1286352080108,0.0,0.0,0,0.0,False
21849,45021,2072.47,retry,0.6608961,1369.6873869055507,8,1361.6873869055507,payment_link,0.7994634,1656.8638945758341,12,1644.8638945758341,0.13856727,287.1765076702834,4,283.1765076702834,True
74537,16268,1319.86,retry,0.51890695,684.8845282816886,8,676.8845282816886,whatsapp,0.55659425,734.6264902186393,18,716.6264902186393,0.0376873,49.7419619369507,10,39.7419619369507,True
45633,23525,1776.58,retry,0.7206158,1280.231625417471,8,1272.231625417471,payment_link,0.76155645,1352.9659518158435,12,1340.9659518158435,0.040940642,72.73432639837256,4,68.73432639837256,True
68048,24057,2386.37,email,0.5358675,1278.7781551510095,5,1273.7781551510095,payment_link,0.646562,1542.9361128032206,12,1530.9361128032206,0.11069447,264.15795765221105,7,257.15795765221105,True
72868,13636,857.86,human_escalation,0.8666313,743.4483519470692,250,493.4483519470692,payment_link,0.85418123,732.7679100263119,12,720.7679100263119,-0.012450099,-10.68044192075729,-238,227.3195580792427,True
87485,13321,1598.14,email,0.46584424,744.4843197304011,5,739.4843197304011,payment_link,0.5440924,869.5358549261093,12,857.5358549261093,0.07824817,125.0515351957082,7,118.0515351957082,True
2030,41885,2288.59,whatsapp,0.47225794,1080.8048033931852,18,1062.8048033931852,whatsapp,0.47225794,1080.8048033931852,18,1062.8048033931852,0.0,0.0,0,0.0,False
86906,30082,1634.38,whatsapp,0.8047823,1315.3200487065317,18,1297.3200487065317,payment_link,0.8196213,1339.5727004003525,12,1327.5727004003525,0.014839053,24.25265169382078,-6,30.25265169382078,True
85938,70089,1239.5,whatsapp,0.79437923,984.6330609321594,18,966.6330609321594,payment_link,0.85859877,1064.2331738173962,12,1052.2331738173962,0.064219534,79.60011288523674,-6,85.60011288523674,True
13180,80952,711.02,whatsapp,0.51897365,369.0006435906887,18,351.0006435906887,payment_link,0.55361253,393.62958124518394,12,381.62958124518394,0.03463888,24.628937654495246,-6,30.628937654495246,True
12061,92533,7144.88,payment_link,0.9208265,6579.194805407525,12,6567.194805407525,payment_link,0.9208265,6579.194805407525,12,6567.194805407525,0.0,0.0,0,0.0,False
70067,25029,892.22,retry,0.5324176,475.0336269557476,8,467.0336269557476,payment_link,0.5977148,533.2930825829507,12,521.2930825829507,0.06529719,58.25945562720307,4,54.25945562720307,True
6378,50150,2244.81,retry,0.49837524,1118.757715743184,8,1110.757715743184,payment_link,0.5419845,1216.6522220796346,12,1204.6522220796346,0.04360926,97.8945063364506,4,93.8945063364506,True
61792,76020,1972.9,human_escalation,0.9002817,1776.1658198177815,250,1526.1658198177815,payment_link,0.90105057,1777.6826648712158,12,1765.6826648712158,0.0007688403,1.516845053434281,-238,239.51684505343428,True
75459,64624,1300.93,whatsapp,0.549924,715.4126501333714,18,697.4126501333714,payment_link,0.6125545,796.8905134123564,12,784.8905134123564,0.062630475,81.47786327898507,-6,87.47786327898507,True
91291,50516,1124.76,human_escalation,0.6683854,751.7731472826003,250,501.77314728260035,payment_link,0.64661926,727.2914792275428,12,715.2914792275428,-0.021766126,-24.481668055057526,-238,213.51833194494247,True
43633,72832,2477.85,retry,0.47117248,1167.494733966887,8,1159.494733966887,payment_link,0.58425003,1447.6839440256356,12,1435.6839440256356,0.11307755,280.1892100587486,4,276.1892100587486,True
1010,57690,1108.55,whatsapp,0.7855632,870.8360531121492,18,852.8360531121492,payment_link,0.84428823,935.9357173025608,12,923.9357173025608,0.05872506,65.09966419041154,-6,71.09966419041154,True
28291,22690,2799.79,retry,0.89354426,2501.736274430156,8,2493.736274430156,payment_link,0.9217205,2580.623852024078,12,2568.623852024078,0.028176248,78.88757759392229,4,74.88757759392229,True
35742,55009,1665.55,whatsapp,0.61044425,1016.7254167944193,18,998.7254167944193,payment_link,0.63105035,1051.0459075808524,12,1039.0459075808524,0.0206061,34.32049078643308,-6,40.32049078643308,True
77255,29861,3676.52,whatsapp,0.6923009,2545.2581626558303,18,2527.2581626558303,payment_link,0.7118303,2617.0584006381036,12,2605.0584006381036,0.019529402,71.8002379822733,-6,77.8002379822733,True
51662,62700,1321.38,voice_call,0.81454515,1076.3236763477325,90,986.3236763477325,payment_link,0.921377,1217.4891444790364,12,1205.4891444790364,0.10683185,141.1654681313039,-78,219.1654681313039,True
75586,83644,709.44,retry,0.81191695,576.0063591384888,8,568.0063591384888,payment_link,0.8454526,599.7978972816468,12,587.7978972816468,0.03353566,23.791538143157936,4,19.791538143157936,True
57416,83182,1155.74,voice_call,0.8518665,984.5361698579788,90,894.5361698579788,payment_link,0.9114373,1053.384513926506,12,1041.384513926506,0.05957079,68.84834406852724,-78,146.84834406852724,True
96578,4060,1081.75,retry,0.85484093,924.7241806536913,8,916.7241806536913,payment_link,0.91454387,989.3078282475471,12,977.3078282475471,0.059702933,64.58364759385586,4,60.58364759385586,True
71544,52985,2659.72,whatsapp,0.90127933,2397.1506602621075,18,2379.1506602621075,payment_link,0.92177534,2451.664310054779,12,2439.664310054779,0.02049601,54.51364979267146,-6,60.51364979267146,True
28288,89941,920.36,payment_link,0.7732263,711.6465765595436,12,699.6465765595436,payment_link,0.7732263,711.6465765595436,12,699.6465765595436,0.0,0.0,0,0.0,False
95954,89231,1569.73,whatsapp,0.74842936,1174.8320161420106,18,1156.8320161420106,payment_link,0.77334875,1213.9487312716246,12,1201.9487312716246,0.02491939,39.11671512961402,-6,45.11671512961402,True
51867,15522,2230.19,whatsapp,0.90004903,2007.280347957015,18,1989.280347957015,payment_link,0.9379162,2091.731372974515,12,2079.731372974515,0.03786719,84.45102501750011,-6,90.45102501750011,True
33119,54958,1404.08,payment_link,0.55525136,779.6173294639588,12,767.6173294639588,whatsapp,0.5691555,799.139874434471,18,781.139874434471,0.013904154,19.522544970512286,6,13.522544970512286,True
6252,61466,1878.43,voice_call,0.6099255,1145.70237293005,90,1055.70237293005,payment_link,0.7363633,1383.2068981039524,12,1371.2068981039524,0.12643778,237.5045251739025,-78,315.5045251739025,True
12777,67003,2369.92,retry,0.4964947,1176.652744178772,8,1168.652744178772,payment_link,0.5935036,1406.5560384368896,12,1394.5560384368896,0.097008884,229.9032942581175,4,225.9032942581175,True
71095,27214,935.71,whatsapp,0.6410844,599.8690586572885,18,581.8690586572885,payment_link,0.7200642,673.7712939280271,12,661.7712939280271,0.07897985,73.90223527073863,-6,79.90223527073863,True
18196,14191,260.56,whatsapp,0.78287464,203.98581718921662,18,185.98581718921662,email,0.8250454,214.97383120059968,5,209.97383120059968,0.042170763,10.988014011383058,-13,23.988014011383058,True
53735,49553,1508.8,payment_link,0.78048354,1177.5935709953308,12,1165.5935709953308,payment_link,0.78048354,1177.5935709953308,12,1165.5935709953308,0.0,0.0,0,0.0,False
21197,36552,2407.85,voice_call,0.90649736,2182.709666532278,90,2092.709666532278,payment_link,0.9160031,2205.598083657026,12,2193.598083657026,0.009505749,22.88841712474823,-78,100.88841712474823,True
2581,70838,1955.87,payment_link,0.92306256,1805.390374982357,12,1793.390374982357,payment_link,0.92306256,1805.390374982357,12,1793.390374982357,0.0,0.0,0,0.0,False
59207,69182,893.24,whatsapp,0.5483476,489.8060033941269,18,471.8060033941269,payment_link,0.5895007,526.5656278395653,12,514.5656278395653,0.041153133,36.75962444543842,-6,42.75962444543842,True
61158,66011,5503.24,retry,0.7084084,3898.5415275120736,8,3890.5415275120736,human_escalation,0.80905646,4452.43187764883,250,4202.43187764883,0.100648046,553.8903501367563,242,311.8903501367563,True
50710,93929,1585.19,voice_call,0.5968358,946.0981292229891,90,856.0981292229891,payment_link,0.7125885,1129.5881469660999,12,1117.5881469660999,0.1157527,183.4900177431108,-78,261.4900177431108,True
29994,53922,3637.28,payment_link,0.86273885,3138.0227560806275,12,3126.0227560806275,human_escalation,0.94384515,3433.0290975761413,250,3183.0290975761413,0.081106305,295.0063414955139,238,57.00634149551388,True
60150,31414,2034.91,retry,0.5064505,1030.5811345809698,8,1022.5811345809698,payment_link,0.5408231,1100.5263384854793,12,1088.5263384854793,0.034372628,69.94520390450953,4,65.94520390450953,True
28279,46587,1674.18,retry,0.46900004,785.1904894530774,8,777.1904894530774,whatsapp,0.5405383,904.958429517746,18,886.958429517746,0.07153827,119.76794006466866,10,109.76794006466866,True
846,490,1192.67,retry,0.64710575,771.7836189335585,8,763.7836189335585,payment_link,0.70284784,838.2655314266682,12,826.2655314266682,0.055742085,66.48191249310969,4,62.48191249310969,True
72767,72739,2402.21,payment_link,0.6776091,1627.7593225681783,12,1615.7593225681783,payment_link,0.6776091,1627.7593225681783,12,1615.7593225681783,0.0,0.0,0,0.0,False
7650,92080,506.58,email,0.7291836,369.38983530879017,5,364.38983530879017,payment_link,0.7841112,397.2150525891781,12,385.2150525891781,0.054927588,27.825217280387903,7,20.825217280387903,True
86880,93094,916.1,payment_link,0.5802867,531.6006290614605,12,519.6006290614605,payment_link,0.5802867,531.6006290614605,12,519.6006290614605,0.0,0.0,0,0.0,False
1622,80505,1424.2,email,0.841671,1198.7078239440918,5,1193.7078239440918,payment_link,0.907555,1292.539808344841,12,1280.539808344841,0.065883994,93.8319844007492,7,86.8319844007492,True
99511,65281,851.32,retry,0.4320002,367.77040176749233,8,359.77040176749233,payment_link,0.50981337,434.01431671857836,12,422.01431671857836,0.07781318,66.24391495108603,4,62.243914951086026,True
14959,69086,3711.84,whatsapp,0.5421352,2012.319042978287,18,1994.319042978287,payment_link,0.58395004,2167.529126586914,12,2155.529126586914,0.041814864,155.2100836086272,-6,161.2100836086272,True
54221,76482,3041.43,whatsapp,0.82240474,2501.286455193758,18,2483.286455193758,human_escalation,0.921557,2802.8511345523593,250,2552.8511345523593,0.09915227,301.56467935860155,232,69.56467935860155,True
29324,14147,207.61,retry,0.43007317,89.28749120861292,8,81.28749120861292,payment_link,0.5390009,111.90198274552823,12,99.90198274552823,0.10892776,22.61449153691531,4,18.61449153691531,True
77493,73407,3100.24,human_escalation,0.766909,2377.601968259811,250,2127.601968259811,human_escalation,0.766909,2377.601968259811,250,2127.601968259811,0.0,0.0,0,0.0,False
32523,40376,2826.5,human_escalation,0.7618472,2153.361105173826,250,1903.3611051738262,payment_link,0.70993197,2006.6227121949196,12,1994.6227121949196,-0.05191523,-146.73839297890663,-238,91.26160702109337,True
53328,68750,460.5,payment_link,0.7847409,361.37319588661194,12,349.37319588661194,email,0.775131,356.94781959056854,5,351.94781959056854,-0.009609938,-4.425376296043396,-7,2.574623703956604,True
62207,33497,1697.3,human_escalation,0.764245,1297.1529937922953,250,1047.1529937922953,payment_link,0.7266573,1233.3553867220878,12,1221.3553867220878,-0.037587702,-63.797607070207505,-238,174.2023929297925,True
15034,47511,2250.9,whatsapp,0.7245439,1630.8759300112724,18,1612.8759300112724,payment_link,0.74778485,1683.18892557621,12,1671.18892557621,0.023240924,52.31299556493764,-6,58.31299556493764,True
5972,58985,2224.27,retry,0.81756234,1818.4793897509576,8,1810.4793897509576,payment_link,0.8374178,1862.6432485300302,12,1850.6432485300302,0.01985544,44.1638587790726,4,40.1638587790726,True
97744,30202,2874.58,payment_link,0.6277342,1804.4721314048766,12,1792.4721314048766,human_escalation,0.72762394,2091.6132240486145,250,1841.6132240486145,0.099889755,287.1410926437379,238,49.14109264373792,True
17744,59867,1036.91,voice_call,0.54265517,562.684572287202,90,472.68457228720195,payment_link,0.6506222,674.6366540426017,12,662.6366540426017,0.10796702,111.95208175539972,-78,189.95208175539972,True
78863,94197,2714.49,whatsapp,0.6921504,1878.8353772717712,18,1860.8353772717712,payment_link,0.7240252,1965.3591376680133,12,1953.3591376680133,0.031874776,86.5237603962421,-6,92.5237603962421,True
66133,59129,1636.51,retry,0.72540486,1187.1323051297666,8,1179.1323051297666,payment_link,0.81087804,1327.0100186324119,12,1315.0100186324119,0.08547318,139.8777135026453,4,135.8777135026453,True
98331,26231,868.67,payment_link,0.91691655,796.4978987985849,12,784.4978987985849,payment_link,0.91691655,796.4978987985849,12,784.4978987985849,0.0,0.0,0,0.0,False
28625,87168,4753.69,retry,0.5549373,2637.9999082130194,8,2629.9999082130194,human_escalation,0.7456476,3544.5775835388895,250,3294.5775835388895,0.1907103,906.5776753258701,242,664.5776753258701,True
69924,71611,5525.38,voice_call,0.5026906,2777.5566607487203,90,2687.5566607487203,payment_link,0.64281034,3551.771422376633,12,3539.771422376633,0.14011973,774.2147616279126,-78,852.2147616279126,True
4299,11240,424.88,whatsapp,0.50757015,215.65640427589418,18,197.65640427589418,payment_link,0.5692865,241.87845884799958,12,229.87845884799958,0.061716378,26.222054572105407,-6,32.22205457210541,True
74,80908,2345.29,retry,0.7266541,1704.2146231275797,8,1696.2146231275797,payment_link,0.84569556,1983.4013286787272,12,1971.4013286787272,0.11904144,279.1867055511475,4,275.1867055511475,True
53359,70549,7626.62,payment_link,0.8324689,6348.924167324304,12,6336.924167324304,human_escalation,0.88922095,6781.750304474831,250,6531.750304474831,0.056752026,432.82613715052685,238,194.82613715052685,True
77679,51211,586.93,retry,0.5329679,312.81486426234244,8,304.81486426234244,payment_link,0.5976852,350.79938491702075,12,338.79938491702075,0.06471729,37.984520654678306,4,33.984520654678306,True
96311,5307,4199.25,payment_link,0.60620785,2545.618304014206,12,2533.618304014206,payment_link,0.60620785,2545.618304014206,12,2533.618304014206,0.0,0.0,0,0.0,False
71252,99145,2832.15,voice_call,0.71320146,2019.8935240656137,90,1929.8935240656137,payment_link,0.90912193,2574.76967574656,12,2562.76967574656,0.19592047,554.8761516809464,-78,632.8761516809464,True
52085,67831,9608.48,payment_link,0.8384793,8056.511396827697,12,8044.511396827697,payment_link,0.8384793,8056.511396827697,12,8044.511396827697,0.0,0.0,0,0.0,False
95829,68550,891.6,email,0.7983929,711.8471024036407,5,706.8471024036407,payment_link,0.858606,765.5330925464631,12,753.5330925464631,0.06021309,53.685990142822334,7,46.685990142822334,True
83598,30170,1291.65,retry,0.64671713,835.3321824342013,8,827.3321824342013,payment_link,0.67461866,871.3711940020323,12,859.3711940020323,0.02790153,36.03901156783104,4,32.03901156783104,True
2982,46605,1335.78,retry,0.5365306,716.6868634343147,8,708.6868634343147,payment_link,0.6004525,802.0724173414707,12,790.0724173414707,0.06392187,85.38555390715601,4,81.38555390715601,True
31235,76057,752.88,human_escalation,0.6984006,525.8118562602997,250,275.8118562602997,payment_link,0.59218156,445.84165543556213,12,433.84165543556213,-0.10621905,-79.97020082473756,-238,158.02979917526244,True
77985,37178,6123.52,voice_call,0.45165712,2765.731385498047,90,2675.731385498047,payment_link,0.6059204,3710.36553100586,12,3698.36553100586,0.15426326,944.6341455078127,-78,1022.6341455078127,True
89477,20115,995.57,payment_link,0.588821,586.2125168973208,12,574.2125168973208,payment_link,0.588821,586.2125168973208,12,574.2125168973208,0.0,0.0,0,0.0,False
15444,76102,2243.43,voice_call,0.46507108,1043.3544177496433,90,953.3544177496433,payment_link,0.54713637,1227.4621383994818,12,1215.4621383994818,0.082065284,184.10772064983848,-78,262.1077206498385,True
26464,81367,2036.95,retry,0.624972,1273.0366865098476,8,1265.0366865098476,payment_link,0.68669564,1398.7646743625403,12,1386.7646743625403,0.06172365,125.72798785269265,4,121.72798785269265,True
56210,29413,1565.0,voice_call,0.31752592,496.92806988954544,90,406.92806988954544,retry,0.40404975,632.3378652334213,8,624.3378652334213,0.08652383,135.40979534387589,-82,217.40979534387589,True
28803,70146,1321.23,retry,0.7919895,1046.4002940756084,8,1038.4002940756084,payment_link,0.9009358,1190.3434449344873,12,1178.3434449344873,0.10894632,143.94315085887888,4,139.94315085887888,True
49853,40936,1900.2,email,0.7447441,1415.1627806782724,5,1410.1627806782724,payment_link,0.7785554,1479.4109581947328,12,1467.4109581947328,0.03381127,64.24817751646037,7,57.24817751646037,True
81545,69405,3944.63,voice_call,0.35236624,1389.954436685741,90,1299.954436685741,human_escalation,0.689361,2719.273987623453,250,2469.273987623453,0.33699474,1329.3195509377122,160,1169.3195509377122,True
83734,59346,2864.03,payment_link,0.54196846,1552.2139423882963,12,1540.2139423882963,payment_link,0.54196846,1552.2139423882963,12,1540.2139423882963,0.0,0.0,0,0.0,False
85118,37545,2374.42,email,0.7670945,1821.4045058608056,5,1816.4045058608056,payment_link,0.82039833,1947.9702043533325,12,1935.9702043533325,0.053303838,126.56569849252696,7,119.56569849252696,True
89676,45974,2182.59,retry,0.49825847,1087.4939572870733,8,1079.4939572870733,payment_link,0.5445031,1188.4270052397253,12,1176.4270052397253,0.04624462,100.93304795265203,4,96.93304795265203,True
77494,92807,2688.27,email,0.6751959,1815.108808928132,5,1810.108808928132,payment_link,0.74518394,2003.2556430244447,12,1991.2556430244447,0.06998807,188.14683409631266,7,181.14683409631266,True
13439,17312,3485.46,whatsapp,0.6415603,2236.1328193044665,18,2218.1328193044665,human_escalation,0.7724835,2692.460436319113,250,2442.460436319113,0.13092321,456.3276170146464,232,224.32761701464642,True
62238,63436,944.72,whatsapp,0.73151964,691.0812338209153,18,673.0812338209153,payment_link,0.79087365,747.1541515445709,12,735.1541515445709,0.059354007,56.07291772365568,-6,62.07291772365568,True
98116,71105,618.12,payment_link,0.7826542,483.77423006772995,12,471.77423006772995,payment_link,0.7826542,483.77423006772995,12,471.77423006772995,0.0,0.0,0,0.0,False
98578,77337,2201.43,payment_link,0.71987253,1584.748993129134,12,1572.748993129134,payment_link,0.71987253,1584.748993129134,12,1572.748993129134,0.0,0.0,0,0.0,False
37238,70165,617.22,whatsapp,0.8671795,535.2405390000343,18,517.2405390000343,payment_link,0.9153304,564.9602356624604,12,552.9602356624604,0.048150897,29.71969666242603,-6,35.71969666242603,True
39283,28815,1180.22,whatsapp,0.5476607,646.3601213002205,18,628.3601213002205,payment_link,0.6144032,725.1309308111668,12,713.1309308111668,0.06674248,78.77080951094626,-6,84.77080951094626,True
3678,78458,1326.87,email,0.5486731,728.0178673321008,5,723.0178673321008,payment_link,0.6468029,858.22336687088,12,846.22336687088,0.09812981,130.20549953877924,7,123.20549953877924,True
94215,33365,4539.0,retry,0.6821738,3096.3868262171745,8,3088.3868262171745,payment_link,0.73734474,3346.807783126831,12,3334.807783126831,0.055170953,250.42095690965652,4,246.42095690965652,True
18670,83764,1757.57,retry,0.8863766,1557.8689548516272,8,1549.8689548516272,payment_link,0.92285806,1621.9876394706964,12,1609.9876394706964,0.03648144,64.1186846190692,4,60.1186846190692,True
56723,83332,823.2,retry,0.45415598,373.86120400428774,8,365.86120400428774,payment_link,0.5238826,431.26017894744876,12,419.26017894744876,0.069726646,57.39897494316102,4,53.39897494316102,True
59615,41942,3352.45,payment_link,0.7197971,2413.083703395724,12,2401.083703395724,payment_link,0.7197971,2413.083703395724,12,2401.083703395724,0.0,0.0,0,0.0,False
62320,38965,5774.71,whatsapp,0.48948616,2826.6406108528377,18,2808.6406108528377,human_escalation,0.7179941,4146.207673956156,250,3896.207673956156,0.22850794,1319.5670631033186,232,1087.5670631033186,True
54381,68863,1064.88,retry,0.779834,830.4296005868913,8,822.4296005868913,payment_link,0.8169132,869.9145151090623,12,857.9145151090623,0.037079215,39.48491452217104,4,35.48491452217104,True
68801,57982,1799.78,retry,0.6155525,1107.8590514338016,8,1099.8590514338016,whatsapp,0.6832689,1229.7337092757225,18,1211.7337092757225,0.06771642,121.87465784192091,10,111.87465784192091,True
24903,96419,1052.73,payment_link,0.70609087,743.3230389636755,12,731.3230389636755,payment_link,0.70609087,743.3230389636755,12,731.3230389636755,0.0,0.0,0,0.0,False
11182,62421,970.43,voice_call,0.7347361,713.0099389064312,90,623.0099389064312,payment_link,0.8696808,843.9643599921465,12,831.9643599921465,0.13494474,130.95442108571524,-78,208.95442108571524,True
54124,39126,614.51,voice_call,0.6282285,386.052686676383,90,296.052686676383,payment_link,0.71996766,442.4273287671804,12,430.4273287671804,0.09173918,56.37464209079741,-78,134.3746420907974,True
67672,56368,1618.0,payment_link,0.92595166,1498.18978536129,12,1486.18978536129,payment_link,0.92595166,1498.18978536129,12,1486.18978536129,0.0,0.0,0,0.0,False
58743,71802,979.34,email,0.6652958,651.5507688963413,5,646.5507688963413,payment_link,0.7469501,731.5181010735035,12,719.5181010735035,0.08165431,79.96733217716223,7,72.96733217716223,True
92875,51889,984.54,email,0.80151725,789.1257914972305,5,784.1257914972305,payment_link,0.8626864,849.3492639684677,12,837.3492639684677,0.061169147,60.22347247123719,7,53.22347247123719,True
7709,42639,1922.01,email,0.47734526,917.4623593237997,5,912.4623593237997,payment_link,0.60341305,1159.7659074014425,12,1147.7659074014425,0.12606779,242.30354807764286,7,235.30354807764286,True
42468,25410,1478.0,retry,0.92425954,1366.055605173111,8,1358.055605173111,payment_link,0.95951295,1418.1601386070251,12,1406.1601386070251,0.035253406,52.104533433914185,4,48.104533433914185,True
74671,56644,1863.38,voice_call,0.51227313,954.5595101988316,90,864.5595101988316,payment_link,0.632736,1179.0276584398748,12,1167.0276584398748,0.120462894,224.4681482410432,-78,302.4681482410432,True
82364,55680,2069.78,retry,0.72884005,1508.538565067053,8,1500.538565067053,whatsapp,0.76977426,1593.263364006281,18,1575.263364006281,0.040934205,84.7247989392281,10,74.7247989392281,True
93426,30467,1374.13,payment_link,0.71004987,975.7008246064187,12,963.7008246064187,whatsapp,0.73627937,1011.7435685002805,18,993.7435685002805,0.0262295,36.042743893861825,6,30.042743893861825,True
21776,15983,1115.83,whatsapp,0.54877436,612.3388959157467,18,594.3388959157467,payment_link,0.60310656,672.9643909734488,12,660.9643909734488,0.054332197,60.625495057702096,-6,66.6254950577021,True
10547,98563,1565.13,voice_call,0.5925055,927.3481560999155,90,837.3481560999155,payment_link,0.63025707,986.4342480701209,12,974.4342480701209,0.037751555,59.086091970205416,-78,137.08609197020542,True
44213,72476,4597.01,retry,0.6381353,2933.514419754744,8,2925.514419754744,payment_link,0.69606686,3199.8262994670868,12,3187.8262994670868,0.057931542,266.31187971234294,4,262.31187971234294,True
39591,88177,1406.77,payment_link,0.825616,1161.4518232500552,12,1149.4518232500552,payment_link,0.825616,1161.4518232500552,12,1149.4518232500552,0.0,0.0,0,0.0,False
28133,331,8407.19,retry,0.68534213,5761.801527516246,8,5753.801527516246,human_escalation,0.8436669,7092.868018542528,250,6842.868018542528,0.15832478,1331.0664910262822,242,1089.0664910262822,True
15610,82818,12086.5,whatsapp,0.92373586,11164.733435750008,18,11146.733435750008,payment_link,0.9412218,11376.076966911554,12,11364.076966911554,0.017485917,211.3435311615467,-6,217.3435311615467,True
37481,82810,900.36,payment_link,0.5626278,506.5675591278076,12,494.5675591278076,payment_link,0.5626278,506.5675591278076,12,494.5675591278076,0.0,0.0,0,0.0,False
14443,77790,1389.58,whatsapp,0.66375685,922.3432399845123,18,904.3432399845123,payment_link,0.7279104,1011.4897328495979,12,999.4897328495979,0.06415355,89.14649286508563,-6,95.14649286508563,True
88653,32261,1120.71,voice_call,0.51292956,574.8452857911587,90,484.84528579115874,payment_link,0.6268271,702.4914225304127,12,690.4914225304127,0.11389756,127.64613673925396,-78,205.64613673925396,True
23220,91779,1038.79,retry,0.6453587,670.3921449410915,8,662.3921449410915,payment_link,0.6975874,724.6467849886417,12,712.6467849886417,0.05222869,54.2546400475502,4,50.2546400475502,True
55207,86146,10627.85,payment_link,0.8186741,8700.745401096345,12,8688.745401096345,human_escalation,0.872149,9269.068650078774,250,9019.068650078774,0.053474903,568.3232489824295,238,330.3232489824295,True
66414,49758,3358.63,whatsapp,0.76078606,2555.1988730049134,18,2537.1988730049134,payment_link,0.81274736,2729.7176632845403,12,2717.7176632845403,0.051961303,174.51879027962696,-6,180.51879027962696,True
75407,78968,775.71,whatsapp,0.58740103,455.65285488009454,18,437.65285488009454,payment_link,0.68308973,529.8795368814468,12,517.8795368814468,0.0956887,74.22668200135229,-6,80.22668200135229,True
39255,94000,6489.27,payment_link,0.8672976,5628.128230424523,12,5616.128230424523,whatsapp,0.88573384,5747.766054389477,18,5729.766054389477,0.018436253,119.6378239649539,6,113.6378239649539,True
60143,45565,4989.76,email,0.6725154,3355.6904039001465,5,3350.6904039001465,payment_link,0.70891523,3537.3168760681156,12,3525.3168760681156,0.03639984,181.62647216796904,7,174.62647216796904,True
41922,86662,2316.01,payment_link,0.8937204,2069.8653567671777,12,2057.8653567671777,payment_link,0.8937204,2069.8653567671777,12,2057.8653567671777,0.0,0.0,0,0.0,False
95244,73968,3915.02,whatsapp,0.67005825,2623.291451587677,18,2605.291451587677,payment_link,0.70594376,2763.783952022791,12,2751.783952022791,0.035885513,140.49250043511393,-6,146.49250043511393,True
97755,92867,1638.42,retry,0.52008516,852.1179212343693,8,844.1179212343693,payment_link,0.56311935,922.6260084807873,12,910.6260084807873,0.043034196,70.50808724641797,4,66.50808724641797,True
36811,83255,3218.82,whatsapp,0.8800847,2832.834212912321,18,2814.834212912321,payment_link,0.89670336,2886.326717169285,12,2874.326717169285,0.016618669,53.49250425696391,-6,59.49250425696391,True
60519,6246,2543.27,email,0.8331176,2118.8430093753336,5,2113.8430093753336,payment_link,0.8948133,2275.7518194031713,12,2263.7518194031713,0.061695695,156.90881002783772,7,149.90881002783772,True
18995,74014,2253.36,retry,0.34080198,767.9495588278771,8,759.9495588278771,payment_link,0.4101951,924.3172580909729,12,912.3172580909729,0.06939313,156.3676992630958,4,152.3676992630958,True
57372,14163,936.17,retry,0.5117051,479.04296396911144,8,471.04296396911144,payment_link,0.5588445,523.1734618753195,12,511.1734618753195,0.047139406,44.13049790620806,4,40.13049790620806,True
2398,64246,780.13,whatsapp,0.8706136,679.1917682504654,18,661.1917682504654,payment_link,0.89513296,698.3200752180815,12,686.3200752180815,0.024519384,19.128306967616027,-6,25.128306967616027,True
9761,8736,2595.63,payment_link,0.6461163,1677.0788941258193,12,1665.0788941258193,payment_link,0.6461163,1677.0788941258193,12,1665.0788941258193,0.0,0.0,0,0.0,False
50239,56585,480.44,payment_link,0.60879844,292.49112456560135,12,280.49112456560135,payment_link,0.60879844,292.49112456560135,12,280.49112456560135,0.0,0.0,0,0.0,False
39883,33565,1725.38,payment_link,0.6930893,1195.8424273979665,12,1183.8424273979665,payment_link,0.6930893,1195.8424273979665,12,1183.8424273979665,0.0,0.0,0,0.0,False
89564,17406,1834.16,retry,0.5599822,1027.0969163608552,8,1019.0969163608552,payment_link,0.66452444,1218.8441395282746,12,1206.8441395282746,0.104542255,191.7472231674194,4,187.7472231674194,True
83072,4237,331.17,payment_link,0.74269384,245.95791947543623,12,233.95791947543623,payment_link,0.74269384,245.95791947543623,12,233.95791947543623,0.0,0.0,0,0.0,False
4312,98799,1014.8,payment_link,0.690799,701.0228230476379,12,689.0228230476379,payment_link,0.690799,701.0228230476379,12,689.0228230476379,0.0,0.0,0,0.0,False
6729,26872,531.8,payment_link,0.735767,391.2808942556381,12,379.2808942556381,payment_link,0.735767,391.2808942556381,12,379.2808942556381,0.0,0.0,0,0.0,False
51799,61100,1854.17,whatsapp,0.5743074,1064.8635186809302,18,1046.8635186809302,payment_link,0.58824354,1090.7035321670771,12,1078.7035321670771,0.013936162,25.840013486146972,-6,31.840013486146972,True
49574,48995,1300.99,retry,0.7163043,931.9047341394424,8,923.9047341394424,whatsapp,0.7648672,995.0845610249042,18,977.0845610249042,0.048562884,63.17982688546181,10,53.17982688546181,True
80572,45190,3392.07,human_escalation,0.83313,2826.0352859580516,250,2576.0352859580516,payment_link,0.7882539,2673.8124180686477,12,2661.8124180686477,-0.0448761,-152.22286788940391,-238,85.77713211059609,True
14102,91644,631.95,voice_call,0.5077822,320.892974460125,90,230.892974460125,payment_link,0.6578696,415.7406794428826,12,403.7406794428826,0.15008736,94.84770498275759,-78,172.8477049827576,True
76413,78750,1666.19,whatsapp,0.9070342,1511.2913442081212,18,1493.2913442081212,payment_link,0.9327968,1554.21666069448,12,1542.21666069448,0.025762558,42.925316486358724,-6,48.925316486358724,True
15401,65099,2123.44,payment_link,0.5914925,1255.9987791585922,12,1243.9987791585922,payment_link,0.5914925,1255.9987791585922,12,1243.9987791585922,0.0,0.0,0,0.0,False
65964,63210,1493.34,payment_link,0.569553,850.5363033270835,12,838.5363033270835,retry,0.57278156,855.3576189994811,8,847.3576189994811,0.0032285452,4.821315672397645,-4,8.821315672397645,True
1118,6825,1238.22,retry,0.74487215,922.3155970466137,8,914.3155970466137,payment_link,0.80579925,997.7567421770096,12,985.7567421770096,0.060927093,75.44114513039597,4,71.44114513039597,True
99259,3211,2028.3,whatsapp,0.4994607,1013.0561320781708,18,995.0561320781708,payment_link,0.6747029,1368.4998571157455,12,1356.4998571157455,0.17524219,355.4437250375747,-6,361.4437250375747,True
98137,40769,1679.31,whatsapp,0.7200852,1209.2462833374739,18,1191.2462833374739,payment_link,0.74728566,1254.9242885488272,12,1242.9242885488272,0.02720046,45.678005211353366,-6,51.678005211353366,True
37850,44734,3182.95,whatsapp,0.53635573,1707.1934831261633,18,1689.1934831261633,payment_link,0.58566815,1864.152427253127,12,1852.152427253127,0.049312413,156.95894412696362,-6,162.95894412696362,True
49803,29439,475.95,retry,0.64268357,305.8852430552244,8,297.8852430552244,payment_link,0.6944217,330.5100122004747,12,318.5100122004747,0.051738143,24.624769145250298,4,20.624769145250298,True
31166,42225,1398.2,retry,0.530443,741.6654203772545,8,733.6654203772545,payment_link,0.5927126,828.7307309746742,12,816.7307309746742,0.06226957,87.06531059741974,4,83.06531059741974,True
4319,76730,584.72,whatsapp,0.8575322,501.4162298536301,18,483.4162298536301,payment_link,0.9041016,528.6462935066223,12,516.6462935066223,0.046569407,27.230063652992214,-6,33.230063652992214,True
2288,83175,1028.99,whatsapp,0.62022376,638.2040474247932,18,620.2040474247932,payment_link,0.68332934,703.139061472416,12,691.139061472416,0.06310558,64.93501404762276,-6,70.93501404762276,True
37386,18063,1910.23,retry,0.59536666,1137.2872487813233,8,1129.2872487813233,payment_link,0.6465783,1235.1132887792587,12,1223.1132887792587,0.051211655,97.82603999793537,4,93.82603999793537,True
97730,89254,1856.48,whatsapp,0.53430873,991.9334739589691,18,973.9334739589691,payment_link,0.6097522,1131.9927237701415,12,1119.9927237701415,0.07544345,140.05924981117244,-6,146.05924981117244,True
20268,86317,2746.42,retry,0.51087785,1403.0851384019852,8,1395.0851384019852,human_escalation,0.72092676,1979.967676668167,250,1729.967676668167,0.21004891,576.8825382661819,242,334.8825382661819,True
36545,50068,3008.19,whatsapp,0.7629786,2295.184634973407,18,2277.184634973407,human_escalation,0.875388,2633.3335066473483,250,2383.3335066473483,0.11240941,338.14887167394136,232,106.14887167394136,True
42444,4556,463.96,retry,0.4883932,226.59490328311918,8,218.59490328311918,payment_link,0.61174035,283.8230531215668,12,271.8230531215668,0.12334716,57.22814983844759,4,53.22814983844759,True
13105,96230,1655.7,retry,0.65761936,1088.820369565487,8,1080.820369565487,payment_link,0.70959854,1174.882304763794,12,1162.882304763794,0.051979184,86.06193519830708,4,82.06193519830708,True
431,91053,2651.57,payment_link,0.5950685,1577.8658205872775,12,1565.8658205872775,payment_link,0.5950685,1577.8658205872775,12,1565.8658205872775,0.0,0.0,0,0.0,False
72135,96152,5486.45,voice_call,0.5373406,2948.092232915759,90,2858.092232915759,human_escalation,0.68471885,3756.675719630718,250,3506.675719630718,0.14737827,808.5834867149592,160,648.5834867149592,True
66557,22605,2833.17,voice_call,0.6891541,1952.4906889075041,90,1862.4906889075041,payment_link,0.7910414,2241.154690160751,12,2229.154690160751,0.101887286,288.6640012532471,-78,366.6640012532471,True
34678,12483,1461.9,voice_call,0.6072828,887.7867507040501,90,797.7867507040501,payment_link,0.687697,1005.3442345798017,12,993.3442345798017,0.080414176,117.55748387575159,-78,195.5574838757516,True
67290,94556,949.12,whatsapp,0.8814259,836.5789664840698,18,818.5789664840698,payment_link,0.90935975,863.0915288925171,12,851.0915288925171,0.027933836,26.512562408447252,-6,32.51256240844725,True
80693,77766,2199.46,whatsapp,0.6490957,1427.6600593173505,18,1409.6600593173505,payment_link,0.6799105,1495.4359064877033,12,1483.4359064877033,0.030814767,67.77584717035279,-6,73.77584717035279,True
74769,29728,1584.4,email,0.50266534,796.4229661226273,5,791.4229661226273,payment_link,0.60629714,960.6171812534333,12,948.6171812534333,0.103631794,164.19421513080601,7,157.19421513080601,True
65473,59310,647.08,retry,0.71938604,465.5003195166588,8,457.5003195166588,payment_link,0.7788683,503.9901109552384,12,491.9901109552384,0.059482276,38.48979143857957,4,34.48979143857957,True
75350,58301,1503.9,payment_link,0.894887,1345.8205149650576,12,1333.8205149650576,payment_link,0.894887,1345.8205149650576,12,1333.8205149650576,0.0,0.0,0,0.0,False
87422,4230,1215.26,retry,0.4513146,548.46457875669,8,540.46457875669,payment_link,0.48946318,594.8250244957209,12,582.8250244957209,0.038148582,46.360445739030865,4,42.360445739030865,True
32954,50418,1402.24,whatsapp,0.5032202,705.6354940032959,18,687.6354940032959,payment_link,0.57813007,810.6771043014527,12,798.6771043014527,0.074909866,105.0416102981568,-6,111.0416102981568,True
43692,21712,2560.74,retry,0.6960106,1782.3021572113037,8,1774.3021572113037,payment_link,0.73059636,1870.8673319828508,12,1858.8673319828508,0.034585774,88.56517477154716,4,84.56517477154716,True
70685,65866,4618.0,email,0.72385776,3342.7751376628876,5,3337.7751376628876,human_escalation,0.8492386,3921.783737063408,250,3671.783737063408,0.12538081,579.0085994005203,245,334.0085994005203,True
90829,81061,1980.89,retry,0.7280803,1442.2469313383103,8,1434.2469313383103,payment_link,0.80480653,1594.2332081538439,12,1582.2332081538439,0.07672626,151.98627681553353,4,147.98627681553353,True
24248,48099,1336.92,retry,0.7569058,1011.9224943065644,8,1003.9224943065644,payment_link,0.8599658,1149.7054789924623,12,1137.7054789924623,0.10306001,137.78298468589787,4,133.78298468589787,True
33220,81299,3465.45,email,0.5565158,1928.5777237236498,5,1923.5777237236498,human_escalation,0.74484026,2581.2066939890383,250,2331.2066939890383,0.18832445,652.6289702653885,245,407.6289702653885,True
89883,59675,2949.07,retry,0.67121303,1979.4542127859593,8,1971.4542127859593,payment_link,0.7273102,2144.888634490967,12,2132.888634490967,0.05609715,165.4344217050077,4,161.4344217050077,True
40880,42890,1373.58,retry,0.5655974,776.8932972550392,8,768.8932972550392,payment_link,0.62895083,863.9142869424819,12,851.9142869424819,0.06335342,87.0209896874427,4,83.0209896874427,True
58828,48169,7371.49,whatsapp,0.42086843,3102.427397712767,18,3084.427397712767,payment_link,0.48307818,3561.005985941291,12,3549.005985941291,0.062209755,458.57858822852404,-6,464.57858822852404,True
42102,29543,1400.32,retry,0.76528686,1071.6464997863768,8,1063.6464997863768,payment_link,0.8553695,1197.7910298156737,12,1185.7910298156737,0.090082645,126.1445300292969,4,122.1445300292969,True
24089,62075,4822.3,retry,0.68581396,3307.2006757676604,8,3299.2006757676604,human_escalation,0.82488513,3977.8435620546343,250,3727.8435620546343,0.13907117,670.6428862869739,242,428.64288628697386,True
50763,27399,384.24,whatsapp,0.70224917,269.8322208309174,18,251.83222083091738,payment_link,0.73071027,280.7681133842468,12,268.7681133842468,0.028461099,10.935892553329438,-6,16.935892553329438,True
83647,785,1050.88,retry,0.5015799,527.1002650451661,8,519.1002650451661,payment_link,0.5699627,598.962381515503,12,586.962381515503,0.0683828,71.8621164703369,4,67.8621164703369,True
51481,10639,3830.86,whatsapp,0.8229267,3152.51697840333,18,3134.51697840333,payment_link,0.8474453,3246.444337056875,12,3234.444337056875,0.024518609,93.92735865354507,-6,99.92735865354507,True
81882,81767,3796.71,email,0.73677933,2797.3374582087995,5,2792.3374582087995,payment_link,0.80337614,3050.1862177044154,12,3038.1862177044154,0.066596806,252.84875949561592,7,245.84875949561592,True
76744,94703,1281.06,retry,0.5434059,696.1355500388145,8,688.1355500388145,payment_link,0.5953079,762.6251212084293,12,750.6251212084293,0.051901996,66.4895711696148,4,62.489571169614806,True
2549,16946,557.53,payment_link,0.93721086,522.5231695872545,12,510.52316958725453,payment_link,0.93721086,522.5231695872545,12,510.52316958725453,0.0,0.0,0,0.0,False
64944,82147,3688.76,payment_link,0.5796772,2138.290157389641,12,2126.290157389641,payment_link,0.5796772,2138.290157389641,12,2126.290157389641,0.0,0.0,0,0.0,False
41074,18850,1290.13,retry,0.6388537,824.2043610996009,8,816.2043610996009,payment_link,0.709585,915.4569102483989,12,903.4569102483989,0.07073128,91.25254914879804,4,87.25254914879804,True
11956,20114,1154.43,whatsapp,0.7701198,889.049384855032,18,871.049384855032,payment_link,0.77747655,897.5422526335717,12,885.5422526335717,0.007356763,8.492867778539676,-6,14.492867778539676,True
20286,73056,1231.69,whatsapp,0.52834153,650.7529812455177,18,632.7529812455177,payment_link,0.54766315,674.5512279552222,12,662.5512279552222,0.01932162,23.798246709704472,-6,29.798246709704472,True
29574,86712,3035.79,payment_link,0.75789624,2300.8138401693104,12,2288.8138401693104,payment_link,0.75789624,2300.8138401693104,12,2288.8138401693104,0.0,0.0,0,0.0,False
44599,87454,3344.33,retry,0.6879624,2300.773336113691,8,2292.773336113691,payment_link,0.79633945,2663.22192039907,12,2651.22192039907,0.10837704,362.44858428537873,4,358.44858428537873,True
955,33790,846.66,payment_link,0.7649535,647.655525290966,12,635.655525290966,payment_link,0.7649535,647.655525290966,12,635.655525290966,0.0,0.0,0,0.0,False
52261,72386,904.57,whatsapp,0.74604493,674.8498657637834,18,656.8498657637834,payment_link,0.8486355,767.6502094489337,12,755.6502094489337,0.10259056,92.80034368515021,-6,98.80034368515021,True
93713,44911,1332.21,retry,0.6958028,926.9554585897923,8,918.9554585897923,payment_link,0.7472255,995.4613139891625,12,983.4613139891625,0.051422715,68.50585539937015,4,64.50585539937015,True
28620,21390,866.84,voice_call,0.79352444,687.8587291264535,90,597.8587291264535,payment_link,0.87809587,761.1686198329926,12,749.1686198329926,0.08457142,73.30989070653914,-78,151.30989070653914,True
83858,31677,1326.83,whatsapp,0.51558006,684.0870884859562,18,666.0870884859562,payment_link,0.58693665,778.7651588493585,12,766.7651588493585,0.071356595,94.6780703634023,-6,100.6780703634023,True
21187,91742,2716.3,payment_link,0.91076356,2473.9070627152923,12,2461.9070627152923,payment_link,0.91076356,2473.9070627152923,12,2461.9070627152923,0.0,0.0,0,0.0,False
26815,53147,1664.01,whatsapp,0.5642495,938.9168363428116,18,920.9168363428116,payment_link,0.6326403,1052.7197892326117,12,1040.7197892326117,0.06839079,113.80295288980005,-6,119.80295288980005,True
96766,97645,786.42,voice_call,0.68666404,540.0063381564617,90,450.00633815646165,payment_link,0.7365488,579.2366926646232,12,567.2366926646232,0.049884737,39.230354508161554,-78,117.23035450816155,True
21940,74469,2135.29,retry,0.687757,1468.5606770467757,8,1460.5606770467757,whatsapp,0.7300408,1558.8487955975531,18,1540.8487955975531,0.042283773,90.28811855077743,10,80.28811855077743,True
69574,69693,4681.99,retry,0.7349178,3440.877881720662,8,3432.877881720662,payment_link,0.8017741,3753.898246206641,12,3741.898246206641,0.066856265,313.0203644859789,4,309.0203644859789,True
49908,90627,2064.77,payment_link,0.7118896,1469.888340176344,12,1457.888340176344,payment_link,0.7118896,1469.888340176344,12,1457.888340176344,0.0,0.0,0,0.0,False
9448,30690,975.59,human_escalation,0.93060493,907.8888682365417,250,657.8888682365417,whatsapp,0.8906782,868.936771427989,18,850.936771427989,-0.039926708,-38.95209680855271,-232,193.0479031914473,True
1051,82844,832.88,payment_link,0.6242666,519.9391861724854,12,507.9391861724854,payment_link,0.6242666,519.9391861724854,12,507.9391861724854,0.0,0.0,0,0.0,False
10566,52915,1409.69,retry,0.47987476,676.4746503010392,8,668.4746503010392,payment_link,0.52907044,745.8253042703867,12,733.8253042703867,0.049195677,69.35065396934749,4,65.35065396934749,True
52145,30313,1763.28,payment_link,0.5721165,1008.801571855545,12,996.801571855545,payment_link,0.5721165,1008.801571855545,12,996.801571855545,0.0,0.0,0,0.0,False
24387,83009,2711.73,whatsapp,0.7823828,2121.6108730226756,18,2103.6108730226756,human_escalation,0.8783513,2381.851492522359,250,2131.851492522359,0.095968485,260.24061949968336,232,28.240619499683362,True
20403,88534,2208.23,voice_call,0.65515465,1446.7321427065135,90,1356.7321427065135,payment_link,0.71725965,1583.874266898632,12,1571.874266898632,0.062105,137.14212419211844,-78,215.14212419211844,True
28808,85149,1989.05,email,0.649722,1292.32950450778,5,1287.32950450778,payment_link,0.7532116,1498.175567728281,12,1486.175567728281,0.10348964,205.84606322050104,7,198.84606322050104,True
60864,25238,1841.19,whatsapp,0.4462729,821.6732185024023,18,803.6732185024023,payment_link,0.5381634,990.8611137843133,12,978.8611137843133,0.091890514,169.18789528191098,-6,175.18789528191098,True
55579,36995,2679.27,voice_call,0.82955086,2222.5907388675214,90,2132.5907388675214,payment_link,0.89811933,2406.3041783773897,12,2394.3041783773897,0.06856847,183.7134395098683,-78,261.7134395098683,True
78362,98291,5125.54,whatsapp,0.83595985,4284.7456584966185,18,4266.7456584966185,payment_link,0.8814223,4517.765159516334,12,4505.765159516334,0.04546243,233.0195010197158,-6,239.0195010197158,True
43944,70123,2266.47,retry,0.67468876,1529.1618258672952,8,1521.1618258672952,payment_link,0.7222109,1636.869302473068,12,1624.869302473068,0.047522128,107.70747660577285,4,103.70747660577285,True
72710,7437,886.22,payment_link,0.7645471,677.5569394731522,12,665.5569394731522,payment_link,0.7645471,677.5569394731522,12,665.5569394731522,0.0,0.0,0,0.0,False
72391,60594,1256.55,retry,0.7632742,959.0921869754791,8,951.0921869754791,payment_link,0.8274754,1039.7642497837544,12,1027.7642497837544,0.064201236,80.67206280827531,4,76.67206280827531,True
76700,59514,408.4,whatsapp,0.9380387,383.0950078487396,18,365.0950078487396,payment_link,0.9491698,387.6409522771835,12,375.6409522771835,0.011131108,4.545944428443875,-6,10.545944428443875,True
93379,1127,803.23,payment_link,0.561038,450.642566614151,12,438.642566614151,payment_link,0.561038,450.642566614151,12,438.642566614151,0.0,0.0,0,0.0,False
69001,13589,957.83,whatsapp,0.8227607,788.0648824107648,18,770.0648824107648,payment_link,0.87108403,834.3504207104445,12,822.3504207104445,0.048323333,46.28553829967973,-6,52.28553829967973,True
36204,83722,1065.18,whatsapp,0.5010246,533.6813875222207,18,515.6813875222207,payment_link,0.55229646,588.295142916441,12,576.295142916441,0.051271856,54.613755394220334,-6,60.613755394220334,True
87295,59007,3384.92,payment_link,0.6054306,2049.3341567993166,12,2037.3341567993166,payment_link,0.6054306,2049.3341567993166,12,2037.3341567993166,0.0,0.0,0,0.0,False
80899,75021,1928.07,retry,0.72565675,1399.117005765438,8,1391.117005765438,payment_link,0.8093157,1560.4172859477997,12,1548.4172859477997,0.08365893,161.30028018236158,4,157.30028018236158,True
52894,43740,2191.66,whatsapp,0.7487089,1640.91535607934,18,1622.91535607934,payment_link,0.7616575,1669.29422478199,12,1657.29422478199,0.012948573,28.378868702649925,-6,34.378868702649925,True
30819,799,636.43,payment_link,0.7780998,495.2060400032997,12,483.2060400032997,payment_link,0.7780998,495.2060400032997,12,483.2060400032997,0.0,0.0,0,0.0,False
53888,19395,5045.16,email,0.8577573,4327.522670009136,5,4322.522670009136,payment_link,0.9106325,4594.2866188573835,12,4582.2866188573835,0.05287522,266.7639488482473,7,259.7639488482473,True
78543,32589,3049.35,human_escalation,0.7725559,2355.7932961553333,250,2105.7932961553333,payment_link,0.70481795,2149.236618044972,12,2137.236618044972,-0.06773794,-206.5566781103612,-238,31.44332188963881,True
65934,57103,629.77,whatsapp,0.5709059,359.5394236588478,18,341.5394236588478,payment_link,0.61514443,387.39950868308546,12,375.39950868308546,0.044238508,27.860085024237662,-6,33.86008502423766,True
73475,53521,842.28,whatsapp,0.54864174,462.10996584177013,18,444.10996584177013,payment_link,0.65009844,547.5649165964127,12,535.5649165964127,0.1014567,85.45495075464254,-6,91.45495075464254,True
29941,34083,958.27,payment_link,0.9072996,869.4379667919874,12,857.4379667919874,payment_link,0.9072996,869.4379667919874,12,857.4379667919874,0.0,0.0,0,0.0,False
47090,46518,267.51,whatsapp,0.7904131,211.44340347111225,18,193.44340347111225,payment_link,0.8164313,218.40353276968003,12,206.40353276968003,0.026018202,6.960129298567779,-6,12.960129298567779,True
43411,84767,1285.8,whatsapp,0.52161396,670.6912239789963,18,652.6912239789963,payment_link,0.5620894,722.7345294356346,12,710.7345294356346,0.040475428,52.043305456638336,-6,58.043305456638336,True
77538,46404,1862.48,payment_link,0.5535949,1031.059405617714,12,1019.059405617714,payment_link,0.5535949,1031.059405617714,12,1019.059405617714,0.0,0.0,0,0.0,False
43696,69560,1891.71,email,0.59841704,1132.0315057110786,5,1127.0315057110786,payment_link,0.69176346,1308.6158561199904,12,1296.6158561199904,0.09334642,176.58435040891186,7,169.58435040891186,True
22136,48443,1458.59,payment_link,0.8429032,1229.4501738375425,12,1217.4501738375425,payment_link,0.8429032,1229.4501738375425,12,1217.4501738375425,0.0,0.0,0,0.0,False
24658,64208,4194.9,retry,0.68789226,2885.6392337858674,8,2877.6392337858674,payment_link,0.7692741,3227.027987372875,12,3215.027987372875,0.08138186,341.3887535870076,4,337.3887535870076,True
30176,64843,1660.42,whatsapp,0.6048422,1004.2920624351502,18,986.2920624351502,whatsapp,0.6048422,1004.2920624351502,18,986.2920624351502,0.0,0.0,0,0.0,False
66549,16185,1471.85,email,0.5134891,755.7789718091487,5,750.7789718091487,payment_link,0.5914427,870.5149441778659,12,858.5149441778659,0.07795358,114.73597236871717,7,107.73597236871717,True
75507,57583,2043.27,voice_call,0.682791,1395.126355626583,90,1305.126355626583,payment_link,0.75519556,1543.068427940011,12,1531.068427940011,0.07240456,147.94207231342784,-78,225.94207231342784,True
24725,44590,1183.92,retry,0.67343354,797.2914393424988,8,789.2914393424988,payment_link,0.7150501,846.5621159076691,12,834.5621159076691,0.04161656,49.27067656517022,4,45.27067656517022,True
56515,89120,901.54,retry,0.58711755,529.309958512783,8,521.309958512783,payment_link,0.6552035,590.6921825492382,12,578.6921825492382,0.06808597,61.38222403645511,4,57.38222403645511,True
7215,43774,1389.84,payment_link,0.6631281,921.6419279050826,12,909.6419279050826,payment_link,0.6631281,921.6419279050826,12,909.6419279050826,0.0,0.0,0,0.0,False
34179,50044,8899.75,email,0.87613636,7797.394592627883,5,7792.394592627883,payment_link,0.9286452,8264.71006153524,12,8252.71006153524,0.05250883,467.31546890735626,7,460.31546890735626,True
562,9640,956.58,retry,0.9090321,869.5619323396683,8,861.5619323396683,payment_link,0.9457905,904.724304471016,12,892.724304471016,0.036758423,35.16237213134775,4,31.16237213134775,True
3759,18313,2728.58,email,0.5361851,1463.0239013397693,5,1458.0239013397693,payment_link,0.59552675,1624.9423927652836,12,1612.9423927652836,0.05934167,161.91849142551428,7,154.91849142551428,True
13578,73916,3212.16,whatsapp,0.741682,2382.4012306594846,18,2364.4012306594846,whatsapp,0.741682,2382.4012306594846,18,2364.4012306594846,0.0,0.0,0,0.0,False
98501,3466,3936.39,human_escalation,0.9201859,3622.2106677067277,250,3372.2106677067277,human_escalation,0.9201859,3622.2106677067277,250,3372.2106677067277,0.0,0.0,0,0.0,False
33375,67592,2709.63,email,0.77216214,2092.273697825074,5,2087.273697825074,payment_link,0.8486436,2299.510160416961,12,2287.510160416961,0.07648146,207.23646259188672,7,200.23646259188672,True
3925,87077,3998.05,payment_link,0.54778737,2190.0812878221273,12,2178.0812878221273,human_escalation,0.6485987,2593.1299164295197,250,2343.1299164295197,0.1008113,403.0486286073924,238,165.0486286073924,True
78898,83068,1375.07,whatsapp,0.6387625,878.3431152057648,18,860.3431152057648,payment_link,0.64900476,892.4269717639685,12,880.4269717639685,0.010242283,14.083856558203706,-6,20.083856558203706,True
91789,879,2077.42,email,0.7215333,1498.9277049541474,5,1493.9277049541474,payment_link,0.76189697,1582.7799990296364,12,1570.7799990296364,0.04036367,83.852294075489,7,76.852294075489,True
10262,91493,844.42,payment_link,0.83320725,703.5768657422066,12,691.5768657422066,whatsapp,0.8438839,712.5924192214012,18,694.5924192214012,0.010676622,9.015553479194637,6,3.0155534791946366,True
89759,21473,881.63,payment_link,0.5905194,520.6196435308457,12,508.6196435308457,payment_link,0.5905194,520.6196435308457,12,508.6196435308457,0.0,0.0,0,0.0,False
94768,71504,978.41,whatsapp,0.6565686,642.3932710367441,18,624.3932710367441,payment_link,0.69953954,684.4364834821224,12,672.4364834821224,0.042970955,42.043212445378344,-6,48.043212445378344,True
6953,2738,4148.22,payment_link,0.562815,2334.6804830539227,12,2322.6804830539227,human_escalation,0.64770496,2686.8226646733287,250,2436.8226646733287,0.08488995,352.1421816194061,238,114.14218161940607,True
9903,97571,3554.54,voice_call,0.66426224,2361.1466853821275,90,2271.1466853821275,payment_link,0.9095568,3233.0560495102404,12,3221.0560495102404,0.24529457,871.9093641281129,-78,949.9093641281129,True
79617,41491,2886.56,payment_link,0.71547693,2065.2670874691007,12,2053.2670874691007,payment_link,0.71547693,2065.2670874691007,12,2053.2670874691007,0.0,0.0,0,0.0,False
11462,86502,3471.35,human_escalation,0.81737226,2837.3852033525704,250,2587.3852033525704,payment_link,0.76051587,2640.01676068604,12,2628.01676068604,-0.056856394,-197.36844266653043,-238,40.63155733346957,True
87288,16691,3148.59,whatsapp,0.83986425,2644.388191494942,18,2626.388191494942,payment_link,0.8562656,2696.029319660068,12,2684.029319660068,0.01640135,51.64112816512579,-6,57.64112816512579,True
63673,18880,1243.14,payment_link,0.958873,1192.0133487975597,12,1180.0133487975597,payment_link,0.958873,1192.0133487975597,12,1180.0133487975597,0.0,0.0,0,0.0,False
24463,6529,337.34,voice_call,0.59895986,202.0531202471256,90,112.0531202471256,email,0.6731861,227.09260685801505,5,222.09260685801505,0.07422626,25.03948661088944,-85,110.03948661088944,True
98788,35844,1976.48,whatsapp,0.6804732,1344.9416869926454,18,1326.9416869926454,payment_link,0.6836586,1351.2375494384767,12,1339.2375494384767,0.0031853914,6.29586244583129,-6,12.29586244583129,True
25994,72028,4594.06,payment_link,0.57002676,2618.7371156048775,12,2606.7371156048775,human_escalation,0.6912742,3175.7552693736557,250,2925.7552693736557,0.12124747,557.0181537687781,238,319.0181537687781,True
42923,48977,1056.94,payment_link,0.89999473,951.2404309296609,12,939.2404309296609,payment_link,0.89999473,951.2404309296609,12,939.2404309296609,0.0,0.0,0,0.0,False
8062,34073,4129.72,email,0.69593763,2874.027563877106,5,2869.027563877106,payment_link,0.780454,3223.0564101576806,12,3211.0564101576806,0.08451635,349.0288462805747,7,342.0288462805747,True
95630,24303,1410.63,voice_call,0.8117577,1145.089741433859,90,1055.089741433859,payment_link,0.9165279,1292.8817895537616,12,1280.8817895537616,0.10477024,147.79204811990257,-78,225.79204811990257,True
78298,18429,1712.52,whatsapp,0.73620594,1260.767388625145,18,1242.767388625145,payment_link,0.77126414,1320.8052579045295,12,1308.8052579045295,0.0350582,60.037869279384495,-6,66.0378692793845,True
2952,9782,680.09,payment_link,0.7813649,531.3984669160843,12,519.3984669160843,email,0.7716312,524.7786500495672,5,519.7786500495672,-0.0097337365,-6.619816866517112,-7,0.38018313348288757,True
60551,29925,2791.1,retry,0.47331354,1321.0654221087693,8,1313.0654221087693,payment_link,0.5584468,1558.6809320032596,12,1546.6809320032596,0.085133284,237.6155098944903,4,233.6155098944903,True
72210,21728,9444.36,voice_call,0.6106977,5767.64880409956,90,5677.64880409956,payment_link,0.76679546,7241.892336695195,12,7229.892336695195,0.15609777,1474.2435325956349,-78,1552.2435325956349,True
93563,12567,1476.39,payment_link,0.92727745,1369.0231481945516,12,1357.0231481945516,payment_link,0.92727745,1369.0231481945516,12,1357.0231481945516,0.0,0.0,0,0.0,False
1671,7290,2708.12,whatsapp,0.8938725,2420.713993253708,18,2402.713993253708,payment_link,0.90946317,2462.935392332077,12,2450.935392332077,0.015590668,42.221399078368904,-6,48.221399078368904,True
25342,40452,1289.35,payment_link,0.7409937,955.4001994639634,12,943.4001994639634,payment_link,0.7409937,955.4001994639634,12,943.4001994639634,0.0,0.0,0,0.0,False
73242,62919,929.94,payment_link,0.77173567,717.667867269516,12,705.667867269516,payment_link,0.77173567,717.667867269516,12,705.667867269516,0.0,0.0,0,0.0,False
15138,32542,1962.5,voice_call,0.5657926,1110.3680171072483,90,1020.3680171072483,payment_link,0.6227289,1222.105435281992,12,1210.105435281992,0.056936264,111.73741817474365,-78,189.73741817474365,True
32767,9402,1250.16,human_escalation,0.61726165,771.6758220863343,250,521.6758220863343,payment_link,0.6341474,792.785720615387,12,780.785720615387,0.016885757,21.10989852905277,-238,259.10989852905277,True
66670,17967,2008.94,retry,0.66860014,1343.1775692737103,8,1335.1775692737103,payment_link,0.71668166,1439.7704524767398,12,1427.7704524767398,0.048081517,96.59288320302949,4,92.59288320302949,True
65687,67903,1080.78,payment_link,0.69238335,748.3140758693218,12,736.3140758693218,payment_link,0.69238335,748.3140758693218,12,736.3140758693218,0.0,0.0,0,0.0,False
6278,54656,465.63,retry,0.6727522,313.25360761106015,8,305.25360761106015,email,0.7474831,348.05054405629636,5,343.05054405629636,0.07473087,34.79693644523621,-3,37.79693644523621,True
63068,36074,520.94,payment_link,0.9593852,499.78213454604156,12,487.78213454604156,payment_link,0.9593852,499.78213454604156,12,487.78213454604156,0.0,0.0,0,0.0,False
70123,20753,4152.14,retry,0.6741867,2799.3175917053227,8,2791.3175917053227,human_escalation,0.83486694,3466.4844203007224,250,3216.4844203007224,0.16068023,667.1668285953997,242,425.1668285953997,True
12004,95797,1344.19,retry,0.6657907,894.9491702115536,8,886.9491702115536,payment_link,0.7008051,942.0152444964648,12,930.0152444964648,0.03501445,47.066074284911224,4,43.066074284911224,True
33173,88379,892.55,whatsapp,0.8265461,737.7336974203586,18,719.7336974203586,payment_link,0.87065744,777.1053016424179,12,765.1053016424179,0.04411137,39.37160422205932,-6,45.37160422205932,True
41048,97067,1340.77,email,0.6145839,824.0156683558225,5,819.0156683558225,payment_link,0.7525559,1009.0043831235171,12,997.0043831235171,0.137972,184.98871476769455,7,177.98871476769455,True
16497,22457,3534.27,whatsapp,0.5021977,1774.9022045928239,18,1756.9022045928239,payment_link,0.6053019,2139.300404779315,12,2127.300404779315,0.103104234,364.3982001864913,-6,370.3982001864913,True
96287,53781,4396.22,whatsapp,0.70639896,3105.485253200531,18,3087.485253200531,payment_link,0.7479887,3288.322886524201,12,3276.322886524201,0.041589737,182.8376333236697,-6,188.8376333236697,True
47006,34660,417.32,payment_link,0.92605746,386.4622983407974,12,374.4622983407974,payment_link,0.92605746,386.4622983407974,12,374.4622983407974,0.0,0.0,0,0.0,False
40019,68483,2540.23,payment_link,0.5714113,1451.5161561328173,12,1439.5161561328173,human_escalation,0.7569743,1922.8887749809028,250,1672.8887749809028,0.18556297,471.3726188480855,238,233.3726188480855,True
65393,49352,1176.0,email,0.8559864,1006.6400256156921,5,1001.6400256156921,payment_link,0.91994566,1081.85609292984,12,1069.85609292984,0.06395924,75.21606731414795,7,68.21606731414795,True
93705,44342,4709.21,retry,0.5305309,2498.381558818817,8,2490.381558818817,payment_link,0.67165786,3162.9779122048617,12,3150.9779122048617,0.14112693,664.5963533860445,4,660.5963533860445,True
84419,76508,3316.1,retry,0.42632106,1413.7232652932405,8,1405.7232652932405,payment_link,0.5528731,1833.3824040353297,12,1821.3824040353297,0.12655202,419.6591387420892,4,415.6591387420892,True
65729,24451,586.6,whatsapp,0.56101626,329.0921390414238,18,311.0921390414238,payment_link,0.63963896,375.2122141480446,12,363.2122141480446,0.0786227,46.12007510662079,-6,52.12007510662079,True
84293,44515,3875.46,whatsapp,0.5704678,2210.825255305767,18,2192.825255305767,payment_link,0.6082596,2357.2858202683924,12,2345.2858202683924,0.03779179,146.46056496262554,-6,152.46056496262554,True
15283,96359,1069.08,payment_link,0.7319423,782.5048698377609,12,770.5048698377609,payment_link,0.7319423,782.5048698377609,12,770.5048698377609,0.0,0.0,0,0.0,False
17469,79673,7517.68,whatsapp,0.7115027,5348.849401540757,18,5330.849401540757,human_escalation,0.7826266,5883.536555366516,250,5633.536555366516,0.07112396,534.6871538257592,232,302.6871538257592,True
22264,53466,2606.49,human_escalation,0.8071967,2103.9500659328696,250,1853.9500659328696,payment_link,0.755503,1969.211011417508,12,1957.211011417508,-0.051693678,-134.73905451536166,-238,103.26094548463834,True
9558,45404,3285.08,human_escalation,0.82278734,2702.922249524593,250,2452.922249524593,payment_link,0.93369186,3067.252452969551,12,3055.252452969551,0.110904515,364.330203444958,-238,602.330203444958,True
96008,28314,2608.85,retry,0.72827965,1899.9723654538393,8,1891.9723654538393,payment_link,0.7755529,2023.301257380843,12,2011.301257380843,0.04727328,123.32889192700372,4,119.32889192700372,True
9425,36568,2688.3,retry,0.649939,1747.2310153305532,8,1739.2310153305532,payment_link,0.73054826,1963.9328943371775,12,1951.9328943371775,0.08060926,216.70187900662427,4,212.70187900662427,True
87720,25585,755.52,retry,0.55104154,416.3229069328308,8,408.3229069328308,payment_link,0.6159725,465.3795574951172,12,453.3795574951172,0.064930975,49.05665056228639,4,45.05665056228639,True
26362,50506,1220.09,retry,0.54856694,669.3010347092152,8,661.3010347092152,payment_link,0.5880714,717.5000416094064,12,705.5000416094064,0.03950447,48.19900690019119,4,44.19900690019119,True
67594,66855,3871.24,human_escalation,0.8210963,3178.6608445882794,250,2928.6608445882794,whatsapp,0.76705384,2969.4495174121853,18,2951.4495174121853,-0.05404246,-209.21132717609407,-232,22.788672823905927,True
33706,90645,1730.79,email,0.41886184,724.9618774679303,5,719.9618774679303,payment_link,0.50424325,872.7391827356815,12,860.7391827356815,0.08538142,147.77730526775122,7,140.77730526775122,True
39079,70746,777.89,payment_link,0.74110156,576.4954948240519,12,564.4954948240519,payment_link,0.74110156,576.4954948240519,12,564.4954948240519,0.0,0.0,0,0.0,False
35833,9625,407.26,whatsapp,0.7228163,294.37416164278983,18,276.37416164278983,payment_link,0.84160393,342.7516184723377,12,330.7516184723377,0.11878765,48.377456829547896,-6,54.377456829547896,True
61550,74675,682.49,whatsapp,0.70127034,478.60999562501905,18,460.60999562501905,payment_link,0.75201136,513.2402322250605,12,501.2402322250605,0.050741017,34.63023660004143,-6,40.63023660004143,True
53139,73753,1419.85,whatsapp,0.6763698,960.3436410248279,18,942.3436410248279,payment_link,0.69163805,982.0222887903451,12,970.0222887903451,0.015268266,21.678647765517212,-6,27.678647765517212,True
1876,18808,1585.68,whatsapp,0.4960691,786.6068560051918,18,768.6068560051918,whatsapp,0.4960691,786.6068560051918,18,768.6068560051918,0.0,0.0,0,0.0,False
32890,7933,1393.53,whatsapp,0.75043005,1045.7467841094733,18,1027.7467841094733,whatsapp,0.75043005,1045.7467841094733,18,1027.7467841094733,0.0,0.0,0,0.0,False
81018,74806,1643.13,retry,0.51615185,848.1045818227531,8,840.1045818227531,payment_link,0.5741581,943.4163536202908,12,931.4163536202908,0.058006227,95.31177179753774,4,91.31177179753774,True
50014,13834,1118.41,retry,0.70138395,784.4348216474057,8,776.4348216474057,payment_link,0.7287975,815.0944067913294,12,803.0944067913294,0.027413547,30.659585143923778,4,26.659585143923778,True
20414,98000,4508.89,retry,0.5247387,2365.989207801223,8,2357.989207801223,human_escalation,0.60797644,2741.2988752889637,250,2491.2988752889637,0.08323771,375.3096674877406,242,133.30966748774063,True
42789,21816,2515.17,payment_link,0.7291801,1834.0119060301781,12,1822.0119060301781,payment_link,0.7291801,1834.0119060301781,12,1822.0119060301781,0.0,0.0,0,0.0,False
33493,63485,9357.89,voice_call,0.67803985,6345.022320728897,90,6255.022320728897,human_escalation,0.8093296,7573.617641402482,250,7323.617641402482,0.13128978,1228.5953206735849,160,1068.5953206735849,True
81518,93498,3507.84,retry,0.6278077,2202.248880958557,8,2194.248880958557,payment_link,0.6705311,2352.1157930374147,12,2340.1157930374147,0.042723417,149.8669120788577,4,145.8669120788577,True
22787,97973,2764.35,payment_link,0.7205273,1991.7896176993847,12,1979.7896176993847,payment_link,0.7205273,1991.7896176993847,12,1979.7896176993847,0.0,0.0,0,0.0,False
9134,81543,2337.26,payment_link,0.9308694,2175.6838150155545,12,2163.6838150155545,payment_link,0.9308694,2175.6838150155545,12,2163.6838150155545,0.0,0.0,0,0.0,False
8627,9516,2891.28,whatsapp,0.60095966,1737.5426417827607,18,1719.5426417827607,human_escalation,0.6980171,2018.1629397583008,250,1768.1629397583008,0.09705746,280.6202979755401,232,48.6202979755401,True
98127,69218,2924.79,payment_link,0.7078768,2070.3909902322293,12,2058.3909902322293,payment_link,0.7078768,2070.3909902322293,12,2058.3909902322293,0.0,0.0,0,0.0,False
49056,23033,599.61,retry,0.77400637,464.1019575548172,8,456.1019575548172,payment_link,0.8708179,522.1511208415031,12,510.15112084150314,0.09681153,58.04916328668594,4,54.04916328668594,True
23128,61523,974.92,whatsapp,0.6629029,646.2772871136665,18,628.2772871136665,payment_link,0.6652878,648.6023748421669,12,636.6023748421669,0.002384901,2.325087728500421,-6,8.32508772850042,True
72204,1711,606.66,payment_link,0.88559,537.2520396173,12,525.2520396173,payment_link,0.88559,537.2520396173,12,525.2520396173,0.0,0.0,0,0.0,False
21088,50683,1507.92,payment_link,0.5711478,861.2451898097993,12,849.2451898097993,payment_link,0.5711478,861.2451898097993,12,849.2451898097993,0.0,0.0,0,0.0,False
82164,41884,653.4,whatsapp,0.7769157,507.6367373585701,18,489.6367373585701,payment_link,0.80621123,526.7784197330475,12,514.7784197330475,0.029295504,19.141682374477398,-6,25.141682374477398,True
16214,50683,1900.68,whatsapp,0.4954118,941.6193252253532,18,923.6193252253532,payment_link,0.5049763,959.7983017730713,12,947.7983017730713,0.009564459,18.178976547718094,-6,24.178976547718094,True
64296,81606,911.93,whatsapp,0.7548077,688.3317955708503,18,670.3317955708503,payment_link,0.7683969,700.7241977888345,12,688.7241977888345,0.013589203,12.392402217984227,-6,18.392402217984227,True
3209,97301,2376.68,voice_call,0.7825433,1859.8550140047073,90,1769.8550140047073,payment_link,0.9001923,2139.4690839219093,12,2127.4690839219093,0.11764902,279.61406991720196,-78,357.61406991720196,True
561,17831,1494.14,payment_link,0.60213846,899.6791581499577,12,887.6791581499577,payment_link,0.60213846,899.6791581499577,12,887.6791581499577,0.0,0.0,0,0.0,False
53412,29204,358.83,retry,0.79248065,284.3658307653665,8,276.3658307653665,payment_link,0.86253923,309.5049525386095,12,297.5049525386095,0.070058584,25.139121773242948,4,21.139121773242948,True
96936,64852,2739.94,voice_call,0.47144613,1291.7341003888846,90,1201.7341003888846,payment_link,0.64345735,1763.0345400941371,12,1751.0345400941371,0.17201123,471.30043970525253,-78,549.3004397052525,True
18463,4989,2032.47,payment_link,0.62381744,1267.890240097046,12,1255.890240097046,payment_link,0.62381744,1267.890240097046,12,1255.890240097046,0.0,0.0,0,0.0,False
65996,41408,3315.27,retry,0.76420677,2533.5517687046527,8,2525.5517687046527,human_escalation,0.90565395,3002.487382593155,250,2752.487382593155,0.14144719,468.9356138885023,242,226.9356138885023,True
45590,52209,2127.84,retry,0.6472403,1377.2237597465517,8,1369.2237597465517,payment_link,0.69638056,1481.7864014911652,12,1469.7864014911652,0.049140275,104.56264174461353,4,100.56264174461353,True
80543,80233,1823.84,voice_call,0.46265858,843.8152320575714,90,753.8152320575714,payment_link,0.592891,1081.338281059265,12,1069.338281059265,0.1302324,237.5230490016936,-78,315.5230490016936,True
51762,15229,1218.85,retry,0.70499164,859.2790587812661,8,851.2790587812661,payment_link,0.7585901,924.6075460612773,12,912.6075460612773,0.053598464,65.32848728001113,4,61.32848728001113,True
62630,84565,788.57,human_escalation,0.7989343,630.0156058675051,250,380.0156058675051,payment_link,0.72698474,573.2783558726311,12,561.2783558726311,-0.07194954,-56.73724999487399,-238,181.262750005126,True
6209,68407,2495.75,whatsapp,0.5459226,1362.4862724989653,18,1344.4862724989653,payment_link,0.5848457,1459.628709986806,12,1447.628709986806,0.038923144,97.14243748784065,-6,103.14243748784065,True
43674,90112,893.61,payment_link,0.57437766,513.269617162943,12,501.26961716294295,payment_link,0.57437766,513.269617162943,12,501.26961716294295,0.0,0.0,0,0.0,False
32199,10877,1325.22,email,0.48931518,648.4502654510736,5,643.4502654510736,whatsapp,0.5485898,727.0022087216378,18,709.0022087216378,0.059274644,78.55194327056415,13,65.55194327056415,True
53354,6427,4064.55,retry,0.67547625,2745.5070042639973,8,2737.5070042639973,human_escalation,0.8170869,3321.0904595643283,250,3071.0904595643283,0.14161062,575.583455300331,242,333.583455300331,True
15135,38071,2203.17,human_escalation,0.8535805,1880.58289478302,250,1630.58289478302,payment_link,0.7639717,1683.159500244856,12,1671.159500244856,-0.08960879,-197.42339453816408,-238,40.576605461835925,True
2413,64406,555.94,retry,0.49553922,275.49007295906546,8,267.49007295906546,payment_link,0.62710434,348.6323878824711,12,336.6323878824711,0.13156512,73.14231492340565,4,69.14231492340565,True
38126,71226,3011.96,whatsapp,0.8875622,2673.3018900799752,18,2655.3018900799752,whatsapp,0.8875622,2673.3018900799752,18,2655.3018900799752,0.0,0.0,0,0.0,False
34908,98123,233.85,voice_call,0.5808971,135.84278515577316,90,45.84278515577316,payment_link,0.7467395,174.62503364682198,12,162.62503364682198,0.16584241,38.78224849104882,-78,116.78224849104882,True
14024,52253,2967.46,payment_link,0.93081415,2762.153748643398,12,2750.153748643398,payment_link,0.93081415,2762.153748643398,12,2750.153748643398,0.0,0.0,0,0.0,False
81304,85468,713.75,voice_call,0.6436662,459.41675581038,90,369.41675581038,payment_link,0.7878928,562.3584991693497,12,550.3584991693497,0.14422661,102.94174335896969,-78,180.9417433589697,True
75968,72788,3151.76,retry,0.6666637,2101.1640029764176,8,2093.1640029764176,payment_link,0.7327017,2309.2999692678454,12,2297.2999692678454,0.06603801,208.13596629142785,4,204.13596629142785,True
7501,96691,1802.96,voice_call,0.65069425,1173.1757068920135,90,1083.1757068920135,whatsapp,0.744588,1342.4624119663238,18,1324.4624119663238,0.09389377,169.28670507431025,-72,241.28670507431025,True
74376,99703,2604.98,whatsapp,0.76565677,1994.5205708277226,18,1976.5205708277226,payment_link,0.8071796,2102.68663677454,12,2090.68663677454,0.0415228,108.16606594681753,-6,114.16606594681753,True
63013,25305,597.96,email,0.81850564,489.43363536357884,5,484.43363536357884,payment_link,0.8733577,522.2329781985284,12,510.2329781985284,0.05485207,32.79934283494953,7,25.799342834949528,True
41067,13430,2437.48,whatsapp,0.4799718,1169.9216539824008,18,1151.9216539824008,payment_link,0.53640294,1307.4714400196076,12,1295.4714400196076,0.056431144,137.5497860372068,-6,143.5497860372068,True
24589,37540,1973.92,voice_call,0.46242645,912.792825741768,90,822.792825741768,payment_link,0.5502149,1086.0801690864564,12,1074.0801690864564,0.08778843,173.28734334468845,-78,251.28734334468845,True
12205,30239,1508.34,retry,0.45953625,693.1369139707089,8,685.1369139707089,whatsapp,0.47759202,720.3711492973565,18,702.3711492973565,0.018055767,27.23423532664765,10,17.23423532664765,True
35951,4818,1580.41,retry,0.777782,1229.2144868952037,8,1221.2144868952037,payment_link,0.8368887,1322.6272244107724,12,1310.6272244107724,0.059106648,93.41273751556878,4,89.41273751556878,True
31246,68741,1059.47,email,0.78410494,830.7356642520427,5,825.7356642520427,email,0.78410494,830.7356642520427,5,825.7356642520427,0.0,0.0,0,0.0,False
26820,22126,933.76,payment_link,0.8252924,770.6250393295288,12,758.6250393295288,payment_link,0.8252924,770.6250393295288,12,758.6250393295288,0.0,0.0,0,0.0,False
16433,34120,1163.05,whatsapp,0.7608041,884.8532279580832,18,866.8532279580832,payment_link,0.7784218,905.3434968322515,12,893.3434968322515,0.017617702,20.49026887416835,-6,26.49026887416835,True
66811,84674,5425.17,whatsapp,0.7108509,3856.4869470494987,18,3838.4869470494987,human_escalation,0.79483867,4312.134890592099,250,4062.1348905920986,0.08398777,455.64794354259993,232,223.64794354259993,True
72285,91662,1755.97,payment_link,0.92227036,1619.479079850316,12,1607.479079850316,payment_link,0.92227036,1619.479079850316,12,1607.479079850316,0.0,0.0,0,0.0,False
49384,42408,4915.89,email,0.90078443,4428.1571857899435,5,4423.1571857899435,payment_link,0.94406855,4640.937149487734,12,4628.937149487734,0.04328412,212.77996369779066,7,205.77996369779066,True
24177,53010,879.69,retry,0.7342511,645.913334274888,8,637.913334274888,payment_link,0.8068059,709.7390898066759,12,697.7390898066759,0.07255483,63.82575553178788,4,59.82575553178788,True
40375,97156,2917.32,payment_link,0.7924025,2311.691678438187,12,2299.691678438187,payment_link,0.7924025,2311.691678438187,12,2299.691678438187,0.0,0.0,0,0.0,False
59952,36001,1023.88,retry,0.54249156,555.4462535524368,8,547.4462535524368,payment_link,0.563538,576.9953026843071,12,564.9953026843071,0.02104646,21.549049131870333,4,17.549049131870333,True
78342,27579,1090.06,payment_link,0.9300929,1013.8570351684093,12,1001.8570351684093,payment_link,0.9300929,1013.8570351684093,12,1001.8570351684093,0.0,0.0,0,0.0,False
13060,73036,1345.72,whatsapp,0.6705445,902.3651514291763,18,884.3651514291763,payment_link,0.7154027,962.7317515325547,12,950.7317515325547,0.044858217,60.366600103378346,-6,66.36660010337835,True
30720,4232,4791.53,email,0.7187245,3443.7899517941473,5,3438.7899517941473,payment_link,0.8379958,4015.2821458941694,12,4003.2821458941694,0.11927134,571.4921941000221,7,564.4921941000221,True
98504,93849,4742.62,payment_link,0.31815135,1508.8709782528877,12,1496.8709782528877,human_escalation,0.4679784,2219.4436628335716,250,1969.4436628335716,0.14982703,710.5726845806839,238,472.5726845806839,True
32211,16875,5820.56,whatsapp,0.52842695,3075.740740208626,18,3057.740740208626,payment_link,0.62483215,3636.8730383300785,12,3624.8730383300785,0.09640521,561.1322981214525,-6,567.1322981214525,True
86121,99455,4859.34,whatsapp,0.5702973,2771.268485745192,18,2753.268485745192,human_escalation,0.7522773,3655.5712462341785,250,3405.5712462341785,0.18198001,884.3027604889867,232,652.3027604889867,True
16505,64141,1205.43,retry,0.6833186,823.6927580308915,8,815.6927580308915,payment_link,0.72311777,871.6678520017863,12,859.6678520017863,0.039799154,47.97509397089482,4,43.97509397089482,True
55273,80980,1294.13,retry,0.6212263,803.9476055049897,8,795.9476055049897,payment_link,0.6722089,869.9257105123997,12,857.9257105123997,0.050982594,65.97810500741002,4,61.97810500741002,True
70216,63829,4288.69,payment_link,0.49754685,2133.824207138419,12,2121.824207138419,payment_link,0.49754685,2133.824207138419,12,2121.824207138419,0.0,0.0,0,0.0,False
33021,81008,921.73,whatsapp,0.760124,700.629120078683,18,682.629120078683,payment_link,0.76791936,707.814313159585,12,695.814313159585,0.007795334,7.185193080902081,-6,13.185193080902081,True
89871,5230,1872.59,whatsapp,0.5635209,1055.2436177778243,18,1037.2436177778243,payment_link,0.6241131,1168.707917881012,12,1156.707917881012,0.060592175,113.46430010318772,-6,119.46430010318772,True
85508,7732,1058.97,whatsapp,0.61421776,650.4381793785095,18,632.4381793785095,payment_link,0.6959008,736.9380678927898,12,724.9380678927898,0.08168304,86.49988851428031,-6,92.49988851428031,True
29569,87205,287.09,voice_call,0.8337222,239.35329898178574,90,149.35329898178574,payment_link,0.91241145,261.9442035651207,12,249.9442035651207,0.07868928,22.590904583334947,-78,100.59090458333495,True
53463,25920,2885.15,email,0.4368689,1260.4323242068292,5,1255.4323242068292,payment_link,0.51019824,1471.9984391868115,12,1459.9984391868115,0.07332933,211.56611497998233,7,204.56611497998233,True
13121,24577,1475.68,human_escalation,0.9407182,1388.1989949798585,250,1138.1989949798585,payment_link,0.93705165,1382.7883845710755,12,1370.7883845710755,-0.0036665201,-5.410610408782986,-238,232.589389591217,True
70536,38655,4611.96,retry,0.40544546,1869.8982275819778,8,1861.8982275819778,human_escalation,0.5938918,2739.005223391056,250,2489.005223391056,0.18844634,869.1069958090782,242,627.1069958090782,True
67257,40868,1116.61,voice_call,0.3515413,392.5345427718758,90,302.5345427718758,payment_link,0.48714355,543.9493552818894,12,531.9493552818894,0.13560224,151.41481251001363,-78,229.41481251001363,True
48062,86240,2175.42,payment_link,0.8841683,1923.4374616062642,12,1911.4374616062642,payment_link,0.8841683,1923.4374616062642,12,1911.4374616062642,0.0,0.0,0,0.0,False
23395,22481,4089.41,whatsapp,0.8755257,3580.3836058640477,18,3562.3836058640477,payment_link,0.8895975,3637.928812401891,12,3625.928812401891,0.014071763,57.545206537843114,-6,63.545206537843114,True
77751,76627,5642.52,payment_link,0.69042164,3895.717917058468,12,3883.717917058468,human_escalation,0.7757236,4377.03579513073,250,4127.03579513073,0.085301936,481.31787807226146,238,243.31787807226146,True
49495,10488,1275.62,voice_call,0.3745665,477.8045128858089,90,387.8045128858089,payment_link,0.43787223,558.5585753166675,12,546.5585753166675,0.063305736,80.75406243085865,-78,158.75406243085865,True
15456,9415,7659.41,retry,0.8166019,6254.688547817468,8,6246.688547817468,human_escalation,0.92964554,7120.536332740783,250,6870.536332740783,0.113043666,865.847784923315,242,623.847784923315,True
29191,5520,1421.13,retry,0.79751974,1133.3792329984904,8,1125.3792329984904,payment_link,0.8506844,1208.9331275868417,12,1196.9331275868417,0.05316466,75.55389458835134,4,71.55389458835134,True
51532,90073,1790.35,whatsapp,0.65885127,1179.5743639171124,18,1161.5743639171124,payment_link,0.7061796,1264.3086805820465,12,1252.3086805820465,0.047328353,84.73431666493411,-6,90.73431666493411,True
499,86598,1891.54,email,0.5405166,1022.4087977743148,5,1017.4087977743148,payment_link,0.5947077,1124.9134547472,12,1112.9134547472,0.054191113,102.50465697288507,7,95.50465697288507,True
65010,1678,2744.67,retry,0.4073854,1118.1385101860762,8,1110.1385101860762,email,0.4883403,1340.3329393646122,5,1335.3329393646122,0.08095488,222.19442917853598,-3,225.19442917853598,True
29355,76734,3186.63,whatsapp,0.9201078,2932.0430609947443,18,2914.0430609947443,payment_link,0.93161625,2968.7162802225353,12,2956.7162802225353,0.011508465,36.67321922779092,-6,42.67321922779092,True
71277,22317,1180.35,payment_link,0.6493726,766.4869220495224,12,754.4869220495224,payment_link,0.6493726,766.4869220495224,12,754.4869220495224,0.0,0.0,0,0.0,False
92881,33367,882.86,retry,0.51886845,458.08819654464725,8,450.08819654464725,payment_link,0.6037624,533.0376620721817,12,521.0376620721817,0.08489394,74.94946552753441,4,70.94946552753441,True
43888,13167,2165.85,voice_call,0.60546345,1311.34300275743,90,1221.34300275743,payment_link,0.69343954,1501.8860347419977,12,1489.8860347419977,0.0879761,190.54303198456773,-78,268.54303198456773,True
92955,6718,828.48,retry,0.59994453,497.0420458030701,8,489.0420458030701,payment_link,0.66402227,550.1291676521301,12,538.1291676521301,0.064077735,53.087121849060054,4,49.087121849060054,True
29900,18838,5195.45,human_escalation,0.6156021,3198.3298060327766,250,2948.3298060327766,email,0.64508766,3351.5206798166037,5,3346.5206798166037,0.029485583,153.1908737838271,-245,398.1908737838271,True
31984,22063,488.12,human_escalation,0.55717236,271.96697140455245,250,21.966971404552453,payment_link,0.51487404,251.3203169322014,12,239.3203169322014,-0.042298317,-20.64665447235106,-238,217.35334552764894,True
33226,75481,2350.9,payment_link,0.5417165,1273.5213575065136,12,1261.5213575065136,payment_link,0.5417165,1273.5213575065136,12,1261.5213575065136,0.0,0.0,0,0.0,False
50253,61246,1772.74,payment_link,0.71242386,1262.9422753965855,12,1250.9422753965855,payment_link,0.71242386,1262.9422753965855,12,1250.9422753965855,0.0,0.0,0,0.0,False
48663,75038,1662.8,retry,0.53803444,894.6436653137207,8,886.6436653137207,payment_link,0.59756076,993.6240373134613,12,981.6240373134613,0.059526324,98.98037199974056,4,94.98037199974056,True
78616,69841,2267.45,retry,0.6320544,1433.151723256707,8,1425.151723256707,payment_link,0.73182315,1659.3723931759594,12,1647.3723931759594,0.09976876,226.22066991925226,4,222.22066991925226,True
78298,18429,1712.52,retry,0.7007416,1200.0339861130715,8,1192.0339861130715,payment_link,0.77126414,1320.8052579045295,12,1308.8052579045295,0.07052255,120.77127179145805,4,116.77127179145805,True
96031,4910,2006.79,email,0.68935615,1383.3930247324704,5,1378.3930247324704,payment_link,0.74274516,1490.5335617566109,12,1478.5335617566109,0.053389013,107.14053702414049,7,100.14053702414049,True
43036,20184,1535.87,human_escalation,0.92147356,1415.263600770831,250,1165.263600770831,whatsapp,0.883963,1357.6522356903552,18,1339.6522356903552,-0.037510574,-57.611365080475935,-232,174.38863491952407,True
21319,25275,4666.5,payment_link,0.6771792,3160.0568177103996,12,3148.0568177103996,whatsapp,0.6924678,3231.401029407978,18,3213.401029407978,0.015288591,71.34421169757843,6,65.34421169757843,True
48263,43027,618.25,payment_link,0.63586515,393.1236301511526,12,381.1236301511526,payment_link,0.63586515,393.1236301511526,12,381.1236301511526,0.0,0.0,0,0.0,False
22658,15967,6780.05,payment_link,0.72229135,4897.1714700400835,12,4885.1714700400835,human_escalation,0.80375135,5449.474336832762,250,5199.474336832762,0.08146,552.3028667926783,238,314.3028667926783,True
53777,34246,1484.78,human_escalation,0.8385024,1244.991603975296,250,994.9916039752959,payment_link,0.7860669,1167.1363965821265,12,1155.1363965821265,-0.052435517,-77.8552073931694,-238,160.1447926068306,True
31322,3209,3326.52,whatsapp,0.7562488,2515.6766655135157,18,2497.6766655135157,human_escalation,0.8303965,2762.330476720333,250,2512.330476720333,0.0741477,246.6538112068174,232,14.653811206817409,True
84519,26547,2104.43,payment_link,0.60525817,1273.7234439378976,12,1261.7234439378976,payment_link,0.60525817,1273.7234439378976,12,1261.7234439378976,0.0,0.0,0,0.0,False
16914,64576,1269.09,whatsapp,0.591608,750.8037813395262,18,732.8037813395262,whatsapp,0.591608,750.8037813395262,18,732.8037813395262,0.0,0.0,0,0.0,False
85830,3791,4266.3,retry,0.662369,2825.864919447899,8,2817.864919447899,human_escalation,0.8029845,3425.7726703405383,250,3175.7726703405383,0.14061546,599.9077508926393,242,357.90775089263934,True
96806,24716,2130.68,retry,0.73840773,1573.3105844068525,8,1565.3105844068525,payment_link,0.872494,1859.0054782390594,12,1847.0054782390594,0.13408625,285.69489383220684,4,281.69489383220684,True
88590,95179,1566.92,retry,0.69534993,1089.5577150058748,8,1081.5577150058748,whatsapp,0.75275767,1179.5110459184648,18,1161.5110459184648,0.057407737,89.95333091258999,10,79.95333091258999,True
35037,55639,1342.4,payment_link,0.884922,1187.9193298339844,12,1175.9193298339844,payment_link,0.884922,1187.9193298339844,12,1175.9193298339844,0.0,0.0,0,0.0,False
52740,40949,2673.68,whatsapp,0.6384671,1707.0566449165344,18,1689.0566449165344,payment_link,0.6561374,1754.3014618825912,12,1742.3014618825912,0.017670333,47.24481696605676,-6,53.24481696605676,True
86770,58835,2345.48,retry,0.67226344,1576.7804613900184,8,1568.7804613900184,payment_link,0.78240275,1835.1100110530854,12,1823.1100110530854,0.11013931,258.3295496630669,4,254.32954966306693,True
10908,68751,1176.5,voice_call,0.7759899,912.9521057009697,90,822.9521057009697,payment_link,0.8965217,1054.757765352726,12,1042.757765352726,0.1205318,141.8056596517563,-78,219.8056596517563,True
53725,39629,1610.95,retry,0.53508615,861.997041296959,8,853.997041296959,payment_link,0.5912859,952.5319954425097,12,940.5319954425097,0.05619973,90.53495414555073,4,86.53495414555073,True
31811,68532,3032.53,human_escalation,0.78653276,2385.184189671278,250,2135.184189671278,payment_link,0.713175,2162.7245789903404,12,2150.7245789903404,-0.07335776,-222.45961068093766,-238,15.540389319062342,True
79427,43757,5405.53,retry,0.5130234,2773.1632521820065,8,2765.1632521820065,human_escalation,0.70014495,3784.6545130604504,250,3534.6545130604504,0.18712157,1011.4912608784439,242,769.4912608784439,True
89561,82283,603.73,whatsapp,0.60744834,366.73478598356246,18,348.73478598356246,payment_link,0.6559085,395.99165379226207,12,383.99165379226207,0.048460186,29.25686780869961,-6,35.25686780869961,True
53964,37831,383.69,whatsapp,0.4847748,186.00324230402708,18,168.00324230402708,payment_link,0.642892,246.67123265385626,12,234.67123265385626,0.1581172,60.66799034982918,-6,66.66799034982918,True
52382,3488,1127.63,payment_link,0.6514187,734.5592527961732,12,722.5592527961732,whatsapp,0.6726976,758.5539988631011,18,740.5539988631011,0.021278918,23.994746066927974,6,17.994746066927974,True
42976,44821,1905.95,retry,0.7108305,1354.8074098914863,8,1346.8074098914863,whatsapp,0.7518819,1433.049302443862,18,1415.049302443862,0.041051388,78.2418925523757,10,68.2418925523757,True
39236,34051,1345.1,retry,0.6883307,925.8736379325389,8,917.8736379325389,payment_link,0.7713199,1037.5024321734904,12,1025.5024321734904,0.082989216,111.62879424095149,4,107.62879424095149,True
74179,30539,904.91,retry,0.39377484,356.3307879808545,8,348.3307879808545,payment_link,0.43887356,397.1410724887252,12,385.1410724887252,0.045098722,40.810284507870676,4,36.810284507870676,True
26938,38303,1092.36,retry,0.66163754,722.7463882541656,8,714.7463882541656,payment_link,0.7167338,782.9313482809066,12,770.9313482809066,0.05509627,60.18496002674101,4,56.18496002674101,True
41906,8750,2031.27,retry,0.5254947,1067.4216085231303,8,1059.4216085231303,payment_link,0.6010763,1220.9482658797504,12,1208.9482658797504,0.07558161,153.52665735662003,4,149.52665735662003,True
88013,24537,534.87,email,0.5823267,311.469087497592,5,306.469087497592,payment_link,0.6728898,359.90858266711234,12,347.90858266711234,0.09056312,48.43949516952034,7,41.43949516952034,True
85416,51187,591.13,payment_link,0.66794425,394.84188597500327,12,382.84188597500327,payment_link,0.66794425,394.84188597500327,12,382.84188597500327,0.0,0.0,0,0.0,False
53194,99896,1277.74,voice_call,0.56354207,720.060241972208,90,630.060241972208,payment_link,0.6518708,832.9213795650005,12,820.9213795650005,0.08832872,112.86113759279249,-78,190.8611375927925,True
58251,36352,3345.08,retry,0.7420907,2482.352765636444,8,2474.352765636444,human_escalation,0.86586577,2896.390259883404,250,2646.390259883404,0.123775065,414.0374942469598,242,172.0374942469598,True
59052,74451,1170.54,payment_link,0.5396617,631.6956127488613,12,619.6956127488613,payment_link,0.5396617,631.6956127488613,12,619.6956127488613,0.0,0.0,0,0.0,False
86909,47275,1854.23,whatsapp,0.79378164,1471.853726898432,18,1453.853726898432,payment_link,0.8501155,1576.3096228438617,12,1564.3096228438617,0.05633384,104.4558959454298,-6,110.4558959454298,True
90326,43729,1805.94,whatsapp,0.64462477,1164.1536565697193,18,1146.1536565697193,payment_link,0.68069726,1229.2984138548375,12,1217.2984138548375,0.036072493,65.1447572851182,-6,71.1447572851182,True
46751,59123,739.86,whatsapp,0.6792395,502.54214497089384,18,484.54214497089384,payment_link,0.7285115,538.9965274751187,12,526.9965274751187,0.049272,36.45438250422484,-6,42.45438250422484,True
1430,82320,1027.6,whatsapp,0.51290745,527.0636909246444,18,509.06369092464445,payment_link,0.694304,713.4667795181274,12,701.4667795181274,0.18139654,186.40308859348295,-6,192.40308859348295,True
80797,96290,891.17,payment_link,0.8201289,730.8742875814438,12,718.8742875814438,payment_link,0.8201289,730.8742875814438,12,718.8742875814438,0.0,0.0,0,0.0,False
49697,91920,1449.33,retry,0.7262259,1052.5410018664597,8,1044.5410018664597,payment_link,0.7944862,1151.4727199739218,12,1139.4727199739218,0.06826031,98.93171810746207,4,94.93171810746207,True
3569,3922,2854.47,email,0.44524404,1270.9357664635777,5,1265.9357664635777,human_escalation,0.6186001,1765.7753431731462,250,1515.7753431731462,0.17335603,494.8395767095685,245,249.83957670956852,True
4414,27169,5016.76,human_escalation,0.7878983,3952.696685934067,250,3702.696685934067,human_escalation,0.7878983,3952.696685934067,250,3702.696685934067,0.0,0.0,0,0.0,False
62412,60590,2442.96,retry,0.545497,1332.6273516511917,8,1324.6273516511917,payment_link,0.6103597,1491.084401936531,12,1479.084401936531,0.06486273,158.4570502853394,4,154.4570502853394,True
50947,53976,712.79,payment_link,0.9284343,661.7786934953928,12,649.7786934953928,payment_link,0.9284343,661.7786934953928,12,649.7786934953928,0.0,0.0,0,0.0,False
72404,83925,1575.95,human_escalation,0.6255152,985.7807149767876,250,735.7807149767876,payment_link,0.59337026,935.121859368682,12,923.121859368682,-0.032144964,-50.65885560810568,-238,187.34114439189432,True
9273,2296,3443.93,payment_link,0.60177875,2072.4838755106925,12,2060.4838755106925,payment_link,0.60177875,2072.4838755106925,12,2060.4838755106925,0.0,0.0,0,0.0,False
43245,86307,2408.17,retry,0.6576445,1583.7197802948951,8,1575.7197802948951,payment_link,0.7168261,1726.2390641462803,12,1714.2390641462803,0.05918157,142.51928385138513,4,138.51928385138513,True
54327,76513,2822.76,retry,0.87214506,2461.8561803197863,8,2453.8561803197863,payment_link,0.9323363,2631.761531789303,12,2619.761531789303,0.060191214,169.90535146951652,4,165.90535146951652,True
8978,22374,1637.77,payment_link,0.5782088,946.9730331408978,12,934.9730331408978,payment_link,0.5782088,946.9730331408978,12,934.9730331408978,0.0,0.0,0,0.0,False
83859,21348,4380.27,retry,0.527548,2310.8027441793683,8,2302.8027441793683,human_escalation,0.68924105,3019.061901415587,250,2769.061901415587,0.16169304,708.2591572362185,242,466.25915723621847,True
87449,80552,5299.91,retry,0.6734996,3569.487181286812,8,3561.487181286812,email,0.7149115,3788.9667165130377,5,3783.9667165130377,0.041411936,219.47953522622583,-3,222.47953522622583,True
64493,11064,4418.53,retry,0.6207,2742.5815785849095,8,2734.5815785849095,payment_link,0.6748171,2981.6995357608794,12,2969.6995357608794,0.054117084,239.11795717596988,4,235.11795717596988,True
79837,56992,1902.58,voice_call,0.6946501,1321.627413100004,90,1231.627413100004,payment_link,0.7729683,1470.6340134429931,12,1458.6340134429931,0.07831818,149.00660034298903,-78,227.00660034298903,True
84645,30866,763.42,voice_call,0.73007834,557.3564059996604,90,467.3564059996604,payment_link,0.8494578,648.4930739724635,12,636.4930739724635,0.11937946,91.13666797280314,-78,169.13666797280314,True
91421,74192,4140.27,email,0.33001795,1366.363434867561,5,1361.363434867561,payment_link,0.50654536,2097.2345777553323,12,2085.2345777553323,0.17652741,730.8711428877714,7,723.8711428877714,True
32998,85657,1478.62,retry,0.53443223,790.2221874415874,8,782.2221874415874,payment_link,0.5821636,860.7987012910842,12,848.7987012910842,0.04773134,70.57651384949679,4,66.57651384949679,True
68767,70444,544.08,retry,0.9366935,509.6361937952042,8,501.6361937952042,payment_link,0.96806586,526.7052719593048,12,514.7052719593048,0.03137237,17.06907816410063,4,13.069078164100631,True
39807,28840,2640.22,retry,0.69223416,1827.6504699969291,8,1819.6504699969291,payment_link,0.74152833,1957.7979333293436,12,1945.7979333293436,0.049294174,130.14746333241442,4,126.14746333241442,True
86061,70558,1212.33,payment_link,0.8811352,1068.2266676831246,12,1056.2266676831246,payment_link,0.8811352,1068.2266676831246,12,1056.2266676831246,0.0,0.0,0,0.0,False
37878,44605,746.85,voice_call,0.6127851,457.65855263471605,90,367.65855263471605,payment_link,0.75754714,565.7740815997124,12,553.7740815997124,0.14476204,108.11552896499637,-78,186.11552896499637,True
771,55181,1923.57,voice_call,0.6396564,1230.4239085185527,90,1140.4239085185527,payment_link,0.760053,1462.0151088005305,12,1450.0151088005305,0.120396554,231.59120028197776,-78,309.59120028197776,True
99186,47150,502.15,retry,0.7049182,353.97467701137066,8,345.97467701137066,payment_link,0.7924195,397.9134485095739,12,385.9134485095739,0.08750129,43.938771498203266,4,39.938771498203266,True
79413,90258,1381.66,voice_call,0.5716159,789.7787895309925,90,699.7787895309925,payment_link,0.6132046,847.2402654623986,12,835.2402654623986,0.041588724,57.461475931406085,-78,135.46147593140608,True
83350,66251,1289.26,retry,0.84886503,1094.4077314090728,8,1086.4077314090728,payment_link,0.92835003,1196.8845614516736,12,1184.8845614516736,0.079485,102.4768300426008,4,98.4768300426008,True
87197,57034,3478.43,email,0.72139674,2509.32807710588,5,2504.32807710588,payment_link,0.7843079,2728.1601184779406,12,2716.1601184779406,0.06291115,218.83204137206076,7,211.83204137206076,True
48220,65263,257.01,payment_link,0.92365015,237.38732390284537,12,225.38732390284537,payment_link,0.92365015,237.38732390284537,12,225.38732390284537,0.0,0.0,0,0.0,False
15451,70396,3265.06,voice_call,0.48495364,1583.402737994194,90,1493.402737994194,payment_link,0.6479823,2115.701086243391,12,2103.701086243391,0.16302866,532.2983482491968,-78,610.2983482491968,True
20401,58545,1009.21,retry,0.83234715,840.013071911335,8,832.013071911335,payment_link,0.8827563,890.8864782768488,12,878.8864782768488,0.05040914,50.8734063655138,4,46.8734063655138,True
43441,38186,1696.33,retry,0.5038981,854.7774371093511,8,846.7774371093511,payment_link,0.56540257,959.1093371349573,12,947.1093371349573,0.061504483,104.33190002560616,4,100.33190002560616,True
27374,39721,894.95,retry,0.57032156,510.40928003787997,8,502.40928003787997,payment_link,0.61567885,551.0017839759588,12,539.0017839759588,0.045357287,40.592503938078835,4,36.592503938078835,True
72430,51710,1710.29,human_escalation,0.92566484,1583.155322844386,250,1333.155322844386,payment_link,0.89893883,1537.4460995429754,12,1525.4460995429754,-0.026726007,-45.7092233014107,-238,192.2907766985893,True
71294,42144,2848.6,voice_call,0.6784653,1932.6762728333472,90,1842.6762728333472,payment_link,0.76574457,2181.299973320961,12,2169.299973320961,0.08727926,248.62370048761363,-78,326.62370048761363,True
22434,28952,1901.98,whatsapp,0.76265216,1450.5491528749467,18,1432.5491528749467,whatsapp,0.76265216,1450.5491528749467,18,1432.5491528749467,0.0,0.0,0,0.0,False
1607,24630,3000.65,email,0.69998664,2100.4149012297394,5,2095.4149012297394,human_escalation,0.8583125,2575.495365923643,250,2325.495365923643,0.15832585,475.08046469390365,245,230.08046469390365,True
94888,40942,1021.39,payment_link,0.9266125,946.432737673521,12,934.432737673521,payment_link,0.9266125,946.432737673521,12,934.432737673521,0.0,0.0,0,0.0,False
78649,38408,945.63,retry,0.6919304,654.3101566779613,8,646.3101566779613,payment_link,0.777284,735.0230936443805,12,723.0230936443805,0.08535361,80.71293696641919,4,76.71293696641919,True
16881,1943,1739.56,whatsapp,0.53518397,930.9846201729774,18,912.9846201729774,payment_link,0.55724406,969.3594812297821,12,957.3594812297821,0.022060096,38.37486105680466,-6,44.37486105680466,True
82531,81060,779.53,voice_call,0.5157656,402.0547639030218,90,312.0547639030218,payment_link,0.62560356,487.67674050211906,12,475.67674050211906,0.10983795,85.62197659909725,-78,163.62197659909725,True
46318,69292,994.75,retry,0.5706465,567.6506301760674,8,559.6506301760674,payment_link,0.62388194,620.6065559089184,12,608.6065559089184,0.05323541,52.95592573285103,4,48.95592573285103,True
55239,65675,1850.83,email,0.81212884,1503.1124244111775,5,1498.1124244111775,whatsapp,0.8459076,1565.6312161237001,18,1547.6312161237001,0.033778787,62.51879171252267,13,49.51879171252267,True
44374,86706,2744.22,whatsapp,0.55893725,1533.8467844974994,18,1515.8467844974994,human_escalation,0.72171146,1980.535013912916,250,1730.535013912916,0.1627742,446.6882294154166,232,214.68822941541657,True
55858,34198,1244.09,payment_link,0.7344185,913.6827258360386,12,901.6827258360386,payment_link,0.7344185,913.6827258360386,12,901.6827258360386,0.0,0.0,0,0.0,False
27928,80071,2182.31,retry,0.72664416,1585.7628132379054,8,1577.7628132379054,payment_link,0.7640385,1667.368865852952,12,1655.368865852952,0.037394345,81.60605261504656,4,77.60605261504656,True
84447,7681,1537.66,retry,0.7073026,1087.5908703136445,8,1079.5908703136445,payment_link,0.7641463,1174.9972426700592,12,1162.9972426700592,0.056843758,87.40637235641475,4,83.40637235641475,True
73659,48891,4947.38,retry,0.4890013,2419.275270944238,8,2411.275270944238,human_escalation,0.6452469,3192.281721762419,250,2942.281721762419,0.15624562,773.0064508181808,242,531.0064508181808,True
55444,67183,2469.71,whatsapp,0.5568261,1375.1990236234665,18,1357.1990236234665,human_escalation,0.6669694,1647.2210426270963,250,1397.2210426270963,0.110143304,272.0220190036298,232,40.022019003629794,True
5999,10080,1864.83,human_escalation,0.76730776,1430.898526968956,250,1180.898526968956,payment_link,0.743554,1386.6017985212802,12,1374.6017985212802,-0.023753762,-44.29672844767583,-238,193.70327155232417,True
73645,39803,2911.6,retry,0.6310894,1837.4798659563064,8,1829.4798659563064,human_escalation,0.77114177,2245.256370258331,250,1995.2563702583311,0.14005238,407.7765043020247,242,165.7765043020247,True
87749,82273,13893.79,payment_link,0.75211996,10449.796756828428,12,10437.796756828428,human_escalation,0.8329369,11572.65013527751,250,11322.65013527751,0.080816925,1122.8533784490828,238,884.8533784490828,True
88679,98625,4193.12,retry,0.71490234,2997.6713056278227,8,2989.6713056278227,human_escalation,0.8505515,3566.464447040558,250,3316.464447040558,0.13564914,568.7931414127352,242,326.79314141273517,True
98626,24487,2628.43,retry,0.4718698,1240.2767292526364,8,1232.2767292526364,human_escalation,0.6527614,1715.737645934224,250,1465.737645934224,0.1808916,475.4609166815876,242,233.4609166815876,True
7140,69383,1157.45,payment_link,0.74780965,865.5522776722909,12,853.5522776722909,payment_link,0.74780965,865.5522776722909,12,853.5522776722909,0.0,0.0,0,0.0,False
11760,14979,6360.18,retry,0.8070974,5133.284585026503,8,5125.284585026503,payment_link,0.8797578,5595.418101528883,12,5583.418101528883,0.072660446,462.1335165023802,4,458.1335165023802,True
65138,78039,887.42,email,0.7810148,693.0881538796425,5,688.0881538796425,payment_link,0.83213615,738.4542659378052,12,726.4542659378052,0.051121354,45.366112058162685,7,38.366112058162685,True
17186,65270,1821.21,payment_link,0.7667332,1396.382224279046,12,1384.382224279046,payment_link,0.7667332,1396.382224279046,12,1384.382224279046,0.0,0.0,0,0.0,False
53904,99102,1913.75,email,0.7811291,1494.885856807232,5,1489.885856807232,payment_link,0.8428686,1613.0398332327604,12,1601.0398332327604,0.061739504,118.15397642552853,7,111.15397642552853,True
60155,93318,936.83,retry,0.57880896,542.2456010872125,8,534.2456010872125,payment_link,0.63404846,593.9956205749512,12,581.9956205749512,0.0552395,51.750019487738655,4,47.750019487738655,True
8026,80891,903.07,payment_link,0.7823057,706.4768242740631,12,694.4768242740631,payment_link,0.7823057,706.4768242740631,12,694.4768242740631,0.0,0.0,0,0.0,False
58726,55479,905.66,email,0.42677563,386.5136209499836,5,381.5136209499836,payment_link,0.5484273,496.6886538136005,12,484.6886538136005,0.12165165,110.17503286361693,7,103.17503286361693,True
17894,96035,3852.1,human_escalation,0.92640024,3568.5863808214663,250,3318.5863808214663,payment_link,0.8866424,3415.4351753652095,12,3403.4351753652095,-0.039757848,-153.15120545625678,-238,84.84879454374322,True
56938,54014,3368.35,human_escalation,0.77753276,2619.0024597793818,250,2369.0024597793818,payment_link,0.7482704,2520.4365763008595,12,2508.4365763008595,-0.029262364,-98.56588347852221,-238,139.4341165214778,True
93640,89801,1366.4,whatsapp,0.7130654,974.3325431823731,18,956.3325431823731,payment_link,0.7375473,1007.784601211548,12,995.784601211548,0.024481893,33.45205802917485,-6,39.45205802917485,True
14226,81209,3546.74,payment_link,0.621817,2205.4232009005545,12,2193.4232009005545,human_escalation,0.69005203,2447.4351456451413,250,2197.4351456451413,0.06823504,242.0119447445868,238,4.011944744586799,True
96017,93073,5558.75,retry,0.54610956,3035.6865008175373,8,3027.6865008175373,payment_link,0.65382516,3634.450629502535,12,3622.450629502535,0.10771561,598.7641286849976,4,594.7641286849976,True
27324,72018,2303.11,voice_call,0.36145765,832.4767188328505,90,742.4767188328505,payment_link,0.4656327,1072.4033435437084,12,1060.4033435437084,0.10417506,239.92662471085794,-78,317.92662471085794,True
88102,14406,853.45,retry,0.80043364,683.1300863981247,8,675.1300863981247,payment_link,0.88605875,756.2068382829428,12,744.2068382829428,0.08562511,73.07675188481812,4,69.07675188481812,True
77660,74893,1278.36,payment_link,0.59714574,763.3672233510017,12,751.3672233510017,payment_link,0.59714574,763.3672233510017,12,751.3672233510017,0.0,0.0,0,0.0,False
53806,58908,3562.02,whatsapp,0.5922876,2109.740277096033,18,2091.740277096033,human_escalation,0.7506587,2673.8612702643873,250,2423.8612702643873,0.15837109,564.1209931683543,232,332.1209931683543,True
59488,99378,1490.1,payment_link,0.60829616,906.4221019506454,12,894.4221019506454,whatsapp,0.6156785,917.4225167691707,18,899.4225167691707,0.0073823333,11.000414818525314,6,5.000414818525314,True
82677,19512,1370.63,whatsapp,0.8306463,1138.5087059235573,18,1120.5087059235573,payment_link,0.84205866,1154.1508592367172,12,1142.1508592367172,0.011412382,15.642153313159952,-6,21.64215331315995,True
1729,91054,2582.51,retry,0.65023744,1679.2446939194203,8,1671.2446939194203,payment_link,0.70071304,1809.598428913355,12,1797.598428913355,0.050475597,130.35373499393472,4,126.35373499393472,True
46854,13938,2308.19,voice_call,0.5714418,1318.9963157516718,90,1228.9963157516718,payment_link,0.6967898,1608.3232510489227,12,1596.3232510489227,0.12534797,289.3269352972509,-78,367.3269352972509,True
76839,36838,4966.4,retry,0.7086833,3519.604800415039,8,3511.604800415039,human_escalation,0.8046963,3996.443811035156,250,3746.443811035156,0.09601301,476.8390106201173,242,234.83901062011728,True
57646,65033,2224.57,retry,0.47761706,1062.4925724366308,8,1054.4925724366308,payment_link,0.59789276,1330.054299850464,12,1318.054299850464,0.120275706,267.5617274138333,4,263.5617274138333,True
20053,55813,1660.64,payment_link,0.49951398,829.5129019355775,12,817.5129019355775,payment_link,0.49951398,829.5129019355775,12,817.5129019355775,0.0,0.0,0,0.0,False
85170,62758,3998.64,payment_link,0.6199115,2478.802887854576,12,2466.802887854576,payment_link,0.6199115,2478.802887854576,12,2466.802887854576,0.0,0.0,0,0.0,False
64127,8390,2492.27,payment_link,0.78678036,1960.8690812397003,12,1948.8690812397003,payment_link,0.78678036,1960.8690812397003,12,1948.8690812397003,0.0,0.0,0,0.0,False
94049,1829,1713.46,voice_call,0.806999,1382.7605540525913,90,1292.7605540525913,payment_link,0.91289115,1564.2024690580367,12,1552.2024690580367,0.10589212,181.44191500544548,-78,259.4419150054455,True
72131,7385,5048.4,payment_link,0.5765088,2910.447127175331,12,2898.447127175331,human_escalation,0.6486696,3274.7436110973354,250,3024.7436110973354,0.07216078,364.2964839220044,238,126.29648392200443,True
48106,67633,1816.98,retry,0.63237345,1149.0099151539803,8,1141.0099151539803,payment_link,0.72264886,1313.0385238695144,12,1301.0385238695144,0.09027541,164.02860871553412,4,160.02860871553412,True
61978,25819,4793.25,retry,0.7066261,3387.035636410117,8,3379.035636410117,payment_link,0.82244503,3942.1846639215946,12,3930.1846639215946,0.11581892,555.1490275114775,4,551.1490275114775,True
99088,21200,4068.9,whatsapp,0.58025223,2360.988299328089,18,2342.988299328089,human_escalation,0.7282821,2963.307012283802,250,2713.307012283802,0.14802986,602.3187129557132,232,370.3187129557132,True
76795,21873,4085.01,payment_link,0.82594323,3373.986360447407,12,3361.986360447407,human_escalation,0.91209394,3725.912855206132,250,3475.912855206132,0.086150706,351.92649475872486,238,113.92649475872486,True
98261,59676,1056.39,retry,0.700686,740.1976602315904,8,732.1976602315904,payment_link,0.75632274,798.9717809021473,12,786.9717809021473,0.055636764,58.774120670556954,4,54.774120670556954,True
15678,4459,3558.49,payment_link,0.61233693,2178.994854891896,12,2166.994854891896,payment_link,0.61233693,2178.994854891896,12,2166.994854891896,0.0,0.0,0,0.0,False
64808,55624,522.26,payment_link,0.64602864,337.3949164223671,12,325.3949164223671,payment_link,0.64602864,337.3949164223671,12,325.3949164223671,0.0,0.0,0,0.0,False
57182,21717,4382.97,payment_link,0.6013617,2635.750254973769,12,2623.750254973769,payment_link,0.6013617,2635.750254973769,12,2623.750254973769,0.0,0.0,0,0.0,False
35835,99547,617.45,voice_call,0.52841216,326.2680902034044,90,236.26809020340443,payment_link,0.61100703,377.2662936240435,12,365.2662936240435,0.08259487,50.99820342063907,-78,128.99820342063907,True
4953,94798,1048.39,payment_link,0.6748701,707.5270366662742,12,695.5270366662742,payment_link,0.6748701,707.5270366662742,12,695.5270366662742,0.0,0.0,0,0.0,False
97288,63339,1606.34,payment_link,0.883655,1419.450391420126,12,1407.450391420126,payment_link,0.883655,1419.450391420126,12,1407.450391420126,0.0,0.0,0,0.0,False
97773,87799,3145.11,voice_call,0.7426467,2335.705544342995,90,2245.705544342995,payment_link,0.9109441,2865.019411543608,12,2853.019411543608,0.16829741,529.313867200613,-78,607.313867200613,True
69335,69742,920.27,retry,0.72669274,668.7535242956876,8,660.7535242956876,payment_link,0.7861007,723.4248779338598,12,711.4248779338598,0.05940795,54.67135363817215,4,50.67135363817215,True
89762,12337,8926.12,email,0.87460995,7806.873341941834,5,7801.873341941834,payment_link,0.9291633,8293.822911427022,12,8281.822911427022,0.05455333,486.94956948518757,7,479.94956948518757,True
55933,99568,1588.2,voice_call,0.78162426,1241.3756458640098,90,1151.3756458640098,payment_link,0.9309435,1478.5244493484497,12,1466.5244493484497,0.14931923,237.1488034844399,-78,315.1488034844399,True
44472,8307,3029.7,retry,0.5324521,1613.1701469898223,8,1605.1701469898223,payment_link,0.63266283,1916.7785843431948,12,1904.7785843431948,0.100210726,303.60843735337244,4,299.60843735337244,True
67415,82467,3364.56,email,0.5682825,1912.0205177593232,5,1907.0205177593232,payment_link,0.6841593,2301.8949433135986,12,2289.8949433135986,0.115876794,389.8744255542754,7,382.8744255542754,True
72710,7437,886.22,whatsapp,0.7479255,662.8265542840958,18,644.8265542840958,payment_link,0.7645471,677.5569394731522,12,665.5569394731522,0.01662159,14.730385189056392,-6,20.730385189056392,True
33548,29841,2198.35,voice_call,0.407478,895.7792716190219,90,805.7792716190219,human_escalation,0.6447564,1417.4001808136702,250,1167.4001808136702,0.23727837,521.6209091946483,160,361.62090919464833,True
36281,30031,1478.83,retry,0.54225224,801.8988838726282,8,793.8988838726282,payment_link,0.60460234,894.1040738534927,12,882.1040738534927,0.062350094,92.20518998086447,4,88.20518998086447,True
48862,35818,870.47,payment_link,0.55746114,485.25320074677467,12,473.25320074677467,payment_link,0.55746114,485.25320074677467,12,473.25320074677467,0.0,0.0,0,0.0,False
62147,70972,3853.58,retry,0.727357,2802.9282736480236,8,2794.9282736480236,payment_link,0.83263946,3208.6427540636064,12,3196.6427540636064,0.105282485,405.7144804155828,4,401.7144804155828,True
60094,95405,757.65,email,0.45589408,345.4081518217921,5,340.4081518217921,payment_link,0.5436927,411.92878022789955,12,399.92878022789955,0.087798625,66.52062840610745,7,59.52062840610745,True
56869,53886,10577.81,payment_link,0.80811876,8548.12670691192,12,8536.12670691192,human_escalation,0.8638446,9137.583767990469,250,8887.583767990469,0.055725813,589.4570610785486,238,351.4570610785486,True
81995,45895,753.95,whatsapp,0.8092369,610.1241487801076,18,592.1241487801076,whatsapp,0.8092369,610.1241487801076,18,592.1241487801076,0.0,0.0,0,0.0,False
15895,54459,1386.01,whatsapp,0.5945547,824.058790667653,18,806.058790667653,payment_link,0.6602904,915.1691251009703,12,903.1691251009703,0.0657357,91.11033443331723,-6,97.11033443331723,True
10808,93333,5111.53,email,0.8858375,4527.984932488799,5,4522.984932488799,human_escalation,0.9375302,4792.213843161463,250,4542.213843161463,0.051692724,264.2289106726639,245,19.228910672663915,True
7516,75162,1579.08,payment_link,0.6589988,1040.6118052124978,12,1028.6118052124978,payment_link,0.6589988,1040.6118052124978,12,1028.6118052124978,0.0,0.0,0,0.0,False
67184,97205,1163.52,retry,0.90280443,1050.4310153961183,8,1042.4310153961183,payment_link,0.9416688,1095.6504920196533,12,1083.6504920196533,0.038864374,45.219476623535,4,41.219476623535,True
61137,81640,3823.97,payment_link,0.7502628,2868.9824273806807,12,2856.9824273806807,payment_link,0.7502628,2868.9824273806807,12,2856.9824273806807,0.0,0.0,0,0.0,False
22580,66622,3000.3,payment_link,0.6439306,1931.9850211679936,12,1919.9850211679936,whatsapp,0.6499104,1949.9261442482473,18,1931.9261442482473,0.0059797764,17.941123080253647,6,11.941123080253647,True
16155,3935,1454.51,email,0.86019987,1251.1693109923601,5,1246.1693109923601,payment_link,0.9238193,1343.704415152073,12,1331.704415152073,0.063619435,92.53510415971277,7,85.53510415971277,True
12717,64100,4671.19,payment_link,0.8008157,3740.762296618223,12,3728.762296618223,human_escalation,0.91030014,4252.184890471696,250,4002.1848904716962,0.109484434,511.42259385347324,238,273.42259385347324,True
22960,33262,1597.69,human_escalation,0.8131312,1299.1316079986095,250,1049.1316079986095,payment_link,0.72585166,1159.685930687189,12,1147.685930687189,-0.08727956,-139.44567731142047,-238,98.55432268857953,True
93260,24601,1593.57,retry,0.77957904,1242.3137761723995,8,1234.3137761723995,whatsapp,0.8018091,1277.7388836550713,18,1259.7388836550713,0.02223003,35.42510748267182,10,25.42510748267182,True
35081,10871,1427.75,payment_link,0.6664438,951.5151708126068,12,939.5151708126068,payment_link,0.6664438,951.5151708126068,12,939.5151708126068,0.0,0.0,0,0.0,False
47547,47701,796.99,payment_link,0.76463526,609.4066597515344,12,597.4066597515344,payment_link,0.76463526,609.4066597515344,12,597.4066597515344,0.0,0.0,0,0.0,False
56171,66358,6332.7,human_escalation,0.58554393,3708.074048870802,250,3458.074048870802,whatsapp,0.5571144,3528.0385022342202,18,3510.0385022342202,-0.028429508,-180.03554663658178,-232,51.964453363418215,True
25321,89231,1534.3,whatsapp,0.5644781,866.0787478268146,18,848.0787478268146,payment_link,0.63150716,968.9214329481125,12,956.9214329481125,0.06702906,102.8426851212979,-6,108.8426851212979,True
23337,71676,2196.56,whatsapp,0.705425,1549.5083907890319,18,1531.5083907890319,payment_link,0.8369588,1838.4302779340744,12,1826.4302779340744,0.1315338,288.92188714504255,-6,294.92188714504255,True
39307,87217,7494.78,payment_link,0.66120964,4955.620807317495,12,4943.620807317495,human_escalation,0.7422968,5563.351322515011,250,5313.351322515011,0.08108717,607.7305151975161,238,369.73051519751607,True
48968,82097,3059.41,payment_link,0.53156674,1626.2805972158908,12,1614.2805972158908,payment_link,0.53156674,1626.2805972158908,12,1614.2805972158908,0.0,0.0,0,0.0,False
44156,70906,1209.98,retry,0.6413088,775.9708030509948,8,767.9708030509948,payment_link,0.72638047,878.9058379626274,12,866.9058379626274,0.08507168,102.93503491163256,4,98.93503491163256,True
88383,28519,8644.18,payment_link,0.8858648,7657.574737197161,12,7645.574737197161,payment_link,0.8858648,7657.574737197161,12,7645.574737197161,0.0,0.0,0,0.0,False
86560,84116,955.01,human_escalation,0.8090368,772.638226082921,250,522.638226082921,payment_link,0.7044343,672.7417775666713,12,660.7417775666713,-0.104602516,-99.89644851624973,-238,138.10355148375027,True
13909,44110,1606.28,whatsapp,0.677474,1088.2129719161987,18,1070.2129719161987,payment_link,0.71761316,1152.6876676249503,12,1140.6876676249503,0.04013914,64.4746957087516,-6,70.4746957087516,True
66747,7657,1047.68,retry,0.81123424,849.9138841247559,8,841.9138841247559,payment_link,0.8793223,921.2483772277833,12,909.2483772277833,0.068088055,71.3344931030274,4,67.3344931030274,True
60823,835,899.5,voice_call,0.6573475,591.2840765416622,90,501.2840765416622,payment_link,0.73724896,663.1554369628429,12,651.1554369628429,0.07990146,71.87136042118073,-78,149.87136042118073,True
72483,37493,5287.39,payment_link,0.5843638,3089.7594085466862,12,3077.7594085466862,human_escalation,0.711812,3763.627752981186,250,3513.627752981186,0.1274482,673.8683444344997,238,435.8683444344997,True
88412,96789,4531.41,email,0.8681865,3934.1088694524765,5,3929.1088694524765,payment_link,0.9294891,4211.896094500422,12,4199.896094500422,0.061302602,277.7872250479454,7,270.7872250479454,True
28914,72433,2684.14,email,0.70709985,1897.9550046551226,5,1892.9550046551226,payment_link,0.76897025,2064.0238097429274,12,2052.0238097429274,0.061870396,166.06880508780478,7,159.06880508780478,True
4643,26656,1504.11,email,0.7558812,1136.9284571421147,5,1131.9284571421147,whatsapp,0.7915926,1190.64234251976,18,1172.64234251976,0.035711408,53.71388537764528,13,40.71388537764528,True
49517,38344,2210.98,payment_link,0.5889521,1302.1613673841953,12,1290.1613673841953,human_escalation,0.7510957,1660.6575977265834,250,1410.6575977265834,0.16214359,358.4962303423881,238,120.49623034238812,True
37379,61746,1203.28,payment_link,0.7589076,913.178356347084,12,901.178356347084,payment_link,0.7589076,913.178356347084,12,901.178356347084,0.0,0.0,0,0.0,False
18651,61014,1704.59,human_escalation,0.7571461,1290.6237048125267,250,1040.6237048125267,payment_link,0.6856577,1168.7652248102427,12,1156.7652248102427,-0.07148844,-121.85848000228407,-238,116.14151999771593,True
84617,83252,2953.7,whatsapp,0.6340307,1872.7364777922628,18,1854.7364777922628,payment_link,0.6950172,2052.872358548641,12,2040.872358548641,0.06098652,180.13588075637813,-6,186.13588075637813,True
30329,58072,2799.12,whatsapp,0.6716004,1879.8901155710219,18,1861.8901155710219,payment_link,0.67800426,1897.8152977752684,12,1885.8152977752684,0.0064038634,17.92518220424654,-6,23.92518220424654,True
69545,36355,1352.8,payment_link,0.69774544,943.9100344657897,12,931.9100344657897,payment_link,0.69774544,943.9100344657897,12,931.9100344657897,0.0,0.0,0,0.0,False
10987,61876,1834.25,human_escalation,0.89065063,1633.675918072462,250,1383.675918072462,payment_link,0.9084181,1666.265934690833,12,1654.265934690833,0.017767489,32.59001661837101,-238,270.590016618371,True
87121,35722,8625.96,payment_link,0.7719844,6659.106540920734,12,6647.106540920734,human_escalation,0.8494288,7327.1386181116095,250,7077.1386181116095,0.077444375,668.0320771908755,238,430.0320771908755,True
15314,63753,375.35,whatsapp,0.68137586,255.7544294893742,18,237.7544294893742,payment_link,0.75914645,284.94562073946,12,272.94562073946,0.07777059,29.191191250085836,-6,35.191191250085836,True
31142,6347,3168.37,retry,0.69938517,2215.9109789323807,8,2207.9109789323807,human_escalation,0.8509297,2696.0600622576476,250,2446.0600622576476,0.15154451,480.14908332526693,242,238.14908332526693,True
9633,70004,1832.03,retry,0.87379766,1600.8235180830955,8,1592.8235180830955,payment_link,0.9105645,1668.1814483469725,12,1656.1814483469725,0.036766827,67.35793026387705,4,63.35793026387705,True
84563,25086,4256.84,voice_call,0.61046606,2598.656355717182,90,2508.656355717182,human_escalation,0.7835178,3335.309817759991,250,3085.309817759991,0.17305171,736.6534620428088,160,576.6534620428088,True
8666,14352,1657.74,payment_link,0.5941269,984.9078943312168,12,972.9078943312168,whatsapp,0.6110695,1012.9943536698818,18,994.9943536698818,0.01694262,28.08645933866501,6,22.08645933866501,True
13386,89451,3492.43,whatsapp,0.68014526,2375.3597232055663,18,2357.3597232055663,payment_link,0.7285952,2544.567724559903,12,2532.567724559903,0.048449934,169.20800135433683,-6,175.20800135433683,True
90868,10900,1928.79,retry,0.5670291,1093.6800935447216,8,1085.6800935447216,payment_link,0.6420667,1238.4118633675575,12,1226.4118633675575,0.0750376,144.731769822836,4,140.731769822836,True
42810,31417,733.55,payment_link,0.9433869,692.0214695513248,12,680.0214695513248,payment_link,0.9433869,692.0214695513248,12,680.0214695513248,0.0,0.0,0,0.0,False
66503,68258,5877.36,human_escalation,0.5882788,3457.526114273071,250,3207.526114273071,human_escalation,0.5882788,3457.526114273071,250,3207.526114273071,0.0,0.0,0,0.0,False
33399,21953,2000.06,voice_call,0.33969322,679.4068185323476,90,589.4068185323476,payment_link,0.46323112,926.4900269335508,12,914.4900269335508,0.1235379,247.08320840120314,-78,325.08320840120314,True
33275,56117,3059.35,email,0.48653293,1488.474508869648,5,1483.474508869648,payment_link,0.6494688,1986.952310758829,12,1974.952310758829,0.16293585,498.47780188918114,7,491.47780188918114,True
17001,90687,679.15,payment_link,0.60961986,414.0233251214027,12,402.0233251214027,payment_link,0.60961986,414.0233251214027,12,402.0233251214027,0.0,0.0,0,0.0,False
800,96229,4745.57,payment_link,0.6259901,2970.679804472327,12,2958.679804472327,human_escalation,0.74562645,3538.422510356903,250,3288.422510356903,0.11963636,567.742705884576,238,329.742705884576,True
91524,21593,610.55,whatsapp,0.5940435,362.6932548165321,18,344.6932548165321,payment_link,0.68060625,415.5441434919834,12,403.5441434919834,0.08656275,52.8508886754513,-6,58.8508886754513,True
79706,64404,3354.5,whatsapp,0.7492352,2513.3095213472843,18,2495.3095213472843,whatsapp,0.7492352,2513.3095213472843,18,2495.3095213472843,0.0,0.0,0,0.0,False
367,55211,2925.09,retry,0.8803577,2575.125454103351,8,2567.125454103351,payment_link,0.93295056,2728.9643426638845,12,2716.9643426638845,0.052592874,153.83888856053363,4,149.83888856053363,True
68354,96098,845.02,payment_link,0.884813,747.6846902954578,12,735.6846902954578,payment_link,0.884813,747.6846902954578,12,735.6846902954578,0.0,0.0,0,0.0,False
69722,29438,363.53,voice_call,0.77859634,283.0431280654669,90,193.04312806546687,payment_link,0.82498205,299.9057235753536,12,287.9057235753536,0.046385705,16.862595509886717,-78,94.86259550988672,True
70849,5817,637.34,payment_link,0.876442,558.5915539491177,12,546.5915539491177,payment_link,0.876442,558.5915539491177,12,546.5915539491177,0.0,0.0,0,0.0,False
44818,92441,2474.54,whatsapp,0.6514358,1612.0039258396625,18,1594.0039258396625,payment_link,0.66682637,1650.0885191321372,12,1638.0885191321372,0.015390575,38.084593292474665,-6,44.084593292474665,True
2959,99283,2025.48,payment_link,0.8420827,1705.6216252112388,12,1693.6216252112388,payment_link,0.8420827,1705.6216252112388,12,1693.6216252112388,0.0,0.0,0,0.0,False
65638,21968,1178.23,payment_link,0.80808574,952.1108609837294,12,940.1108609837294,payment_link,0.80808574,952.1108609837294,12,940.1108609837294,0.0,0.0,0,0.0,False
79998,97991,4476.85,retry,0.4946494,2214.4712122678757,8,2206.4712122678757,human_escalation,0.7204299,3225.256585764885,250,2975.256585764885,0.22578049,1010.7853734970095,242,768.7853734970095,True
90779,40517,11021.91,retry,0.72942674,8039.67589750886,8,8031.67589750886,human_escalation,0.8154437,8987.747011855245,250,8737.747011855245,0.08601695,948.071114346385,242,706.071114346385,True
94736,74988,3954.04,payment_link,0.69270086,2738.9669198799133,12,2726.9669198799133,payment_link,0.69270086,2738.9669198799133,12,2726.9669198799133,0.0,0.0,0,0.0,False
48419,99586,756.5,voice_call,0.664675,502.82663547992706,90,412.82663547992706,payment_link,0.7505148,567.7644502222538,12,555.7644502222538,0.08583981,64.93781474232674,-78,142.93781474232674,True
45303,98351,1370.57,whatsapp,0.8087229,1108.4113632339238,18,1090.4113632339238,payment_link,0.84579563,1159.22211853981,12,1147.22211853981,0.03707272,50.81075530588623,-6,56.81075530588623,True
36153,46013,4307.04,payment_link,0.66030437,2843.957323179245,12,2831.957323179245,human_escalation,0.7595683,3271.490938940048,250,3021.490938940048,0.09926391,427.53361576080306,238,189.53361576080306,True
95394,69446,2500.58,payment_link,0.6865103,1716.6739871835707,12,1704.6739871835707,payment_link,0.6865103,1716.6739871835707,12,1704.6739871835707,0.0,0.0,0,0.0,False
51579,53107,2269.71,payment_link,0.7383328,1675.8013576859237,12,1663.8013576859237,payment_link,0.7383328,1675.8013576859237,12,1663.8013576859237,0.0,0.0,0,0.0,False
1899,25060,2410.89,whatsapp,0.75698835,1825.0156348782778,18,1807.0156348782778,payment_link,0.82600373,1991.4041333359478,12,1979.4041333359478,0.06901538,166.38849845767004,-6,172.38849845767004,True
18953,48719,2847.01,email,0.60992306,1736.4570644563437,5,1731.4570644563437,human_escalation,0.8212593,2338.133496013284,250,2088.133496013284,0.21133626,601.6764315569403,245,356.6764315569403,True
68709,8877,1145.04,retry,0.7444011,852.3690324497222,8,844.3690324497222,payment_link,0.7750745,887.491284828186,12,875.491284828186,0.030673385,35.12225237846383,4,31.122252378463827,True
93377,93352,1595.41,email,0.73596114,1174.159761094451,5,1169.159761094451,payment_link,0.8145959,1299.614409918189,12,1287.614409918189,0.07863474,125.45464882373813,7,118.45464882373813,True
98796,63962,4420.96,retry,0.74656665,3300.5413113594054,8,3292.5413113594054,human_escalation,0.8607491,3805.3374537849427,250,3555.3374537849427,0.11418247,504.79614242553725,242,262.79614242553725,True
56916,31556,1811.32,payment_link,0.705878,1278.5709739780425,12,1266.5709739780425,payment_link,0.705878,1278.5709739780425,12,1266.5709739780425,0.0,0.0,0,0.0,False
60179,52868,3804.57,payment_link,0.75584704,2875.672960944772,12,2863.672960944772,human_escalation,0.82510614,3139.174082093239,250,2889.174082093239,0.06925911,263.50112114846706,238,25.501121148467064,True
5126,95021,585.06,payment_link,0.6936964,405.8540038847923,12,393.8540038847923,payment_link,0.6936964,405.8540038847923,12,393.8540038847923,0.0,0.0,0,0.0,False
23372,24079,2281.77,email,0.4832918,1102.760741416812,5,1097.760741416812,payment_link,0.5767402,1315.9884982198478,12,1303.9884982198478,0.0934484,213.22775680303585,7,206.22775680303585,True
58117,9522,1470.24,payment_link,0.75714266,1113.1814288520814,12,1101.1814288520814,whatsapp,0.80275327,1180.2399672031402,18,1162.2399672031402,0.045610607,67.05853835105881,6,61.058538351058814,True
63464,45837,1222.05,payment_link,0.77516747,947.2934008598327,12,935.2934008598327,payment_link,0.77516747,947.2934008598327,12,935.2934008598327,0.0,0.0,0,0.0,False
85787,29203,554.84,whatsapp,0.80366653,445.9063386368752,18,427.9063386368752,payment_link,0.81268495,450.9101194405556,12,438.9101194405556,0.009018421,5.0037808036803995,-6,11.0037808036804,True
76686,61745,3523.43,email,0.6613994,2330.3945727723835,5,2325.3945727723835,payment_link,0.71589196,2522.395199049711,12,2510.395199049711,0.054492533,192.00062627732768,7,185.00062627732768,True
34556,75338,2653.76,retry,0.63051045,1673.2234102249147,8,1665.2234102249147,payment_link,0.6603144,1752.3158920478822,12,1740.3158920478822,0.029803932,79.09248182296756,4,75.09248182296756,True
47873,10631,1252.94,payment_link,0.57299036,717.9225389969349,12,705.9225389969349,payment_link,0.57299036,717.9225389969349,12,705.9225389969349,0.0,0.0,0,0.0,False
9713,1483,720.17,retry,0.6580036,473.8744729596376,8,465.8744729596376,payment_link,0.7180237,517.0991405624151,12,505.0991405624151,0.06002009,43.22466760277746,4,39.22466760277746,True
67768,93176,729.9,voice_call,0.6739485,491.91502940654755,90,401.91502940654755,payment_link,0.82206905,600.0281987786293,12,588.0281987786293,0.14812052,108.11316937208176,-78,186.11316937208176,True
13106,43551,755.59,retry,0.75779724,572.5840174865723,8,564.5840174865723,payment_link,0.8285471,626.0419184720516,12,614.0419184720516,0.07074988,53.45790098547934,4,49.45790098547934,True
81332,14228,5337.1,payment_link,0.8959992,4782.0372939825065,12,4770.0372939825065,payment_link,0.8959992,4782.0372939825065,12,4770.0372939825065,0.0,0.0,0,0.0,False
67434,97105,1172.21,human_escalation,0.6370802,746.7917725276948,250,496.7917725276948,payment_link,0.5400199,633.0167614525557,12,621.0167614525557,-0.09706026,-113.7750110751391,-238,124.2249889248609,True
85481,88818,3673.01,human_escalation,0.7588417,2787.2331282800437,250,2537.2331282800437,payment_link,0.7723433,2836.8245832741263,12,2824.8245832741263,0.0135015845,49.591454994082596,-238,287.5914549940826,True
85942,48197,2162.07,retry,0.73758197,1594.703846218586,8,1586.703846218586,payment_link,0.80427676,1738.9026639908554,12,1726.9026639908554,0.066694796,144.19881777226942,4,140.19881777226942,True
91391,82990,1167.06,retry,0.68154365,795.4023301184177,8,787.4023301184177,payment_link,0.71943176,839.6200274062156,12,827.6200274062156,0.03788811,44.21769728779793,4,40.21769728779793,True
51638,52815,3463.42,payment_link,0.92423505,3201.014142705202,12,3189.014142705202,payment_link,0.92423505,3201.014142705202,12,3189.014142705202,0.0,0.0,0,0.0,False
91712,50652,4376.09,human_escalation,0.7187239,3145.200441643,250,2895.200441643,human_escalation,0.7187239,3145.200441643,250,2895.200441643,0.0,0.0,0,0.0,False
30536,39100,1511.6,email,0.49828252,753.2038601994514,5,748.2038601994514,payment_link,0.55315006,836.1416273593902,12,824.1416273593902,0.054867536,82.93776715993886,7,75.93776715993886,True
37501,83329,2063.77,payment_link,0.9221336,1903.071710345149,12,1891.071710345149,payment_link,0.9221336,1903.071710345149,12,1891.071710345149,0.0,0.0,0,0.0,False
1004,5683,669.32,voice_call,0.7650675,512.0749909853936,90,422.0749909853936,payment_link,0.8624936,577.2841993641854,12,565.2841993641854,0.09742606,65.2092083787918,-78,143.2092083787918,True
1,1756,1047.09,retry,0.7488635,784.1275013118982,8,776.1275013118982,payment_link,0.81877005,857.3259327042102,12,845.3259327042102,0.06990653,73.19843139231205,4,69.19843139231205,True
7106,42445,3704.66,whatsapp,0.65852284,2439.603240418434,18,2421.603240418434,human_escalation,0.7727525,2862.78536342144,250,2612.78536342144,0.11422968,423.1821230030059,232,191.18212300300593,True
33111,9261,1235.58,human_escalation,0.76684296,947.4958261370658,250,697.4958261370658,payment_link,0.6952153,858.9941016232967,12,846.9941016232967,-0.07162768,-88.50172451376909,-238,149.4982754862309,True
38912,7375,8978.43,payment_link,0.6388334,5735.720995770693,12,5723.720995770693,human_escalation,0.7201853,6466.13312212944,250,6216.13312212944,0.081351876,730.4121263587476,238,492.4121263587476,True
91495,45190,2498.44,payment_link,0.59909236,1496.7963266897202,12,1484.7963266897202,payment_link,0.59909236,1496.7963266897202,12,1484.7963266897202,0.0,0.0,0,0.0,False
54683,92167,2674.84,human_escalation,0.62239814,1664.8154355716706,250,1414.8154355716706,payment_link,0.5570987,1490.1498511195184,12,1478.1498511195184,-0.06529945,-174.6655844521522,-238,63.33441554784781,True
2509,3364,1154.4,payment_link,0.58787656,678.6446989059449,12,666.6446989059449,payment_link,0.58787656,678.6446989059449,12,666.6446989059449,0.0,0.0,0,0.0,False
78663,34799,2733.7,whatsapp,0.4802751,1312.9280258595943,18,1294.9280258595943,payment_link,0.58225703,1591.7160494565962,12,1579.7160494565962,0.10198194,278.78802359700194,-6,284.78802359700194,True
6112,8889,2540.0,whatsapp,0.49588332,1259.543622136116,18,1241.543622136116,human_escalation,0.6293485,1598.5452318191528,250,1348.5452318191528,0.1334652,339.0016096830368,232,107.0016096830368,True
50327,48208,2798.64,whatsapp,0.53977954,1510.6486226749419,18,1492.6486226749419,payment_link,0.60531294,1694.0530160808562,12,1682.0530160808562,0.0655334,183.40439340591433,-6,189.40439340591433,True
84132,32790,830.34,whatsapp,0.6748533,560.3577097892761,18,542.3577097892761,payment_link,0.6997117,580.998596713543,12,568.998596713543,0.024858356,20.64088692426685,-6,26.64088692426685,True
92407,33233,1103.04,payment_link,0.7880404,869.2400823211669,12,857.2400823211669,payment_link,0.7880404,869.2400823211669,12,857.2400823211669,0.0,0.0,0,0.0,False
46792,97212,1914.8,email,0.7002625,1340.8626099824905,5,1335.8626099824905,payment_link,0.75574255,1447.0958345413208,12,1435.0958345413208,0.055480063,106.23322455883022,7,99.23322455883022,True
37360,63642,4574.98,whatsapp,0.49023804,2242.8292313760517,18,2224.8292313760517,human_escalation,0.6356353,2908.0188596951957,250,2658.0188596951957,0.14539728,665.189628319144,232,433.18962831914405,True
33703,23248,2384.86,retry,0.63528377,1515.0628473746776,8,1507.0628473746776,payment_link,0.6905053,1646.7585312736035,12,1634.7585312736035,0.055221558,131.69568389892584,4,127.69568389892584,True
10563,70267,2393.64,retry,0.4886235,1169.5887542295454,8,1161.5887542295454,human_escalation,0.6392148,1530.0501466870307,250,1280.0501466870307,0.15059131,360.4613924574853,242,118.46139245748532,True
36641,28115,1459.11,voice_call,0.5522376,805.7753611797094,90,715.7753611797094,payment_link,0.63963735,933.3012552702427,12,921.3012552702427,0.08739978,127.52589409053326,-78,205.52589409053326,True
80614,4435,993.82,whatsapp,0.38128808,378.93172106444837,18,360.93172106444837,payment_link,0.4390427,436.32940360784534,12,424.32940360784534,0.057754606,57.39768254339697,-6,63.39768254339697,True
85568,2161,677.23,payment_link,0.8125861,550.3077039474249,12,538.3077039474249,payment_link,0.8125861,550.3077039474249,12,538.3077039474249,0.0,0.0,0,0.0,False
47619,55918,3910.11,whatsapp,0.6926031,2708.1543513965607,18,2690.1543513965607,payment_link,0.7043989,2754.2770674061776,12,2742.2770674061776,0.011795759,46.12271600961685,-6,52.12271600961685,True
99341,87776,632.54,voice_call,0.7886192,498.8332015812397,90,408.8332015812397,payment_link,0.89896846,568.6335085344314,12,556.6335085344314,0.11034924,69.8003069531917,-78,147.8003069531917,True
8980,57494,1791.45,payment_link,0.6135086,1099.0699494302273,12,1087.0699494302273,payment_link,0.6135086,1099.0699494302273,12,1087.0699494302273,0.0,0.0,0,0.0,False
91543,93048,693.01,whatsapp,0.8859924,614.0015985286236,18,596.0015985286236,payment_link,0.9336554,647.0325157272815,12,635.0325157272815,0.047662973,33.0309171986579,-6,39.0309171986579,True
28821,79213,852.99,payment_link,0.639919,545.8444932943582,12,533.8444932943582,payment_link,0.639919,545.8444932943582,12,533.8444932943582,0.0,0.0,0,0.0,False
81822,30593,1741.76,retry,0.41818896,728.3848018550873,8,720.3848018550873,payment_link,0.4556025,793.5502049350738,12,781.5502049350738,0.037413538,65.1654030799865,4,61.165403079986504,True
52180,98349,2479.37,human_escalation,0.77477074,1920.9433214378357,250,1670.9433214378357,payment_link,0.743268,1842.8364133930206,12,1830.8364133930206,-0.031502724,-78.1069080448151,-238,159.8930919551849,True
11805,8722,4807.98,voice_call,0.42180303,2028.0205196374652,90,1938.0205196374652,human_escalation,0.69155556,3324.9852996146674,250,3074.9852996146674,0.26975253,1296.9647799772022,160,1136.9647799772022,True
92741,11915,1592.96,voice_call,0.84097815,1339.6445468139648,90,1249.6445468139648,payment_link,0.9366025,1491.9702758026124,12,1479.9702758026124,0.09562433,152.3257289886476,-78,230.3257289886476,True
57685,28879,574.38,retry,0.5607596,322.0891013324261,8,314.0891013324261,payment_link,0.6354242,364.9749501121044,12,352.9749501121044,0.07466459,42.88584877967833,4,38.88584877967833,True
16220,54708,2175.2,email,0.6244546,1358.3136839866638,5,1353.3136839866638,payment_link,0.73057365,1589.143812561035,12,1577.143812561035,0.10611904,230.8301285743712,7,223.8301285743712,True
87124,97066,1478.87,voice_call,0.78424406,1159.7950137758255,90,1069.7950137758255,payment_link,0.93321055,1380.097088649869,12,1368.097088649869,0.14896649,220.30207487404346,-78,298.30207487404346,True
21029,15437,423.15,retry,0.44827804,189.68885249644518,8,181.68885249644518,payment_link,0.6222262,263.295007494092,12,251.29500749409198,0.17394814,73.6061549976468,4,69.6061549976468,True
48128,79964,2047.03,human_escalation,0.83325267,1705.6932097554206,250,1455.6932097554206,payment_link,0.743783,1522.5461086177825,12,1510.5461086177825,-0.08946967,-183.14710113763817,-238,54.852898862361826,True
7854,86756,3119.68,whatsapp,0.570197,1778.8321339035033,18,1760.8321339035033,payment_link,0.63531846,1981.9902873039246,12,1969.9902873039246,0.06512147,203.15815340042127,-6,209.15815340042127,True
22114,98291,1482.26,whatsapp,0.5821947,862.963895175457,18,844.963895175457,payment_link,0.6441848,954.8494028615952,12,942.8494028615952,0.061990142,91.88550768613823,-6,97.88550768613823,True
39761,18480,1163.48,retry,0.74793375,870.205954079628,8,862.205954079628,payment_link,0.84477454,982.8782867312432,12,970.8782867312432,0.0968408,112.67233265161519,4,108.67233265161519,True
38792,53015,8696.78,whatsapp,0.8313304,7229.89775775671,18,7211.89775775671,human_escalation,0.9304746,8092.132712062598,250,7842.132712062598,0.09914416,862.2349543058881,232,630.2349543058881,True
84596,1672,2741.31,retry,0.617799,1693.5785329681635,8,1685.5785329681635,payment_link,0.65040594,1782.9643166846035,12,1770.9643166846035,0.03260696,89.38578371644007,4,85.38578371644007,True
74310,46089,1812.06,email,0.5026098,910.759094928503,5,905.759094928503,payment_link,0.5929933,1074.5394736897945,12,1062.5394736897945,0.09038353,163.78037876129144,7,156.78037876129144,True
82086,6112,1666.24,whatsapp,0.38512194,641.7055839157105,18,623.7055839157105,payment_link,0.4656745,775.9254617786407,12,763.9254617786407,0.08055255,134.21987786293028,-6,140.21987786293028,True
35598,55930,1397.02,payment_link,0.7122819,995.072035857439,12,983.072035857439,payment_link,0.7122819,995.072035857439,12,983.072035857439,0.0,0.0,0,0.0,False
81745,68553,2709.05,payment_link,0.927417,2512.4189703911543,12,2500.4189703911543,payment_link,0.927417,2512.4189703911543,12,2500.4189703911543,0.0,0.0,0,0.0,False
34624,92608,1061.34,payment_link,0.53531826,568.1546772122383,12,556.1546772122383,payment_link,0.53531826,568.1546772122383,12,556.1546772122383,0.0,0.0,0,0.0,False
89914,8380,931.63,email,0.44210407,411.8774160185456,5,406.8774160185456,payment_link,0.5280952,491.9893179064989,12,479.9893179064989,0.085991114,80.11190188795331,7,73.11190188795331,True
63321,53362,1099.07,whatsapp,0.846013,929.8275184041261,18,911.8275184041261,whatsapp,0.846013,929.8275184041261,18,911.8275184041261,0.0,0.0,0,0.0,False
75176,52477,4834.29,voice_call,0.613819,2967.379068521261,90,2877.379068521261,payment_link,0.7293396,3525.8391329956053,12,3513.8391329956053,0.1155206,558.4600644743441,-78,636.4600644743441,True
3283,49283,1509.22,retry,0.7077736,1068.1861116063594,8,1060.1861116063594,payment_link,0.75619334,1141.2621123301983,12,1129.2621123301983,0.048419714,73.07600072383889,4,69.07600072383889,True
53091,21363,5235.04,payment_link,0.8416593,4406.120141029358,12,4394.120141029358,payment_link,0.8416593,4406.120141029358,12,4394.120141029358,0.0,0.0,0,0.0,False
67572,25960,9377.0,voice_call,0.8087025,7583.203609526157,90,7493.203609526157,human_escalation,0.9388203,8803.317976415157,250,8553.317976415157,0.13011777,1220.114366889,160,1060.114366889,True
80101,12993,1918.71,payment_link,0.80488884,1544.3482748115064,12,1532.3482748115064,payment_link,0.80488884,1544.3482748115064,12,1532.3482748115064,0.0,0.0,0,0.0,False
2604,68116,2523.43,payment_link,0.9237125,2330.923813660145,12,2318.923813660145,payment_link,0.9237125,2330.923813660145,12,2318.923813660145,0.0,0.0,0,0.0,False
38353,26174,1028.72,whatsapp,0.6056623,623.0569071435929,18,605.0569071435929,payment_link,0.613536,631.1567541790009,12,619.1567541790009,0.007873714,8.099847035408061,-6,14.099847035408061,True
82969,46545,655.09,whatsapp,0.8523487,558.3651002299786,18,540.3651002299786,payment_link,0.90538955,593.1116385722161,12,581.1116385722161,0.053040862,34.7465383422375,-6,40.7465383422375,True
19714,10146,1401.47,retry,0.4367283,612.0616087287665,8,604.0616087287665,payment_link,0.54383236,762.1647399491072,12,750.1647399491072,0.10710406,150.10313122034074,4,146.10313122034074,True
1564,81175,3502.52,payment_link,0.67994535,2381.5221862077715,12,2369.5221862077715,human_escalation,0.8122766,2845.015043306351,250,2595.015043306351,0.13233125,463.4928570985794,238,225.4928570985794,True
7772,10040,3630.81,email,0.81636363,2964.0612411671877,5,2959.0612411671877,whatsapp,0.89947206,3265.812142251134,18,3247.812142251134,0.083108425,301.75090108394625,13,288.75090108394625,True
97482,32219,2541.59,retry,0.7563051,1922.2174753820898,8,1914.2174753820898,payment_link,0.8263863,2100.335087358356,12,2088.335087358356,0.070081174,178.11761197626606,4,174.11761197626606,True
3171,14933,1835.7,retry,0.59338003,1089.2677283585072,8,1081.2677283585072,payment_link,0.68864805,1264.1512163221837,12,1252.1512163221837,0.09526801,174.88348796367654,4,170.88348796367654,True
56793,1373,495.83,whatsapp,0.8343186,413.6801806503534,18,395.6801806503534,payment_link,0.8655913,429.18612813711167,12,417.18612813711167,0.03127271,15.50594748675826,-6,21.50594748675826,True
47264,74085,1947.11,voice_call,0.6728291,1310.072252445817,90,1220.072252445817,whatsapp,0.7709505,1501.1254206496476,18,1483.1254206496476,0.098121405,191.05316820383064,-72,263.05316820383064,True
98466,19387,3443.27,payment_link,0.69520974,2393.794846932888,12,2381.794846932888,payment_link,0.69520974,2393.794846932888,12,2381.794846932888,0.0,0.0,0,0.0,False
27772,69760,850.49,voice_call,0.8528159,725.3114169675111,90,635.3114169675111,payment_link,0.9019192,767.0732485991716,12,755.0732485991716,0.04910326,41.76183163166047,-78,119.76183163166047,True
1579,15414,2655.66,whatsapp,0.5064948,1345.0780339944363,18,1327.0780339944363,payment_link,0.5815356,1544.360772471428,12,1532.360772471428,0.07504076,199.28273847699165,-6,205.28273847699165,True
94895,91128,1260.68,whatsapp,0.5378299,678.0313680076599,18,660.0313680076599,payment_link,0.56815225,716.2581770920754,12,704.2581770920754,0.030322373,38.226809084415436,-6,44.226809084415436,True
31429,53703,1532.78,human_escalation,0.93998104,1440.7841436088086,250,1190.7841436088086,payment_link,0.94157326,1443.2246648573876,12,1431.2246648573876,0.0015922189,2.440521248578989,-238,240.440521248579,True
6653,10493,1251.73,email,0.6591731,825.1067086440324,5,820.1067086440324,payment_link,0.86613166,1084.1629869306087,12,1072.1629869306087,0.20695859,259.05627828657623,7,252.05627828657623,True
33603,91619,1176.66,retry,0.7359596,865.9742105591298,8,857.9742105591298,payment_link,0.76863354,904.4203464066983,12,892.4203464066983,0.032673955,38.446135847568485,4,34.446135847568485,True
618,49504,1492.84,email,0.70058143,1045.8559840345383,5,1040.8559840345383,payment_link,0.7240149,1080.8383708810807,12,1068.8383708810807,0.023433447,34.98238684654234,7,27.98238684654234,True
75609,97746,1088.95,payment_link,0.5852163,637.2712722420692,12,625.2712722420692,whatsapp,0.5931856,645.9494630604983,18,627.9494630604983,0.00796932,8.678190818429016,6,2.678190818429016,True
14908,5090,964.54,retry,0.7875518,759.6252327311039,8,751.6252327311039,payment_link,0.8510301,820.8525835657119,12,808.8525835657119,0.06347829,61.227350834608046,4,57.227350834608046,True
79905,12180,1260.64,voice_call,0.81659496,1029.4322682380678,90,939.4322682380678,payment_link,0.92105883,1161.1236079883577,12,1149.1236079883577,0.104463875,131.6913397502899,-78,209.6913397502899,True
41989,29596,1518.75,retry,0.5350867,812.6629125326872,8,804.6629125326872,payment_link,0.5709884,867.1886578202248,12,855.1886578202248,0.035901725,54.525745287537575,4,50.525745287537575,True
18815,80610,7951.49,email,0.69059086,5491.226305131912,5,5486.226305131912,human_escalation,0.80493414,6400.42579683423,250,6150.42579683423,0.114343286,909.1994917023176,245,664.1994917023176,True
10538,87403,3751.64,email,0.42773375,1604.70304266572,5,1599.70304266572,human_escalation,0.6339272,2378.2667384004594,250,2128.2667384004594,0.20619348,773.5636957347394,245,528.5636957347394,True
3212,10943,936.27,whatsapp,0.77047974,721.3770649641752,18,703.3770649641752,payment_link,0.788473,738.2236251318454,12,726.2236251318454,0.017993271,16.84656016767019,-6,22.84656016767019,True
33706,90645,1730.79,payment_link,0.50424325,872.7391827356815,12,860.7391827356815,payment_link,0.50424325,872.7391827356815,12,860.7391827356815,0.0,0.0,0,0.0,False
35742,55009,1665.55,voice_call,0.58049905,966.8501977264881,90,876.8501977264881,payment_link,0.63105035,1051.0459075808524,12,1039.0459075808524,0.050551295,84.19570985436428,-78,162.19570985436428,True
34553,67489,1634.55,payment_link,0.6228357,1018.0560864776372,12,1006.0560864776372,payment_link,0.6228357,1018.0560864776372,12,1006.0560864776372,0.0,0.0,0,0.0,False
30971,23604,3648.4,payment_link,0.54795474,1999.1580666303635,12,1987.1580666303635,payment_link,0.54795474,1999.1580666303635,12,1987.1580666303635,0.0,0.0,0,0.0,False
48022,76913,2220.02,email,0.5712164,1268.1118421804904,5,1263.1118421804904,payment_link,0.63959754,1419.9193199467659,12,1407.9193199467659,0.06838113,151.8074777662755,7,144.8074777662755,True
93127,63271,1266.32,email,0.8580218,1086.5301603937148,5,1081.5301603937148,payment_link,0.92968476,1177.2784029865263,12,1165.2784029865263,0.07166296,90.7482425928115,7,83.7482425928115,True
18728,27668,1429.3,payment_link,0.6827794,975.8965560257435,12,963.8965560257435,payment_link,0.6827794,975.8965560257435,12,963.8965560257435,0.0,0.0,0,0.0,False
10901,22098,2141.05,human_escalation,0.81090665,1736.1916800618174,250,1486.1916800618174,payment_link,0.7518296,1609.7048168420793,12,1597.7048168420793,-0.059077024,-126.4868632197381,-238,111.5131367802619,True
39520,98449,1299.8,email,0.6135076,797.4372154474258,5,792.4372154474258,payment_link,0.6853665,890.8393914461136,12,878.8393914461136,0.07185888,93.40217599868777,7,86.40217599868777,True
33293,17917,6865.11,retry,0.59324306,4072.6788807731864,8,4064.6788807731864,payment_link,0.7510548,5156.073978661894,12,5144.073978661894,0.15781176,1083.3950978887078,4,1079.3950978887078,True
47865,35772,815.19,whatsapp,0.725886,591.73499797225,18,573.73499797225,payment_link,0.74688685,608.8546907651424,12,596.8546907651424,0.021000862,17.119692792892465,-6,23.119692792892465,True
18612,65240,2124.05,payment_link,0.56496626,1200.0165874987842,12,1188.0165874987842,payment_link,0.56496626,1200.0165874987842,12,1188.0165874987842,0.0,0.0,0,0.0,False
11672,93451,3646.39,voice_call,0.7122229,2597.0423661249874,90,2507.0423661249874,human_escalation,0.9184826,3349.1457738035915,250,3099.1457738035915,0.20625973,752.1034076786041,160,592.1034076786041,True
85494,80536,1376.16,retry,0.6417215,883.1114416122437,8,875.1114416122437,payment_link,0.700788,964.3964430999756,12,952.3964430999756,0.059066534,81.28500148773196,4,77.28500148773196,True
98562,74494,1880.5,whatsapp,0.53230506,1000.9996687471867,18,982.9996687471867,payment_link,0.53889555,1013.3930768668652,12,1001.3930768668652,0.0065904856,12.393408119678497,-6,18.393408119678497,True
44074,22133,1972.51,email,0.6264334,1235.6460915851592,5,1230.6460915851592,payment_link,0.74658,1472.63652505517,12,1460.63652505517,0.12014663,236.99043347001088,7,229.99043347001088,True
74906,651,1301.94,email,0.9037859,1176.6749943101406,5,1171.6749943101406,payment_link,0.9303267,1211.2295440721512,12,1199.2295440721512,0.026540816,34.55454976201054,7,27.554549762010538,True
89523,47634,1464.42,human_escalation,0.8104596,1186.8532676410675,250,936.8532676410675,payment_link,0.7350007,1076.349768383503,12,1064.349768383503,-0.075458884,-110.5034992575645,-238,127.4965007424355,True
20807,57491,1623.39,voice_call,0.6509247,1056.704620513916,90,966.7046205139161,payment_link,0.7757042,1259.2704494136572,12,1247.2704494136572,0.12477952,202.56582889974106,-78,280.56582889974106,True
17026,26024,467.24,human_escalation,0.67214316,314.0521706843376,250,64.05217068433763,payment_link,0.6169217,288.2505058026314,12,276.2505058026314,-0.05522144,-25.801664881706245,-238,212.19833511829376,True
48677,94878,1178.5,email,0.42884195,505.3902363181114,5,500.3902363181114,payment_link,0.5123475,603.8015516102314,12,591.8015516102314,0.08350557,98.41131529211998,7,91.41131529211998,True
71880,65987,2549.07,payment_link,0.4884298,1245.0417874440552,12,1233.0417874440552,human_escalation,0.59799945,1524.3424670469763,250,1274.3424670469763,0.10956964,279.30067960292104,238,41.300679602921036,True
42871,46432,1324.13,payment_link,0.5714214,756.636198270321,12,744.636198270321,payment_link,0.5714214,756.636198270321,12,744.636198270321,0.0,0.0,0,0.0,False
22680,10313,2756.68,retry,0.52150255,1437.6156617093086,8,1429.6156617093086,human_escalation,0.6679001,1841.1868075561522,250,1591.1868075561522,0.14639753,403.5711458468436,242,161.5711458468436,True
87806,53055,3802.96,payment_link,0.85864264,3265.38360558033,12,3253.38360558033,payment_link,0.85864264,3265.38360558033,12,3253.38360558033,0.0,0.0,0,0.0,False
78207,57459,3591.8,whatsapp,0.56344926,2023.7970649003983,18,2005.7970649003983,payment_link,0.57357985,2060.1840973734857,12,2048.1840973734857,0.010130584,36.3870324730874,-6,42.3870324730874,True
32243,33396,858.99,payment_link,0.5003529,429.79815397918225,12,417.79815397918225,payment_link,0.5003529,429.79815397918225,12,417.79815397918225,0.0,0.0,0,0.0,False
22408,2701,9284.81,voice_call,0.84357166,7832.4026114368435,90,7742.4026114368435,human_escalation,0.93084276,8642.698140710592,250,8392.698140710592,0.087271094,810.2955292737488,160,650.2955292737488,True
95846,40516,664.86,email,0.8423717,560.059249920845,5,555.059249920845,payment_link,0.9219967,612.998734395504,12,600.998734395504,0.07962501,52.939484474659025,7,45.939484474659025,True
91126,26590,1265.1,retry,0.42346895,535.7305653691292,8,527.7305653691292,payment_link,0.5091185,644.0858110249042,12,632.0858110249042,0.08564955,108.35524565577498,4,104.35524565577498,True
2351,48684,2986.89,payment_link,0.61382765,1833.4356568998098,12,1821.4356568998098,human_escalation,0.7149368,2135.437557197213,250,1885.4375571972132,0.10110915,302.0019002974034,238,64.00190029740338,True
7455,72983,5001.8,retry,0.62245923,3113.41659065485,8,3105.41659065485,human_escalation,0.7127172,3564.8687683343887,250,3314.8687683343887,0.09025794,451.45217767953864,242,209.45217767953864,True
62133,32570,1981.85,voice_call,0.7273367,1441.4722482711077,90,1351.4722482711077,payment_link,0.8108982,1607.0785674989222,12,1595.0785674989222,0.08356148,165.60631922781454,-78,243.60631922781454,True
49243,97965,1308.8,payment_link,0.59500027,778.7363494873047,12,766.7363494873047,payment_link,0.59500027,778.7363494873047,12,766.7363494873047,0.0,0.0,0,0.0,False
93077,35924,2002.03,human_escalation,0.84601146,1693.7403229182958,250,1443.7403229182958,payment_link,0.7514333,1504.3920354110003,12,1492.3920354110003,-0.09457815,-189.34828750729548,-238,48.65171249270452,True
68360,41881,789.6,voice_call,0.5394636,425.96044249534606,90,335.96044249534606,payment_link,0.66390306,524.2178542613983,12,512.2178542613983,0.12443948,98.25741176605226,-78,176.25741176605226,True
992,1288,4435.76,payment_link,0.69174755,3068.4260955142977,12,3056.4260955142977,human_escalation,0.80681825,3578.8521066093444,250,3328.8521066093444,0.1150707,510.42601109504676,238,272.42601109504676,True
91549,44692,1651.01,retry,0.6754821,1115.22769249022,8,1107.22769249022,payment_link,0.77442974,1278.591242596507,12,1266.591242596507,0.098947644,163.363550106287,4,159.363550106287,True
27750,68991,1851.66,payment_link,0.63977444,1184.6447427535059,12,1172.6447427535059,payment_link,0.63977444,1184.6447427535059,12,1172.6447427535059,0.0,0.0,0,0.0,False
42172,61759,2910.3,email,0.6492583,1889.5364757835866,5,1884.5364757835866,payment_link,0.7407421,2155.781696856022,12,2143.781696856022,0.09148377,266.24522107243524,7,259.24522107243524,True
87849,15861,1970.28,email,0.8119676,1599.803545217514,5,1594.803545217514,payment_link,0.9298315,1832.0284173202515,12,1820.0284173202515,0.11786389,232.22487210273744,7,225.22487210273744,True
48187,4677,1789.63,email,0.6103653,1092.3280009567738,5,1087.3280009567738,payment_link,0.67672646,1211.0899754273892,12,1199.0899754273892,0.06636119,118.76197447061531,7,111.76197447061531,True
23653,1478,4337.57,retry,0.5945671,2578.976503024697,8,2570.976503024697,payment_link,0.6794666,2947.2339626586436,12,2935.2339626586436,0.084899485,368.2574596339464,4,364.2574596339464,True
3033,93579,903.9,retry,0.641572,579.9169295310974,8,571.9169295310974,payment_link,0.6963898,629.466735112667,12,617.466735112667,0.054817796,49.54980558156967,4,45.54980558156967,True
45345,7600,1852.29,payment_link,0.57745874,1069.621048182249,12,1057.621048182249,payment_link,0.57745874,1069.621048182249,12,1057.621048182249,0.0,0.0,0,0.0,False
4071,22275,5996.16,payment_link,0.46008053,2758.716496067047,12,2746.716496067047,human_escalation,0.6330888,3796.1019017028807,250,3546.1019017028807,0.1730083,1037.3854056358336,238,799.3854056358336,True
18125,12237,4063.54,retry,0.75724506,3077.0956064796446,8,3069.0956064796446,human_escalation,0.90964055,3696.360763039589,250,3446.360763039589,0.15239549,619.2651565599444,242,377.26515655994444,True
80235,678,1018.85,voice_call,0.5892351,600.3422091156244,90,510.3422091156244,payment_link,0.7229334,736.5607064068317,12,724.5607064068317,0.13369828,136.2184972912073,-78,214.2184972912073,True
27501,8619,1338.36,email,0.6585306,881.3510043382644,5,876.3510043382644,payment_link,0.7260296,971.6889418244361,12,959.6889418244361,0.06749898,90.33793748617177,7,83.33793748617177,True
15622,71290,2045.18,payment_link,0.7719148,1578.704670046568,12,1566.704670046568,payment_link,0.7719148,1578.704670046568,12,1566.704670046568,0.0,0.0,0,0.0,False
25377,57181,653.78,payment_link,0.74156004,484.81712419629093,12,472.81712419629093,payment_link,0.74156004,484.81712419629093,12,472.81712419629093,0.0,0.0,0,0.0,False
63207,39449,474.97,payment_link,0.62044805,294.6942116779089,12,282.6942116779089,payment_link,0.62044805,294.6942116779089,12,282.6942116779089,0.0,0.0,0,0.0,False
29942,22892,1631.83,voice_call,0.6582049,1074.0785234081745,90,984.0785234081745,payment_link,0.7937549,1295.273018748164,12,1283.273018748164,0.13554996,221.19449533998954,-78,299.19449533998954,True
29915,77657,1108.66,retry,0.38293865,424.54876729071145,8,416.54876729071145,payment_link,0.46818054,519.0530343985558,12,507.05303439855584,0.085241884,94.50426710784438,4,90.50426710784438,True
40853,51128,728.36,retry,0.5577749,406.26092717647555,8,398.26092717647555,payment_link,0.70269096,511.8119868803024,12,499.8119868803024,0.14491606,105.55105970382687,4,101.55105970382687,True
6721,26868,2191.6,email,0.6116636,1340.5219017982483,5,1335.5219017982483,payment_link,0.73813707,1617.7011946439743,12,1605.7011946439743,0.12647349,277.17929284572597,7,270.17929284572597,True
42412,646,1611.71,human_escalation,0.59848887,964.5904922884703,250,714.5904922884703,payment_link,0.6591559,1062.3681640452146,12,1050.3681640452146,0.060667038,97.77767175674433,-238,335.7776717567443,True
89181,17084,1468.29,whatsapp,0.6970153,1023.4205735349655,18,1005.4205735349655,payment_link,0.7295243,1071.1532555955648,12,1059.1532555955648,0.03250903,47.73268206059936,-6,53.73268206059936,True
29107,58825,2014.69,retry,0.62162066,1252.3729175424576,8,1244.3729175424576,payment_link,0.63800544,1285.3831707805396,12,1273.3831707805396,0.01638478,33.01025323808199,4,29.010253238081987,True
59061,39863,2479.37,retry,0.6899364,1710.6076107287406,8,1702.6076107287406,payment_link,0.79305834,1966.2850459855795,12,1954.2850459855795,0.10312194,255.67743525683886,4,251.67743525683886,True
51386,10529,1965.53,payment_link,0.6130637,1204.9950805938245,12,1192.9950805938245,payment_link,0.6130637,1204.9950805938245,12,1192.9950805938245,0.0,0.0,0,0.0,False
60962,33704,2686.42,voice_call,0.5411127,1453.6560358583927,90,1363.6560358583927,human_escalation,0.8303592,2230.6936171483994,250,1980.6936171483994,0.2892465,777.0375812900068,160,617.0375812900068,True
64694,93383,4848.84,human_escalation,0.9249406,4484.888911457062,250,4234.888911457062,human_escalation,0.9249406,4484.888911457062,250,4234.888911457062,0.0,0.0,0,0.0,False
98442,40927,386.66,payment_link,0.90115356,348.44003723144533,12,336.44003723144533,payment_link,0.90115356,348.44003723144533,12,336.44003723144533,0.0,0.0,0,0.0,False
3061,49809,1149.62,retry,0.5162929,593.5406777834892,8,585.5406777834892,payment_link,0.57042,655.7662711858749,12,643.7662711858749,0.054127097,62.2255934023857,4,58.2255934023857,True
97416,22406,7607.84,whatsapp,0.6480032,4929.904821491242,18,4911.904821491242,human_escalation,0.7580242,5766.926949157715,250,5516.926949157715,0.110020995,837.0221276664734,232,605.0221276664734,True
10945,11727,1489.81,retry,0.8200714,1221.750571259856,8,1213.750571259856,payment_link,0.8613682,1283.2749272346496,12,1271.2749272346496,0.04129678,61.52435597479348,4,57.52435597479348,True
36423,82479,1646.19,payment_link,0.84179443,1385.7535747128725,12,1373.7535747128725,payment_link,0.84179443,1385.7535747128725,12,1373.7535747128725,0.0,0.0,0,0.0,False
45807,44677,4588.31,payment_link,0.81870574,3756.475722845197,12,3744.475722845197,payment_link,0.81870574,3756.475722845197,12,3744.475722845197,0.0,0.0,0,0.0,False
71154,45328,3282.04,retry,0.30942985,1015.5611585295201,8,1007.5611585295201,payment_link,0.4035673,1324.5240677261352,12,1312.5240677261352,0.09413746,308.9629091966151,4,304.9629091966151,True
79296,68516,3515.04,whatsapp,0.709592,2494.244210071564,18,2476.244210071564,human_escalation,0.8473664,2978.5267646884918,250,2728.5267646884918,0.13777441,484.2825546169279,232,252.28255461692788,True
75075,58847,1607.35,whatsapp,0.80927485,1300.7879338055848,18,1282.7879338055848,payment_link,0.85555995,1375.1842777669428,12,1363.1842777669428,0.046285093,74.39634396135807,-6,80.39634396135807,True
67185,42678,10296.17,email,0.85682654,8822.031755559445,5,8817.031755559445,human_escalation,0.93322146,9608.606793514491,250,9358.606793514491,0.076394916,786.5750379550464,245,541.5750379550464,True
95383,86727,2329.62,email,0.45374742,1057.0590680819748,5,1052.0590680819748,payment_link,0.54145604,1261.386828571558,12,1249.386828571558,0.08770862,204.32776048958317,7,197.32776048958317,True
25581,22765,1433.41,payment_link,0.6740498,966.1897161835433,12,954.1897161835433,payment_link,0.6740498,966.1897161835433,12,954.1897161835433,0.0,0.0,0,0.0,False
68013,9003,1503.08,whatsapp,0.72101665,1083.745699415207,18,1065.745699415207,payment_link,0.767288,1153.2952909207343,12,1141.2952909207343,0.046271384,69.54959150552736,-6,75.54959150552736,True
24182,66735,4354.81,retry,0.5433499,2366.185672532916,8,2358.185672532916,whatsapp,0.6406119,2789.743051531315,18,2771.743051531315,0.097261965,423.5573789983987,10,413.5573789983987,True
20107,1120,575.44,retry,0.64098775,368.84999308586123,8,360.84999308586123,payment_link,0.7446257,428.4874056720734,12,416.4874056720734,0.103637934,59.63741258621218,4,55.63741258621218,True
56818,22934,3704.23,retry,0.644742,2388.272703199387,8,2380.272703199387,human_escalation,0.7654342,2835.3443471580745,250,2585.3443471580745,0.12069219,447.0716439586877,242,205.07164395868767,True
62113,49745,2642.88,retry,0.46904474,1239.6289755821228,8,1231.6289755821228,payment_link,0.583861,1543.0745421981812,12,1531.0745421981812,0.11481625,303.4455666160584,4,299.4455666160584,True
84395,83233,2210.18,retry,0.66222,1463.6254022979736,8,1455.6254022979736,payment_link,0.79499453,1757.0810170829295,12,1745.0810170829295,0.13277453,293.45561478495597,4,289.45561478495597,True
80155,31876,2675.11,payment_link,0.8968465,2399.162968967557,12,2387.162968967557,payment_link,0.8968465,2399.162968967557,12,2387.162968967557,0.0,0.0,0,0.0,False
96778,17544,3337.0,retry,0.8730538,2913.3804943561554,8,2905.3804943561554,payment_link,0.92852855,3098.4997622966766,12,3086.4997622966766,0.05547476,185.11926794052124,4,181.11926794052124,True
58980,33815,1879.13,whatsapp,0.66529113,1250.1685221368075,18,1232.1685221368075,payment_link,0.71573967,1344.967881230712,12,1332.967881230712,0.050448537,94.79935909390451,-6,100.79935909390451,True
87757,59538,411.46,retry,0.5558036,228.69094801068306,8,220.69094801068306,payment_link,0.6398392,263.2682258605957,12,251.2682258605957,0.084035575,34.57727784991263,4,30.577277849912633,True
2994,34269,864.67,whatsapp,0.88871276,768.4432654631138,18,750.4432654631138,payment_link,0.8872177,767.1505290752649,12,755.1505290752649,-0.0014950633,-1.2927363878488904,-6,4.7072636121511096,True
43871,54727,1119.57,payment_link,0.53032446,593.7353546476364,12,581.7353546476364,payment_link,0.53032446,593.7353546476364,12,581.7353546476364,0.0,0.0,0,0.0,False
22911,34077,2388.39,payment_link,0.73889273,1764.7640170794725,12,1752.7640170794725,payment_link,0.73889273,1764.7640170794725,12,1752.7640170794725,0.0,0.0,0,0.0,False
80175,5366,4210.2,retry,0.53757954,2263.317364311218,8,2255.317364311218,human_escalation,0.7057691,2971.4291559576986,250,2721.4291559576986,0.16818959,708.1117916464805,242,466.11179164648047,True
54452,67139,3378.87,retry,0.8300257,2804.548845434189,8,2796.548845434189,payment_link,0.911002,3078.1572611922024,12,3066.1572611922024,0.08097631,273.6084157580135,4,269.6084157580135,True
40250,51780,563.06,whatsapp,0.9168076,516.2176827037334,18,498.21768270373343,payment_link,0.93280643,525.2259897410869,12,513.2259897410869,0.01599884,9.008307037353461,-6,15.008307037353461,True
48358,31339,1618.53,whatsapp,0.49970633,808.7896829205752,18,790.7896829205752,payment_link,0.57790756,935.360726737976,12,923.360726737976,0.078201234,126.57104381740089,-6,132.5710438174009,True
64850,2707,5613.7,retry,0.7765765,4359.467604780197,8,4351.467604780197,human_escalation,0.8981955,5042.200107216835,250,4792.200107216835,0.121618986,682.7325024366382,242,440.73250243663824,True
15810,81780,1154.3,human_escalation,0.7324907,845.5140362083912,250,595.5140362083912,payment_link,0.6378479,736.2678314208985,12,724.2678314208985,-0.09464282,-109.24620478749273,-238,128.75379521250727,True
49838,94379,4365.42,retry,0.537924,2348.2641517603397,8,2340.2641517603397,payment_link,0.65802735,2872.565758177042,12,2860.565758177042,0.12010336,524.3016064167023,4,520.3016064167023,True
17753,13998,1431.82,retry,0.58995295,844.7064267253876,8,836.7064267253876,payment_link,0.6429684,920.6150377035141,12,908.6150377035141,0.05301547,75.90861097812649,4,71.90861097812649,True
7066,55452,1402.93,whatsapp,0.79107964,1109.8293598902226,18,1091.8293598902226,whatsapp,0.79107964,1109.8293598902226,18,1091.8293598902226,0.0,0.0,0,0.0,False
79518,7755,589.05,retry,0.43457067,255.983853238821,8,247.983853238821,payment_link,0.5248976,309.1909167766571,12,297.1909167766571,0.090326905,53.20706353783609,4,49.20706353783609,True
80828,18927,743.45,payment_link,0.704771,523.9619867652655,12,511.96198676526546,payment_link,0.704771,523.9619867652655,12,511.96198676526546,0.0,0.0,0,0.0,False
66986,28604,813.1,whatsapp,0.64041775,520.7236763060093,18,502.72367630600934,payment_link,0.6667988,542.174080234766,12,530.174080234766,0.026381016,21.450403928756714,-6,27.450403928756714,True
99923,10725,1763.33,email,0.6983236,1231.3749667155741,5,1226.3749667155741,payment_link,0.7556693,1332.4943393415213,12,1320.4943393415213,0.05734569,101.11937262594711,7,94.11937262594711,True
97560,66399,758.23,whatsapp,0.5590914,423.9198640173674,18,405.9198640173674,payment_link,0.55264556,419.032446051836,12,407.032446051836,-0.006445825,-4.88741796553137,-6,1.1125820344686304,True
12245,95354,1001.39,retry,0.7065907,707.572873160243,8,699.572873160243,payment_link,0.7487693,749.8100725984573,12,737.8100725984573,0.04217857,42.23719943821425,4,38.23719943821425,True
58920,86298,12034.28,whatsapp,0.81840247,9848.884466540814,18,9830.884466540814,human_escalation,0.8814992,10608.207846674919,250,10358.207846674919,0.0630967,759.3233801341048,232,527.3233801341048,True
90383,35740,4159.36,payment_link,0.5600651,2329.5123354721068,12,2317.5123354721068,human_escalation,0.69949263,2909.441679420471,250,2659.441679420471,0.13942754,579.929343948364,238,341.929343948364,True
66642,13058,476.05,retry,0.5880581,279.9450651943684,8,271.9450651943684,payment_link,0.67257565,320.1796394199133,12,308.1796394199133,0.08451754,40.23457422554492,4,36.23457422554492,True
62,19583,2413.83,email,0.7157253,1727.639207407236,5,1722.639207407236,payment_link,0.76307744,1841.93921187222,12,1829.93921187222,0.047352135,114.30000446498411,7,107.30000446498411,True
18944,11672,2450.99,human_escalation,0.6741972,1652.4505877780912,250,1402.4505877780912,payment_link,0.68760747,1685.3190259701012,12,1673.3190259701012,0.01341027,32.86843819200999,-238,270.86843819201,True
42941,64541,678.78,whatsapp,0.74304265,504.3624884998798,18,486.3624884998798,whatsapp,0.74304265,504.3624884998798,18,486.3624884998798,0.0,0.0,0,0.0,False
17856,55604,242.64,retry,0.61791044,149.92979031085966,8,141.92979031085966,payment_link,0.65923667,159.95718549728392,12,147.95718549728392,0.041326225,10.027395186424258,4,6.027395186424258,True
16462,89805,1350.27,whatsapp,0.7685542,1037.7556940317154,18,1019.7556940317154,payment_link,0.8123708,1096.9198892354966,12,1084.9198892354966,0.043816566,59.16419520378122,-6,65.16419520378122,True
27459,35015,4077.1,payment_link,0.77117693,3144.1654785990713,12,3132.1654785990713,payment_link,0.77117693,3144.1654785990713,12,3132.1654785990713,0.0,0.0,0,0.0,False
82573,30469,570.95,retry,0.6580468,375.7118101924658,8,367.7118101924658,payment_link,0.7211679,411.75082507729536,12,399.75082507729536,0.06312114,36.039014884829555,4,32.039014884829555,True
5891,37061,4914.06,email,0.5790018,2845.2495082783703,5,2840.2495082783703,human_escalation,0.71890545,3532.744510288239,250,3282.744510288239,0.13990366,687.4950020098686,245,442.4950020098686,True
19773,92432,1950.19,whatsapp,0.7829835,1526.9665565353632,18,1508.9665565353632,payment_link,0.84265333,1643.334105708003,12,1631.334105708003,0.059669852,116.36754917263988,-6,122.36754917263988,True
88187,59848,4898.34,payment_link,0.7028272,3442.6866612768176,12,3430.6866612768176,human_escalation,0.7687819,3765.755134034157,250,3515.755134034157,0.065954685,323.06847275733935,238,85.06847275733935,True
81645,86023,1120.21,retry,0.71334225,799.0931211930514,8,791.0931211930514,payment_link,0.7636903,855.4935029369593,12,843.4935029369593,0.050348043,56.40038174390793,4,52.40038174390793,True
94537,80497,3727.33,retry,0.7418903,2765.2700137984752,8,2757.2700137984752,payment_link,0.7968993,2970.306737551689,12,2958.306737551689,0.055009007,205.03672375321366,4,201.03672375321366,True
54704,43944,3417.1,retry,0.83841443,2864.9459508657455,8,2856.9459508657455,payment_link,0.86958706,2971.4659556746483,12,2959.4659556746483,0.031172633,106.52000480890274,4,102.52000480890274,True
82273,46785,850.46,whatsapp,0.7812518,664.4233957409859,18,646.4233957409859,payment_link,0.8736712,743.0223866820336,12,731.0223866820336,0.092419386,78.59899094104765,-6,84.59899094104765,True
11894,28252,924.04,email,0.68812126,635.8515683627128,5,630.8515683627128,payment_link,0.75081646,693.7844457864761,12,681.7844457864761,0.062695205,57.93287742376333,7,50.93287742376333,True
28260,84007,2176.78,retry,0.7256302,1579.5373584568501,8,1571.5373584568501,payment_link,0.79604167,1732.8075808966162,12,1720.8075808966162,0.07041144,153.27022243976603,4,149.27022243976603,True
88149,74351,1653.46,email,0.5930241,980.5415871012211,5,975.5415871012211,payment_link,0.67698294,1119.3642107212543,12,1107.3642107212543,0.083958864,138.82262362003314,7,131.82262362003314,True
90356,69754,1116.9,retry,0.6676235,745.6687093734741,8,737.6687093734741,payment_link,0.73040384,815.7880495011807,12,803.7880495011807,0.06278032,70.11934012770655,4,66.11934012770655,True
99269,7381,999.13,payment_link,0.766566,765.8990661257506,12,753.8990661257506,payment_link,0.766566,765.8990661257506,12,753.8990661257506,0.0,0.0,0,0.0,False
18149,11353,5963.76,whatsapp,0.6810804,4061.800051932335,18,4043.800051932335,human_escalation,0.7916602,4721.271372499466,250,4471.271372499466,0.11057979,659.4713205671314,232,427.47132056713144,True
44459,30059,1271.69,payment_link,0.72522914,922.2666502559185,12,910.2666502559185,payment_link,0.72522914,922.2666502559185,12,910.2666502559185,0.0,0.0,0,0.0,False
5091,9509,3138.15,retry,0.5469352,1716.364700049162,8,1708.364700049162,payment_link,0.62629473,1965.406813520193,12,1953.406813520193,0.07935953,249.04211347103114,4,245.04211347103114,True
73640,81186,1422.56,retry,0.34169453,486.0809760379791,8,478.0809760379791,payment_link,0.39090204,556.0816094207763,12,544.0816094207763,0.04920751,70.00063338279722,4,66.00063338279722,True
53691,83672,6565.33,whatsapp,0.72716445,4774.074560841918,18,4756.074560841918,human_escalation,0.8292094,5444.033266738057,250,5194.033266738057,0.10204494,669.9587058961388,232,437.9587058961388,True
80582,30941,1430.15,email,0.61817783,884.0870252519846,5,879.0870252519846,payment_link,0.75243485,1076.0947003543379,12,1064.0947003543379,0.13425702,192.00767510235323,7,185.00767510235323,True
4875,68613,1091.65,whatsapp,0.52836674,576.7915566533804,18,558.7915566533804,payment_link,0.6117066,667.7695257127285,12,655.7695257127285,0.08333987,90.97796905934808,-6,96.97796905934808,True
38867,91382,4314.79,whatsapp,0.90151876,3889.864139571786,18,3871.864139571786,payment_link,0.9428094,4068.024583722949,12,4056.024583722949,0.04129064,178.16044415116312,-6,184.16044415116312,True
90101,11245,2708.52,email,0.7024957,1902.723637547493,5,1897.723637547493,payment_link,0.7385923,2000.4920885539054,12,1988.4920885539054,0.036096632,97.76845100641253,7,90.76845100641253,True
3402,32705,2262.62,whatsapp,0.6705377,1517.1720338296889,18,1499.1720338296889,payment_link,0.6830114,1545.3952824234962,12,1533.3952824234962,0.012473702,28.223248593807284,-6,34.223248593807284,True
25384,6391,4304.56,retry,0.7623094,3281.4064321661,8,3273.4064321661,payment_link,0.85513145,3680.964622855187,12,3668.964622855187,0.092822075,399.55819068908704,4,395.55819068908704,True
89727,54884,1976.34,human_escalation,0.5214673,1030.5967391610145,250,780.5967391610145,payment_link,0.51859385,1024.9177650654315,12,1012.9177650654315,-0.0028734803,-5.678974095583044,-238,232.32102590441696,True
87186,7692,1661.73,retry,0.6923046,1150.4233415794372,8,1142.4233415794372,payment_link,0.73386514,1219.4857221972943,12,1207.4857221972943,0.04156053,69.06238061785712,4,65.06238061785712,True
94667,7659,743.01,payment_link,0.60550684,449.8976352328062,12,437.8976352328062,payment_link,0.60550684,449.8976352328062,12,437.8976352328062,0.0,0.0,0,0.0,False
54760,40850,1469.05,voice_call,0.58311725,856.6283911585807,90,766.6283911585807,payment_link,0.7501485,1102.0056174486874,12,1090.0056174486874,0.16703123,245.3772262901067,-78,323.3772262901067,True
45387,89578,2264.75,payment_link,0.57969546,1312.8653002381325,12,1300.8653002381325,payment_link,0.57969546,1312.8653002381325,12,1300.8653002381325,0.0,0.0,0,0.0,False
38907,66115,984.51,human_escalation,0.7224325,711.2420148289203,250,461.24201482892033,payment_link,0.6970899,686.2919877934456,12,674.2919877934456,-0.025342584,-24.950027035474704,-238,213.0499729645253,True
93037,68312,699.9,payment_link,0.7540767,527.7782958269119,12,515.7782958269119,payment_link,0.7540767,527.7782958269119,12,515.7782958269119,0.0,0.0,0,0.0,False
85414,87892,4846.81,payment_link,0.82034385,3976.050785521269,12,3964.050785521269,whatsapp,0.8288478,4017.267929243446,18,3999.267929243446,0.0085039735,41.21714372217684,6,35.21714372217684,True
56248,28322,771.0,retry,0.8727947,672.9247042536736,8,664.9247042536736,payment_link,0.8995338,693.5405661463737,12,681.5405661463737,0.02673912,20.615861892700195,4,16.615861892700195,True
52059,42272,1139.49,payment_link,0.7501086,854.741248229742,12,842.741248229742,payment_link,0.7501086,854.741248229742,12,842.741248229742,0.0,0.0,0,0.0,False
68561,21729,1414.88,email,0.70989347,1004.4140658187868,5,999.4140658187868,payment_link,0.76715875,1085.4375675582887,12,1073.4375675582887,0.05726528,81.02350173950197,7,74.02350173950197,True
26640,45807,1940.94,retry,0.77869004,1511.390646454096,8,1503.390646454096,retry,0.77869004,1511.390646454096,8,1503.390646454096,0.0,0.0,0,0.0,False
51891,30258,1684.69,whatsapp,0.78306955,1319.2294418591262,18,1301.2294418591262,whatsapp,0.78306955,1319.2294418591262,18,1301.2294418591262,0.0,0.0,0,0.0,False
4684,80440,1273.85,retry,0.8470564,1079.0227809429168,8,1071.0227809429168,payment_link,0.90502894,1152.8711142599582,12,1140.8711142599582,0.05797255,73.84833331704135,4,69.84833331704135,True
54868,28582,5690.78,retry,0.6749537,3841.013011832237,8,3833.013011832237,human_escalation,0.8341597,4747.019179705381,250,4497.019179705381,0.15920597,906.006167873144,242,664.006167873144,True
8307,13175,413.59,voice_call,0.6727837,278.2565992373228,90,188.2565992373228,payment_link,0.77181095,319.21329033434387,12,307.21329033434387,0.099027276,40.956691097021064,-78,118.95669109702106,True
45289,87393,1898.36,retry,0.7145598,1356.4917295360565,8,1348.4917295360565,whatsapp,0.7609684,1444.5919473862648,18,1426.5919473862648,0.046408594,88.10021785020831,10,78.10021785020831,True
82642,56479,580.21,whatsapp,0.6420775,372.53978951752185,18,354.53978951752185,payment_link,0.70751154,410.50527307629585,12,398.50527307629585,0.06543404,37.965483558774,-6,43.965483558774,True
7851,11246,3837.82,retry,0.66966426,2570.050904610157,8,2562.050904610157,human_escalation,0.83572584,3207.36535826087,250,2957.36535826087,0.16606158,637.314453650713,242,395.31445365071295,True
51715,38665,6856.65,payment_link,0.92008257,6308.684147572517,12,6296.684147572517,payment_link,0.92008257,6308.684147572517,12,6296.684147572517,0.0,0.0,0,0.0,False
6720,83389,2139.96,payment_link,0.74073774,1585.1491260123253,12,1573.1491260123253,payment_link,0.74073774,1585.1491260123253,12,1573.1491260123253,0.0,0.0,0,0.0,False
87525,28034,920.11,retry,0.8744307,804.5724461334944,8,796.5724461334944,payment_link,0.9227199,849.0038033610582,12,837.0038033610582,0.04828918,44.43135722756381,4,40.43135722756381,True
64943,93247,413.48,retry,0.6481255,267.98694385051726,8,259.98694385051726,email,0.70993257,293.54291726112365,5,288.54291726112365,0.061807036,25.555973410606384,-3,28.555973410606384,True
25718,64375,1962.19,payment_link,0.7577498,1486.8490720438958,12,1474.8490720438958,payment_link,0.7577498,1486.8490720438958,12,1474.8490720438958,0.0,0.0,0,0.0,False
30500,40217,937.16,whatsapp,0.5578307,522.7766106939316,18,504.7766106939316,payment_link,0.6025698,564.7043311023712,12,552.7043311023712,0.044739127,41.92772040843954,-6,47.92772040843954,True
54148,94320,4307.54,whatsapp,0.87160236,3754.4620144331457,18,3736.4620144331457,payment_link,0.9007312,3879.9356988358495,12,3867.9356988358495,0.02912885,125.47368440270384,-6,131.47368440270384,True
12484,9507,3851.68,payment_link,0.9542811,3675.5853952407833,12,3663.5853952407833,payment_link,0.9542811,3675.5853952407833,12,3663.5853952407833,0.0,0.0,0,0.0,False
8865,15181,529.97,retry,0.8882637,470.7531143569947,8,462.7531143569947,payment_link,0.92249554,488.8949634307623,12,476.8949634307623,0.03423184,18.141849073767617,4,14.141849073767617,True
10721,66804,1103.46,payment_link,0.51914495,572.8556890618802,12,560.8556890618802,payment_link,0.51914495,572.8556890618802,12,560.8556890618802,0.0,0.0,0,0.0,False
11242,11165,2210.96,retry,0.85598975,1892.5591069459915,8,1884.5591069459915,payment_link,0.9203121,2034.7732552289963,12,2022.7732552289963,0.06432235,142.21414828300476,4,138.21414828300476,True
56259,14835,870.21,payment_link,0.6872413,598.0442654585838,12,586.0442654585838,payment_link,0.6872413,598.0442654585838,12,586.0442654585838,0.0,0.0,0,0.0,False
22239,74988,2359.75,payment_link,0.8850939,2088.600395143032,12,2076.600395143032,payment_link,0.8850939,2088.600395143032,12,2076.600395143032,0.0,0.0,0,0.0,False
72561,52724,1301.41,email,0.58962137,767.3391407161952,5,762.3391407161952,payment_link,0.68296033,888.8114049392939,12,876.8114049392939,0.09333897,121.4722642230987,7,114.4722642230987,True
42327,75535,1459.21,payment_link,0.731885,1067.9739341455697,12,1055.9739341455697,payment_link,0.731885,1067.9739341455697,12,1055.9739341455697,0.0,0.0,0,0.0,False
82745,750,415.3,retry,0.5473043,227.29546443223953,8,219.29546443223953,payment_link,0.6733368,279.6367746651173,12,267.6367746651173,0.12603253,52.34131023287776,4,48.34131023287776,True
61503,803,7267.51,email,0.64087063,4657.5337176173925,5,4652.5337176173925,payment_link,0.7843477,5700.254847658277,12,5688.254847658277,0.14347708,1042.7211300408844,7,1035.7211300408844,True
50790,11119,2155.67,email,0.7032074,1515.8830390894414,5,1510.8830390894414,payment_link,0.7659602,1651.1574599504472,12,1639.1574599504472,0.06275284,135.27442086100586,7,128.27442086100586,True
66177,7780,5704.09,voice_call,0.8284979,4725.826510305405,90,4635.826510305405,payment_link,0.9099937,5190.686010628343,12,5178.686010628343,0.08149582,464.8595003229384,-78,542.8595003229384,True
65391,2230,1092.32,retry,0.603938,659.6935381507873,8,651.6935381507873,payment_link,0.63978,698.8444731616974,12,686.8444731616974,0.035842,39.150935010910075,4,35.150935010910075,True
5214,50134,738.79,payment_link,0.93380326,689.8845106965304,12,677.8845106965304,payment_link,0.93380326,689.8845106965304,12,677.8845106965304,0.0,0.0,0,0.0,False
27276,98172,2812.68,voice_call,0.6352088,1786.639046895504,90,1696.639046895504,payment_link,0.882456,2482.0663550734516,12,2470.0663550734516,0.24724722,695.4273081779477,-78,773.4273081779477,True
48286,39343,3096.69,retry,0.5004248,1549.6604810446502,8,1541.6604810446502,human_escalation,0.65199214,2019.0175468307734,250,1769.0175468307734,0.15156734,469.35706578612326,242,227.35706578612326,True
12214,46741,872.28,payment_link,0.7673584,669.3514045858383,12,657.3514045858383,payment_link,0.7673584,669.3514045858383,12,657.3514045858383,0.0,0.0,0,0.0,False
36868,15524,1231.46,whatsapp,0.83564484,1029.0631961369515,18,1011.0631961369515,payment_link,0.8621201,1061.6664083898067,12,1049.6664083898067,0.02647525,32.6032122528552,-6,38.6032122528552,True
82286,29594,971.92,payment_link,0.90614545,880.7008891201019,12,868.7008891201019,payment_link,0.90614545,880.7008891201019,12,868.7008891201019,0.0,0.0,0,0.0,False
9292,20948,1986.23,whatsapp,0.85746235,1703.1174365955592,18,1685.1174365955592,payment_link,0.8824909,1752.8298473477364,12,1740.8298473477364,0.025028527,49.71241075217722,-6,55.71241075217722,True
24870,51710,1314.18,whatsapp,0.8877597,1166.6760235118866,18,1148.6760235118866,payment_link,0.90109634,1184.2027933502197,12,1172.2027933502197,0.0133366585,17.526769838333166,-6,23.526769838333166,True
39260,31588,2194.45,payment_link,0.7291209,1600.0193813174963,12,1588.0193813174963,payment_link,0.7291209,1600.0193813174963,12,1588.0193813174963,0.0,0.0,0,0.0,False
98735,49939,1000.21,retry,0.45435947,454.4548872870207,8,446.4548872870207,payment_link,0.5508933,551.0089943265915,12,539.0089943265915,0.096533835,96.5541070395708,4,92.5541070395708,True
47082,7645,957.75,retry,0.72846335,697.685775116086,8,689.685775116086,payment_link,0.7689044,736.4181775599718,12,724.4181775599718,0.040441036,38.7324024438858,4,34.7324024438858,True
53799,83742,953.5,whatsapp,0.59046894,563.0121372640133,18,545.0121372640133,payment_link,0.6369369,607.3193370103836,12,595.3193370103836,0.04646796,44.307199746370316,-6,50.307199746370316,True
39591,88177,1406.77,email,0.7527924,1059.0057898741961,5,1054.0057898741961,payment_link,0.825616,1161.4518232500552,12,1149.4518232500552,0.072823584,102.44603337585909,7,95.44603337585909,True
25641,1945,5251.56,whatsapp,0.7924876,4161.796292552948,18,4143.796292552948,human_escalation,0.89272183,4688.1822630000115,250,4438.1822630000115,0.10023421,526.3859704470633,232,294.3859704470633,True
81117,38560,1834.25,payment_link,0.88496846,1623.2533970326185,12,1611.2533970326185,payment_link,0.88496846,1623.2533970326185,12,1611.2533970326185,0.0,0.0,0,0.0,False
53187,21693,1726.75,whatsapp,0.6456699,1114.91046102345,18,1096.91046102345,payment_link,0.6922877,1195.407757461071,12,1183.407757461071,0.046617806,80.49729643762112,-6,86.49729643762112,True
85818,98293,2443.28,human_escalation,0.5718333,1397.1488957929612,250,1147.1488957929612,payment_link,0.57903135,1414.7357124996186,12,1402.7357124996186,0.0071980357,17.586816706657373,-238,255.58681670665737,True
74375,72467,932.61,payment_link,0.7432548,693.1668410933017,12,681.1668410933017,whatsapp,0.776564,724.2313539397717,18,706.2313539397717,0.03330922,31.06451284646994,6,25.06451284646994,True
81230,92115,2884.45,human_escalation,0.8117805,2341.54029879868,250,2091.54029879868,payment_link,0.7320328,2111.511940383911,12,2099.511940383911,-0.07974774,-230.02835841476872,-238,7.971641585231282,True
39186,45275,903.59,email,0.423664,382.818557022512,5,377.818557022512,payment_link,0.5630958,508.8077411770821,12,496.8077411770821,0.1394318,125.98918415457013,7,118.98918415457013,True
30249,70973,986.77,email,0.70956343,700.1759098905325,5,695.1759098905325,payment_link,0.8603926,849.0095767879486,12,837.0095767879486,0.15082914,148.83366689741615,7,141.83366689741615,True
80146,60618,3208.07,email,0.3682685,1181.4310941934586,5,1176.4310941934586,payment_link,0.5476326,1756.843634992838,12,1744.843634992838,0.17936409,575.4125407993793,7,568.4125407993793,True
78860,14923,2944.55,retry,0.68466944,2016.0433849006893,8,2008.0433849006893,payment_link,0.7303307,2150.495279300213,12,2138.495279300213,0.04566127,134.45189439952378,4,130.45189439952378,True
8864,12422,9211.2,payment_link,0.87740266,8081.93141155243,12,8069.93141155243,human_escalation,0.9210735,8484.192189502717,250,8234.192189502717,0.043670833,402.26077795028687,238,164.26077795028687,True
43188,96383,3646.63,payment_link,0.75065035,2737.344072251916,12,2725.344072251916,payment_link,0.75065035,2737.344072251916,12,2725.344072251916,0.0,0.0,0,0.0,False
69660,39262,3432.95,human_escalation,0.8563237,2939.7165112257003,250,2689.7165112257003,payment_link,0.79752517,2737.864023649692,12,2725.864023649692,-0.05879855,-201.85248757600812,-238,36.147512423991884,True
57274,74074,2310.72,human_escalation,0.80298287,1855.4685698890685,250,1605.4685698890685,payment_link,0.73047125,1687.9145346450805,12,1675.9145346450805,-0.07251161,-167.55403524398798,-238,70.44596475601202,True
4386,30996,1800.48,retry,0.8471664,1525.3061941337585,8,1517.3061941337585,whatsapp,0.86096054,1550.1422387409211,18,1532.1422387409211,0.013794124,24.83604460716265,10,14.836044607162648,True
23190,23985,4602.91,payment_link,0.7589607,3493.4279055404663,12,3481.4279055404663,human_escalation,0.83668894,3851.203869283795,250,3601.203869283795,0.07772821,357.7759637433287,238,119.7759637433287,True
69388,91547,2665.62,email,0.4697657,1252.2168264394998,5,1247.2168264394998,human_escalation,0.701292,1869.3779233539103,250,1619.3779233539103,0.23152629,617.1610969144106,245,372.16109691441056,True
97896,89856,3271.36,email,0.48129046,1574.4743580245972,5,1569.4743580245972,payment_link,0.6022864,1970.2956323051453,12,1958.2956323051453,0.12099594,395.8212742805481,7,388.8212742805481,True
34474,91789,2757.63,voice_call,0.50663143,1397.1020412415266,90,1307.1020412415266,payment_link,0.5686936,1568.2464721709491,12,1556.2464721709491,0.062062144,171.14443092942247,-78,249.14443092942247,True
69398,48882,1018.71,retry,0.5957319,606.878058155179,8,598.878058155179,payment_link,0.72684276,740.4419890987873,12,728.4419890987873,0.13111085,133.56393094360828,4,129.56393094360828,True
69024,37231,2039.41,human_escalation,0.8147579,1661.625375288129,250,1411.625375288129,payment_link,0.7560835,1541.9642272090912,12,1529.9642272090912,-0.058674395,-119.66114807903773,-238,118.33885192096227,True
75732,70423,2897.41,retry,0.85252106,2470.1030499517915,8,2462.1030499517915,payment_link,0.93533,2710.034419091344,12,2698.034419091344,0.08280891,239.93136913955232,4,235.93136913955232,True
58598,22788,1678.75,payment_link,0.9201395,1544.6841714531183,12,1532.6841714531183,payment_link,0.9201395,1544.6841714531183,12,1532.6841714531183,0.0,0.0,0,0.0,False
98099,45139,2642.35,voice_call,0.52781314,1394.6670414358377,90,1304.6670414358377,whatsapp,0.66684085,1762.0269234508276,18,1744.0269234508276,0.13902771,367.3598820149898,-72,439.3598820149898,True
43391,31281,3720.79,payment_link,0.846131,3148.2758630019425,12,3136.2758630019425,human_escalation,0.915558,3406.5989784038065,250,3156.5989784038065,0.069426954,258.323115401864,238,20.323115401864015,True
83459,8848,3886.76,payment_link,0.6111608,2375.4354083848,12,2363.4354083848,human_escalation,0.6948658,2700.7766853952407,250,2450.7766853952407,0.08370501,325.34127701044054,238,87.34127701044054,True
94094,6554,1336.85,payment_link,0.7670769,1025.4667665213346,12,1013.4667665213346,payment_link,0.7670769,1025.4667665213346,12,1013.4667665213346,0.0,0.0,0,0.0,False
58131,84744,1645.37,whatsapp,0.83946127,1381.2243848747014,18,1363.2243848747014,payment_link,0.8751369,1439.9240206819773,12,1427.9240206819773,0.035675645,58.699635807275854,-6,64.69963580727585,True
78737,5460,4250.58,voice_call,0.5194043,2207.7694959425926,90,2117.7694959425926,payment_link,0.6643891,2824.0389095199107,12,2812.0389095199107,0.14498478,616.2694135773181,-78,694.2694135773181,True
21151,63131,1411.37,payment_link,0.8149424,1150.18528265059,12,1138.18528265059,payment_link,0.8149424,1150.18528265059,12,1138.18528265059,0.0,0.0,0,0.0,False
85111,23219,4471.69,payment_link,0.8330041,3724.9361800014967,12,3712.9361800014967,payment_link,0.8330041,3724.9361800014967,12,3712.9361800014967,0.0,0.0,0,0.0,False
30480,54026,577.16,retry,0.67522043,389.7102233195305,8,381.7102233195305,payment_link,0.7553018,435.9299716210365,12,423.9299716210365,0.08008134,46.219748301506,4,42.219748301506,True
12921,65358,1929.65,payment_link,0.75804365,1462.758923071623,12,1450.758923071623,payment_link,0.75804365,1462.758923071623,12,1450.758923071623,0.0,0.0,0,0.0,False
52901,17167,2256.53,voice_call,0.7541721,1701.8119388365747,90,1611.8119388365747,payment_link,0.8110655,1830.1936214643717,12,1818.1936214643717,0.05689341,128.3816826277971,-78,206.3816826277971,True
57920,97305,1767.38,whatsapp,0.7275309,1285.8235561454296,18,1267.8235561454296,payment_link,0.7469274,1320.1045138573647,12,1308.1045138573647,0.019396484,34.280957711935116,-6,40.280957711935116,True
10935,67034,810.69,retry,0.75102,608.8444153815508,8,600.8444153815508,payment_link,0.82370335,667.7680677062274,12,655.7680677062274,0.072683334,58.923652324676596,4,54.923652324676596,True
44073,37442,3122.15,payment_link,0.5452953,1702.4937149614095,12,1690.4937149614095,payment_link,0.5452953,1702.4937149614095,12,1690.4937149614095,0.0,0.0,0,0.0,False
59488,99378,1490.1,retry,0.5457826,813.2706905186176,8,805.2706905186176,whatsapp,0.6156785,917.4225167691707,18,899.4225167691707,0.06989586,104.15182625055309,10,94.15182625055309,True
1552,50441,632.03,retry,0.6985124,441.4807765954733,8,433.4807765954733,payment_link,0.7483677,472.99085437119004,12,460.99085437119004,0.04985535,31.510077775716752,4,27.510077775716752,True
43412,12005,574.64,payment_link,0.8796763,505.4971789216995,12,493.4971789216995,payment_link,0.8796763,505.4971789216995,12,493.4971789216995,0.0,0.0,0,0.0,False
9628,52617,1216.53,human_escalation,0.6133465,746.1544384306669,250,496.1544384306669,payment_link,0.5941856,722.8445967078209,12,710.8445967078209,-0.019160926,-23.309841722846045,-238,214.69015827715396,True
10970,79552,1503.62,human_escalation,0.71738404,1078.6729907596111,250,828.6729907596111,payment_link,0.68126774,1024.3677967262267,12,1012.3677967262267,-0.036116302,-54.305194033384396,-238,183.6948059666156,True
23403,63326,3794.01,retry,0.6922135,2626.264848956466,8,2618.264848956466,payment_link,0.73406935,2785.066444659233,12,2773.066444659233,0.04185587,158.80159570276737,4,154.80159570276737,True
64388,7074,2308.32,whatsapp,0.8724174,2013.8185104846955,18,1995.8185104846955,payment_link,0.8918843,2058.754429550171,12,2046.7544295501712,0.019466937,44.93591906547567,-6,50.93591906547567,True
78599,35566,6113.14,human_escalation,0.9050178,5532.500472191572,250,5282.500472191572,payment_link,0.884812,5408.979613869191,12,5396.979613869191,-0.020205796,-123.52085832238117,-238,114.47914167761883,True
33218,91224,962.71,retry,0.7631154,734.6588325452805,8,726.6588325452805,payment_link,0.8398192,808.5023351836205,12,796.5023351836205,0.07670379,73.84350263834006,4,69.84350263834006,True
63259,70020,2207.83,email,0.488607,1078.761169371009,5,1073.761169371009,payment_link,0.5525487,1219.933610741496,12,1207.933610741496,0.06394172,141.17244137048715,7,134.17244137048715,True
42173,22334,5291.94,human_escalation,0.58054024,3072.1841166651247,250,2822.1841166651247,payment_link,0.57724535,3054.7477820992467,12,3042.7477820992467,-0.0032948852,-17.43633456587804,-238,220.56366543412196,True
87944,25313,2825.92,payment_link,0.9152557,2586.439459476471,12,2574.439459476471,payment_link,0.9152557,2586.439459476471,12,2574.439459476471,0.0,0.0,0,0.0,False
85021,10340,249.91,payment_link,0.78598374,196.42519678413868,12,184.42519678413868,email,0.76339394,190.77977918088436,5,185.77977918088436,-0.022589803,-5.645417603254316,-7,1.354582396745684,True
48965,83279,1113.39,payment_link,0.6202976,690.6331568437815,12,678.6331568437815,payment_link,0.6202976,690.6331568437815,12,678.6331568437815,0.0,0.0,0,0.0,False
91202,68751,1839.69,payment_link,0.93675035,1723.3302557748557,12,1711.3302557748557,payment_link,0.93675035,1723.3302557748557,12,1711.3302557748557,0.0,0.0,0,0.0,False
38573,34443,305.48,retry,0.8791134,268.5515541434288,8,260.5515541434288,payment_link,0.9432412,288.14131535768513,12,276.14131535768513,0.0641278,19.589761214256328,4,15.589761214256328,True
70567,98566,916.47,retry,0.76780546,703.670667282343,8,695.670667282343,payment_link,0.85426384,782.9071833747626,12,770.9071833747626,0.086458385,79.2365160924196,4,75.2365160924196,True
909,95322,1094.0,email,0.7699889,842.3678505420685,5,837.3678505420685,payment_link,0.85475636,935.1034526824951,12,923.1034526824951,0.08476746,92.73560214042664,7,85.73560214042664,True
25375,81547,2336.67,whatsapp,0.573726,1340.6083286851645,18,1322.6083286851645,payment_link,0.61673623,1441.1090541118383,12,1429.1090541118383,0.043010235,100.50072542667385,-6,106.50072542667385,True
1974,63651,2428.64,payment_link,0.5474507,1329.560719690323,12,1317.560719690323,human_escalation,0.72577107,1762.6366502952574,250,1512.6366502952574,0.17832035,433.07593060493446,238,195.07593060493446,True
52618,94296,3203.86,payment_link,0.7962777,2551.1622778642177,12,2539.1622778642177,payment_link,0.7962777,2551.1622778642177,12,2539.1622778642177,0.0,0.0,0,0.0,False
1910,25431,861.28,retry,0.7847652,675.9025576114655,8,667.9025576114655,payment_link,0.8812862,759.0341816616058,12,747.0341816616058,0.09652102,83.13162405014032,4,79.13162405014032,True
37978,52922,3048.48,whatsapp,0.48341325,1473.675622086525,18,1455.675622086525,human_escalation,0.65142167,1985.8459208106995,250,1735.8459208106995,0.16800842,512.1702987241745,232,280.1702987241745,True
9733,39787,2515.79,whatsapp,0.7862381,1978.0098849499225,18,1960.0098849499225,payment_link,0.82700044,2080.559434852004,12,2068.559434852004,0.040762365,102.54954990208148,-6,108.54954990208148,True
11214,88700,1334.45,email,0.63833135,851.8212748974562,5,846.8212748974562,payment_link,0.74133945,989.2804225325584,12,977.2804225325584,0.10300809,137.45914763510223,7,130.45914763510223,True
92943,73937,1982.58,payment_link,0.74171203,1470.5034438693524,12,1458.5034438693524,whatsapp,0.75070256,1488.3278813016414,18,1470.3278813016414,0.008990526,17.82443743228896,6,11.82443743228896,True
72950,13592,984.87,payment_link,0.7654834,753.9016158342362,12,741.9016158342362,payment_link,0.7654834,753.9016158342362,12,741.9016158342362,0.0,0.0,0,0.0,False
11434,61308,1312.53,retry,0.4874913,639.8469686454534,8,631.8469686454534,payment_link,0.5192234,681.4962787145377,12,669.4962787145377,0.031732082,41.64931006908421,4,37.64931006908421,True
25090,78499,1124.67,retry,0.5367865,603.7076691752673,8,595.7076691752673,payment_link,0.60527337,680.732796510458,12,668.732796510458,0.06848687,77.02512733519075,4,73.02512733519075,True
55321,90473,3366.98,retry,0.67782754,2282.2317607295513,8,2274.2317607295513,payment_link,0.7706705,2594.832071119547,12,2582.832071119547,0.09284294,312.6003103899957,4,308.6003103899957,True
82516,1971,3817.07,voice_call,0.38440314,1467.2936911293864,90,1377.2936911293864,human_escalation,0.6606537,2521.761458224058,250,2271.761458224058,0.27625057,1054.4677670946717,160,894.4677670946717,True
52042,80824,1062.11,whatsapp,0.55295885,587.3031200230121,18,569.3031200230121,payment_link,0.6113124,649.2810018777847,12,637.2810018777847,0.058353543,61.97788185477259,-6,67.97788185477259,True
15463,26450,1364.21,payment_link,0.93537503,1276.0479762369396,12,1264.0479762369396,payment_link,0.93537503,1276.0479762369396,12,1264.0479762369396,0.0,0.0,0,0.0,False
11509,96668,3068.4,email,0.68935287,2115.2103462696077,5,2110.2103462696077,payment_link,0.7788303,2389.7628613471984,12,2377.7628613471984,0.08947742,274.55251507759067,7,267.55251507759067,True
24805,26847,1214.92,retry,0.5104,620.0951646399499,8,612.0951646399499,whatsapp,0.5670653,688.9389725232124,18,670.9389725232124,0.0566653,68.84380788326257,10,58.84380788326257,True
45824,55121,1076.99,email,0.5543165,596.9933496189118,5,591.9933496189118,payment_link,0.6734879,725.3397352385521,12,713.3397352385521,0.11917138,128.34638561964027,7,121.34638561964027,True
66773,17404,3036.26,email,0.44671428,1356.340705974102,5,1351.340705974102,payment_link,0.6197966,1881.8635461246968,12,1869.8635461246968,0.17308229,525.5228401505947,7,518.5228401505947,True
40110,94565,2766.59,human_escalation,0.94360226,2610.5605873590707,250,2360.5605873590707,payment_link,0.9038566,2500.600563182235,12,2488.600563182235,-0.03974569,-109.96002417683576,-238,128.03997582316424,True
72474,17402,1889.31,retry,0.5389724,1018.285903058052,8,1010.285903058052,payment_link,0.6120745,1156.3984629428387,12,1144.3984629428387,0.07310212,138.11255988478672,4,134.11255988478672,True
61492,75165,4834.16,email,0.65680015,3175.0770173358915,5,3170.0770173358915,human_escalation,0.795215,3844.196595849991,250,3594.196595849991,0.13841486,669.1195785140994,245,424.11957851409943,True
76892,93229,2428.79,voice_call,0.6734617,1635.6969831871986,90,1545.6969831871986,payment_link,0.7751668,1882.717395388484,12,1870.717395388484,0.101705134,247.02041220128535,-78,325.02041220128535,True
78160,2337,485.9,retry,0.71504337,347.43957151770593,8,339.43957151770593,payment_link,0.78308356,380.50030087232585,12,368.50030087232585,0.06804019,33.06072935461992,4,29.060729354619923,True
40699,14221,1058.85,whatsapp,0.63781244,675.3476974636316,18,657.3476974636316,payment_link,0.70685446,748.4528477489947,12,736.4528477489947,0.06904203,73.10515028536315,-6,79.10515028536315,True
55066,79643,3370.12,whatsapp,0.9083148,3061.129955010414,18,3043.129955010414,payment_link,0.9352449,3151.887602610588,12,3139.887602610588,0.026930094,90.7576476001741,-6,96.7576476001741,True
58980,33815,1879.13,retry,0.6422694,1206.9076467728617,8,1198.9076467728617,payment_link,0.71573967,1344.967881230712,12,1332.967881230712,0.073470294,138.06023445785036,4,134.06023445785036,True
85727,7203,3628.08,whatsapp,0.73872143,2680.1404468488695,18,2662.1404468488695,human_escalation,0.82711005,3000.821437854767,250,2750.821437854767,0.08838862,320.68099100589734,232,88.68099100589734,True
71066,31078,1974.69,email,0.50511026,997.4361868715287,5,992.4361868715287,payment_link,0.57064176,1126.8405692696572,12,1114.8405692696572,0.06553149,129.40438239812852,7,122.40438239812852,True
89071,83790,2038.45,whatsapp,0.49939954,1018.0009980380536,18,1000.0009980380536,payment_link,0.5702909,1162.5095322310924,12,1150.5095322310924,0.07089138,144.50853419303883,-6,150.50853419303883,True
79347,87871,1034.49,payment_link,0.5297127,547.9824672317505,12,535.9824672317505,payment_link,0.5297127,547.9824672317505,12,535.9824672317505,0.0,0.0,0,0.0,False
65995,32673,709.51,human_escalation,0.7615899,540.3556391346455,250,290.35563913464546,payment_link,0.6923585,491.235274939537,12,479.235274939537,-0.06923139,-49.120364195108436,-238,188.87963580489156,True
3345,53172,652.32,retry,0.6339686,413.55039173126227,8,405.55039173126227,payment_link,0.6990731,456.0193490982056,12,444.0193490982056,0.065104485,42.46895736694336,4,38.46895736694336,True
97739,98318,1493.33,payment_link,0.92295927,1378.2827638214826,12,1366.2827638214826,payment_link,0.92295927,1378.2827638214826,12,1366.2827638214826,0.0,0.0,0,0.0,False
78492,42259,2195.23,whatsapp,0.52342945,1149.0480389279128,18,1131.0480389279128,payment_link,0.59142643,1298.317046610713,12,1286.317046610713,0.06799698,149.2690076828003,-6,155.2690076828003,True
70439,23578,897.81,payment_link,0.5214588,468.170929364562,12,456.170929364562,payment_link,0.5214588,468.170929364562,12,456.170929364562,0.0,0.0,0,0.0,False
59821,86290,1086.55,whatsapp,0.89006704,967.1023433119058,18,949.1023433119058,payment_link,0.91047,989.2711881160735,12,977.2711881160735,0.020402968,22.168844804167747,-6,28.168844804167747,True
63323,40627,1413.59,human_escalation,0.871756,1232.305588365197,250,982.3055883651971,payment_link,0.82824355,1170.7968049877882,12,1158.7968049877882,-0.043512464,-61.50878337740892,-238,176.49121662259108,True
42671,25215,1933.54,human_escalation,0.74835426,1446.972888442278,250,1196.972888442278,payment_link,0.70932597,1371.510134524107,12,1359.510134524107,-0.039028287,-75.46275391817107,-238,162.53724608182893,True
51585,88607,3067.94,payment_link,0.6147795,1886.1065344047547,12,1874.1065344047547,payment_link,0.6147795,1886.1065344047547,12,1874.1065344047547,0.0,0.0,0,0.0,False
20681,72388,5232.66,whatsapp,0.75673795,3959.752388176918,18,3941.752388176918,human_escalation,0.8079686,4227.8250607395175,250,3977.8250607395175,0.05123067,268.07267256259956,232,36.072672562599564,True
89166,48350,2265.2,retry,0.6958603,1576.2628111124038,8,1568.2628111124038,whatsapp,0.750344,1699.6791798830031,18,1681.6791798830031,0.054483652,123.41636877059932,10,113.41636877059932,True
68759,21526,8039.1,email,0.5573739,4480.78436948061,5,4475.78436948061,human_escalation,0.7606496,6114.938372093439,250,5864.938372093439,0.20327574,1634.1540026128296,245,1389.1540026128296,True
54866,87246,645.37,payment_link,0.77747834,501.76119453549387,12,489.76119453549387,payment_link,0.77747834,501.76119453549387,12,489.76119453549387,0.0,0.0,0,0.0,False
864,82633,1071.38,whatsapp,0.8261308,885.100024431944,18,867.100024431944,payment_link,0.88281995,945.8356386530401,12,933.8356386530401,0.056689143,60.73561422109606,-6,66.73561422109606,True
56081,31447,7645.08,email,0.7555225,5776.0298743915555,5,5771.0298743915555,human_escalation,0.91958773,7030.321773276329,250,6780.321773276329,0.16406524,1254.2918988847732,245,1009.2918988847732,True
78771,7143,1862.72,retry,0.66076815,1230.8260507583618,8,1222.8260507583618,payment_link,0.7053263,1313.8254404449463,12,1301.8254404449463,0.044558167,82.99938968658444,4,78.99938968658444,True
64937,78305,1133.32,retry,0.4328031,490.5044029307365,8,482.5044029307365,payment_link,0.4958446,561.9506050014495,12,549.9506050014495,0.06304151,71.44620207071301,4,67.44620207071301,True
86597,27291,1258.56,email,0.61132234,769.3858484458923,5,764.3858484458923,payment_link,0.6542872,823.45972240448,12,811.45972240448,0.042964876,54.07387395858768,7,47.07387395858768,True
27101,25105,1345.44,whatsapp,0.6803325,915.346534395218,18,897.346534395218,payment_link,0.70436794,947.6847953510285,12,935.6847953510285,0.024035454,32.33826095581048,-6,38.33826095581048,True
29409,8543,10498.11,whatsapp,0.79531604,8349.315278100372,18,8331.315278100372,human_escalation,0.8889327,9332.113318905831,250,9082.113318905831,0.093616664,982.7980408054591,232,750.7980408054591,True
52823,15522,940.72,retry,0.5214623,490.55003487586976,8,482.55003487586976,payment_link,0.58565587,550.9381881952286,12,538.9381881952286,0.06419355,60.38815331935882,4,56.38815331935882,True
82541,73193,586.2,whatsapp,0.77802014,456.07540812492374,18,438.07540812492374,payment_link,0.81428355,477.333016884327,12,465.333016884327,0.036263406,21.25760875940324,-6,27.25760875940324,True
46733,90338,4177.4,retry,0.4056829,1694.6997114002704,8,1686.6997114002704,payment_link,0.49615964,2072.65729239583,12,2060.65729239583,0.09047675,377.95758099555974,4,373.95758099555974,True
3844,62289,1886.66,payment_link,0.90500844,1707.4432144474983,12,1695.4432144474983,payment_link,0.90500844,1707.4432144474983,12,1695.4432144474983,0.0,0.0,0,0.0,False
34372,5735,9091.89,payment_link,0.63120717,5738.866139597297,12,5726.866139597297,human_escalation,0.7029441,6391.090432468056,250,6141.090432468056,0.07173693,652.2242928707592,238,414.2242928707592,True
17617,58353,7295.88,retry,0.65392935,4770.990086216927,8,4762.990086216927,payment_link,0.764877,5580.450962255001,12,5568.450962255001,0.11094767,809.4608760380743,4,805.4608760380743,True
94764,3828,648.18,whatsapp,0.57326937,371.5817384433746,18,353.5817384433746,payment_link,0.66889507,433.56440374016756,12,421.56440374016756,0.0956257,61.98266529679296,-6,67.98266529679296,True
28075,23482,1062.88,payment_link,0.4899323,520.7392416000366,12,508.7392416000366,payment_link,0.4899323,520.7392416000366,12,508.7392416000366,0.0,0.0,0,0.0,False
78634,84435,843.01,payment_link,0.9273277,781.7465180617571,12,769.7465180617571,payment_link,0.9273277,781.7465180617571,12,769.7465180617571,0.0,0.0,0,0.0,False
46794,28153,3794.87,payment_link,0.5902205,2239.810110425353,12,2227.810110425353,human_escalation,0.70347893,2669.6110961234567,250,2419.6110961234567,0.11325842,429.8009856981039,238,191.8009856981039,True
7041,50409,3296.27,whatsapp,0.65240794,2150.512734236121,18,2132.512734236121,payment_link,0.68831635,2268.876519241333,12,2256.876519241333,0.0359084,118.36378500521187,-6,124.36378500521187,True
57018,17943,370.08,retry,0.570613,211.17246889114378,8,203.17246889114378,payment_link,0.6374806,235.9188265800476,12,223.9188265800476,0.06686759,24.746357688903828,4,20.746357688903828,True
53987,42533,1660.33,human_escalation,0.9342385,1551.1441978174448,250,1301.1441978174448,payment_link,0.8722254,1448.1820046675205,12,1436.1820046675205,-0.06201309,-102.96219314992436,-238,135.03780685007564,True
94435,91860,1898.41,retry,0.65613484,1245.6129488682748,8,1237.6129488682748,payment_link,0.7183718,1363.7642250293493,12,1351.7642250293493,0.062236965,118.15127616107452,4,114.15127616107452,True
92685,51878,1290.74,voice_call,0.6160577,795.1703078997135,90,705.1703078997135,payment_link,0.7208629,930.4466118824482,12,918.4466118824482,0.10480523,135.2763039827347,-78,213.2763039827347,True
95486,56823,907.26,voice_call,0.33164537,300.8885779595375,90,210.88857795953749,payment_link,0.49779686,451.63118221342563,12,439.63118221342563,0.1661515,150.74260425388815,-78,228.74260425388815,True
2865,58662,1526.18,whatsapp,0.8391582,1280.7064271473885,18,1262.7064271473885,payment_link,0.8574923,1308.6876406741144,12,1296.6876406741144,0.01833415,27.981213526725924,-6,33.981213526725924,True
47378,78001,2611.11,retry,0.74556595,1946.7547099775077,8,1938.7547099775077,human_escalation,0.9121515,2381.727943595052,250,2131.727943595052,0.16658556,434.9732336175441,242,192.9732336175441,True
91601,74928,2868.09,retry,0.67264444,1929.2047814780474,8,1921.2047814780474,payment_link,0.70576745,2024.2045734626056,12,2012.2045734626056,0.033123016,94.99979198455821,4,90.99979198455821,True
11574,72723,3157.64,payment_link,0.55276394,1745.429524040222,12,1733.429524040222,human_escalation,0.6348743,2004.7044349741934,250,1754.7044349741934,0.082110345,259.27491093397134,238,21.27491093397134,True
37942,93371,6557.28,payment_link,0.7838742,5140.082703981399,12,5128.082703981399,human_escalation,0.84948087,5570.28390209198,250,5320.28390209198,0.06560665,430.20119811058066,238,192.20119811058066,True
6943,36295,2612.33,whatsapp,0.71901506,1878.304616536498,18,1860.304616536498,human_escalation,0.83957386,2193.2439821338653,250,1943.2439821338653,0.1205588,314.9393655973672,232,82.93936559736721,True
29902,49322,1761.75,retry,0.6674391,1175.860839933157,8,1167.860839933157,payment_link,0.7551613,1330.4053945541382,12,1318.4053945541382,0.08772218,154.54455462098122,4,150.54455462098122,True
5936,97752,454.01,whatsapp,0.8788284,398.9968847596645,18,380.9968847596645,payment_link,0.9324854,423.35769719421864,12,411.35769719421864,0.053656995,24.360812434554134,-6,30.360812434554134,True
18065,36792,6423.99,payment_link,0.8383114,5385.303884666562,12,5373.303884666562,human_escalation,0.9297779,5972.8840618818995,250,5722.8840618818995,0.091466546,587.5801772153372,238,349.58017721533724,True
58381,93192,2396.47,whatsapp,0.61741877,1479.6255502080917,18,1461.6255502080917,payment_link,0.6317781,1514.0373136198518,12,1502.0373136198518,0.014359355,34.41176341176015,-6,40.41176341176015,True
17262,52351,2334.52,whatsapp,0.6669416,1556.9884647107124,18,1538.9884647107124,payment_link,0.69385993,1619.829895005226,12,1607.829895005226,0.026918352,62.84143029451366,-6,68.84143029451366,True
12346,52058,2178.52,retry,0.5966316,1299.773843934536,8,1291.773843934536,payment_link,0.6914032,1506.2357214045524,12,1494.2357214045524,0.09477162,206.46187747001636,4,202.46187747001636,True
42840,38674,6975.64,voice_call,0.5650726,3941.7430040717127,90,3851.7430040717127,human_escalation,0.756721,5278.613414173126,250,5028.613414173126,0.19164842,1336.8704101014137,160,1176.8704101014137,True
29257,22071,3427.71,email,0.72287977,2477.8222075760364,5,2472.8222075760364,payment_link,0.8156638,2795.8590137529372,12,2783.8590137529372,0.09278405,318.0368061769009,7,311.0368061769009,True
63587,64578,2682.08,retry,0.84267455,2260.1205661678314,8,2252.1205661678314,payment_link,0.91154027,2444.823926963806,12,2432.823926963806,0.06886572,184.70336079597473,4,180.70336079597473,True
97499,51836,1214.14,human_escalation,0.7375813,895.5269749486447,250,645.5269749486447,payment_link,0.6646303,806.9542249703408,12,794.9542249703408,-0.07295102,-88.57274997830393,-238,149.42725002169607,True
68391,92086,1402.02,whatsapp,0.5164039,724.0086148023605,18,706.0086148023605,payment_link,0.63207394,886.1803037416935,12,874.1803037416935,0.115670025,162.17168893933297,-6,168.17168893933297,True
30345,89578,2395.84,whatsapp,0.51271677,1228.38734664917,18,1210.38734664917,human_escalation,0.67708194,1622.18000125885,250,1372.18000125885,0.16436517,393.7926546096801,232,161.79265460968008,True
4657,65528,939.82,payment_link,0.835355,785.0833208811283,12,773.0833208811283,payment_link,0.835355,785.0833208811283,12,773.0833208811283,0.0,0.0,0,0.0,False
79182,45175,1596.42,voice_call,0.43488365,694.2569631063939,90,604.2569631063939,payment_link,0.6643457,1060.5747331273556,12,1048.5747331273556,0.22946203,366.3177700209617,-78,444.3177700209617,True
67509,90366,1664.22,whatsapp,0.69261533,1152.6642848575116,18,1134.6642848575116,payment_link,0.7096301,1180.9805586183072,12,1168.9805586183072,0.017014742,28.31627376079564,-6,34.31627376079564,True
67017,10509,1041.37,voice_call,0.591121,615.5756944447755,90,525.5756944447755,payment_link,0.70348954,732.5929043602943,12,720.5929043602943,0.112368524,117.01720991551872,-78,195.01720991551872,True
67255,11753,2266.85,retry,0.52189887,1183.0664437115192,8,1175.0664437115192,payment_link,0.6101082,1383.023765769601,12,1371.023765769601,0.08820933,199.95732205808167,4,195.95732205808167,True
73003,70334,4721.53,payment_link,0.66854775,3156.5682557880878,12,3144.5682557880878,human_escalation,0.72132653,3405.7648510950803,250,3155.7648510950803,0.05277878,249.19659530699255,238,11.196595306992549,True
41390,8547,5546.24,voice_call,0.5804711,3219.4320249176026,90,3129.4320249176026,whatsapp,0.6898505,3826.0764879608155,18,3808.0764879608155,0.10937941,606.6444630432129,-72,678.6444630432129,True
14753,67529,1253.37,voice_call,0.79098964,991.4026817965506,90,901.4026817965506,payment_link,0.924868,1159.2017896592615,12,1147.2017896592615,0.13387835,167.7991078627109,-78,245.7991078627109,True
37941,41435,6622.53,whatsapp,0.87345374,5784.47357229352,18,5766.47357229352,payment_link,0.9228094,6111.333081584573,12,6099.333081584573,0.049355686,326.85950929105275,-6,332.85950929105275,True
89743,19306,2851.18,whatsapp,0.49872208,1421.9464098358153,18,1403.9464098358153,payment_link,0.5466569,1558.617238973379,12,1546.617238973379,0.04793483,136.67082913756371,-6,142.67082913756371,True
12724,83195,1386.56,retry,0.48806962,676.7378174495697,8,668.7378174495697,payment_link,0.5568278,772.0751316070556,12,760.0751316070556,0.06875816,95.33731415748593,4,91.33731415748593,True
37791,67058,1507.48,payment_link,0.596323,898.9450160980225,12,886.9450160980225,payment_link,0.596323,898.9450160980225,12,886.9450160980225,0.0,0.0,0,0.0,False
23598,58898,1079.87,voice_call,0.7839115,846.5225398010015,90,756.5225398010015,payment_link,0.82388955,889.6936121886968,12,877.6936121886968,0.039978027,43.17107238769529,-78,121.17107238769529,True
57306,94429,720.98,whatsapp,0.77243936,556.913330218792,18,538.913330218792,payment_link,0.7788756,561.5537224245071,12,549.5537224245071,0.0064362288,4.640392205715102,-6,10.640392205715102,True
74727,61316,1203.48,email,0.5945383,715.5149188971519,5,710.5149188971519,payment_link,0.6924666,833.3697237825394,12,821.3697237825394,0.097928345,117.85480488538747,7,110.85480488538747,True
16329,26233,5285.7,whatsapp,0.5751803,3040.2304701089856,18,3022.2304701089856,human_escalation,0.698984,3694.619871032238,250,3444.619871032238,0.123803735,654.3894009232522,232,422.3894009232522,True
96320,4813,2687.09,email,0.6181805,1661.1066757035255,5,1656.1066757035255,payment_link,0.7123315,1914.0987800067664,12,1902.0987800067664,0.09415096,252.99210430324092,7,245.99210430324092,True
88471,26440,2122.14,payment_link,0.7148108,1516.9285669863223,12,1504.9285669863223,human_escalation,0.84184414,1786.5111264073848,250,1536.5111264073848,0.12703335,269.58255942106257,238,31.58255942106257,True
27377,45540,2558.32,payment_link,0.7621369,1949.7900141000748,12,1937.7900141000748,payment_link,0.7621369,1949.7900141000748,12,1937.7900141000748,0.0,0.0,0,0.0,False
49957,97928,1126.17,retry,0.69754374,785.5528339827061,8,777.5528339827061,payment_link,0.76259625,858.8130183899403,12,846.8130183899403,0.06505251,73.26018440723419,4,69.26018440723419,True
31803,74274,4169.78,whatsapp,0.7063737,2945.422891588211,18,2927.422891588211,payment_link,0.76773494,3201.285818213224,12,3189.285818213224,0.061361253,255.8629266250132,-6,261.8629266250132,True
33498,23473,658.48,email,0.72948235,480.3495396280289,5,475.3495396280289,payment_link,0.8013225,527.6548528242112,12,515.6548528242112,0.07184017,47.30531319618228,7,40.30531319618228,True
6770,4041,892.15,payment_link,0.7334282,654.3279509812593,12,642.3279509812593,payment_link,0.7334282,654.3279509812593,12,642.3279509812593,0.0,0.0,0,0.0,False
90627,66848,1564.66,email,0.53407604,835.6474089586735,5,830.6474089586735,payment_link,0.6024981,942.7046992218495,12,930.7046992218495,0.06842208,107.05729026317601,7,100.05729026317601,True
52745,69035,1882.34,payment_link,0.7706249,1450.5780291318893,12,1438.5780291318893,payment_link,0.7706249,1450.5780291318893,12,1438.5780291318893,0.0,0.0,0,0.0,False
19062,34450,1930.8,payment_link,0.68787503,1328.1491126060484,12,1316.1491126060484,payment_link,0.68787503,1328.1491126060484,12,1316.1491126060484,0.0,0.0,0,0.0,False
24653,15758,3385.05,payment_link,0.7115262,2408.5518143445256,12,2396.5518143445256,payment_link,0.7115262,2408.5518143445256,12,2396.5518143445256,0.0,0.0,0,0.0,False
99028,73099,1518.17,payment_link,0.7510786,1140.2650067424775,12,1128.2650067424775,payment_link,0.7510786,1140.2650067424775,12,1128.2650067424775,0.0,0.0,0,0.0,False
74856,31107,2137.77,payment_link,0.64939815,1388.2638789778948,12,1376.2638789778948,payment_link,0.64939815,1388.2638789778948,12,1376.2638789778948,0.0,0.0,0,0.0,False
72724,76774,1197.78,retry,0.706168,845.8339021646976,8,837.8339021646976,whatsapp,0.76051146,910.9254140675067,18,892.9254140675067,0.054343462,65.09151190280909,10,55.09151190280909,True
3134,14479,2211.53,email,0.72537035,1604.1782846063377,5,1599.1782846063377,payment_link,0.79426146,1756.533036761284,12,1744.533036761284,0.06889111,152.35475215494625,7,145.35475215494625,True
77191,51731,1049.87,retry,0.71559864,751.2855471438169,8,743.2855471438169,payment_link,0.7789344,817.7798786383867,12,805.7798786383867,0.06333578,66.49433149456979,4,62.49433149456979,True
92620,47410,2290.76,retry,0.49470502,1133.250474779606,8,1125.250474779606,payment_link,0.55999875,1282.82273812294,12,1270.82273812294,0.06529373,149.57226334333404,4,145.57226334333404,True
48458,56679,4113.89,retry,0.6021476,2477.168904566765,8,2469.168904566765,human_escalation,0.7605839,3128.958408069611,250,2878.958408069611,0.1584363,651.789503502846,242,409.78950350284595,True
65114,59014,1018.32,whatsapp,0.77565575,789.8657597351074,18,771.8657597351074,payment_link,0.79803294,812.6529028844834,12,800.6529028844834,0.022377193,22.787143149375993,-6,28.787143149375993,True
82374,86028,2468.5,retry,0.64313257,1587.5727426409721,8,1579.5727426409721,payment_link,0.700695,1729.66555377841,12,1717.66555377841,0.05756241,142.09281113743782,4,138.09281113743782,True
535,91316,1927.05,voice_call,0.78955275,1521.507623425126,90,1431.507623425126,payment_link,0.8861602,1707.6750035315752,12,1695.6750035315752,0.09660745,186.16738010644917,-78,264.1673801064492,True
44409,21053,8071.97,whatsapp,0.80871016,6527.884133031965,18,6509.884133031965,payment_link,0.88062054,7108.342573712468,12,7096.342573712468,0.07191038,580.4584406805034,-6,586.4584406805034,True
70051,22402,3156.73,retry,0.7342104,2317.703907512426,8,2309.703907512426,whatsapp,0.7785101,2457.546168050766,18,2439.546168050766,0.04429972,139.84226053833981,10,129.84226053833981,True
22,94077,3331.0,whatsapp,0.5439341,1811.8445098400116,18,1793.8445098400116,payment_link,0.6230092,2075.243661403656,12,2063.243661403656,0.0790751,263.3991515636444,-6,269.3991515636444,True
47596,85816,3516.78,retry,0.6754909,2375.552942780256,8,2367.552942780256,human_escalation,0.7985437,2808.302483868599,250,2558.302483868599,0.123052776,432.749541088343,242,190.749541088343,True
66388,8532,1824.76,whatsapp,0.4875878,889.7307313776016,18,871.7307313776016,whatsapp,0.4875878,889.7307313776016,18,871.7307313776016,0.0,0.0,0,0.0,False
23351,60871,2747.31,payment_link,0.7742684,2127.155287091732,12,2115.155287091732,payment_link,0.7742684,2127.155287091732,12,2115.155287091732,0.0,0.0,0,0.0,False
52444,38186,2523.45,voice_call,0.6794424,1714.5389386653899,90,1624.5389386653899,human_escalation,0.8704616,2196.566281968355,250,1946.5662819683548,0.19101918,482.02734330296494,160,322.02734330296494,True
92798,62035,2676.71,payment_link,0.5578709,1493.2586822456121,12,1481.2586822456121,payment_link,0.5578709,1493.2586822456121,12,1481.2586822456121,0.0,0.0,0,0.0,False
21616,56328,3345.31,retry,0.42670265,1427.4526367232204,8,1419.4526367232204,human_escalation,0.56296617,1883.2963512271642,250,1633.2963512271642,0.13626352,455.84371450394383,242,213.84371450394383,True
19972,2156,732.54,payment_link,0.62046075,454.5123168325424,12,442.5123168325424,payment_link,0.62046075,454.5123168325424,12,442.5123168325424,0.0,0.0,0,0.0,False
25870,19463,1599.75,whatsapp,0.7441314,1190.4241852015257,18,1172.4241852015257,payment_link,0.7420818,1187.14539308846,12,1175.14539308846,-0.0020495653,-3.2787921130657196,-6,2.7212078869342804,True
40906,61837,635.61,email,0.78211784,497.1219225883484,5,492.1219225883484,payment_link,0.8378206,532.5271449190378,12,520.5271449190378,0.055702746,35.40522233068941,7,28.405222330689412,True
10883,97169,1766.57,human_escalation,0.77475953,1368.6669447159766,250,1118.6669447159766,payment_link,0.69510424,1227.9502996790409,12,1215.9502996790409,-0.07965529,-140.7166450369357,-238,97.28335496306431,True
85415,61729,1049.67,voice_call,0.70764905,742.7979805630446,90,652.7979805630446,payment_link,0.81776744,858.3859500807524,12,846.3859500807524,0.11011839,115.58796951770785,-78,193.58796951770785,True
74857,51745,2000.69,whatsapp,0.49298158,986.3033230522275,18,968.3033230522275,payment_link,0.5726383,1145.6716668868064,12,1133.6716668868064,0.07965669,159.36834383457892,-6,165.36834383457892,True
43826,27614,430.63,voice_call,0.48687923,209.66480261921882,90,119.66480261921882,payment_link,0.586948,252.7574075692892,12,240.7574075692892,0.10006875,43.09260495007038,-78,121.09260495007038,True
17212,38190,4016.02,human_escalation,0.8020433,3221.022008960247,250,2971.022008960247,human_escalation,0.8020433,3221.022008960247,250,2971.022008960247,0.0,0.0,0,0.0,False
50005,65622,4912.32,retry,0.8172464,4014.5757249641415,8,4006.5757249641415,whatsapp,0.89475757,4395.335500545501,18,4377.335500545501,0.07751119,380.7597755813599,10,370.7597755813599,True
77853,921,1374.07,payment_link,0.9207861,1265.2245327168703,12,1253.2245327168703,payment_link,0.9207861,1265.2245327168703,12,1253.2245327168703,0.0,0.0,0,0.0,False
37992,2017,1572.33,email,0.5621794,883.9315149575472,5,878.9315149575472,payment_link,0.66764444,1049.7573841184378,12,1037.7573841184378,0.105465055,165.82586916089065,7,158.82586916089065,True
13991,58586,349.65,whatsapp,0.6448648,225.4769764780998,18,207.4769764780998,payment_link,0.71950436,251.57469820976254,12,239.57469820976254,0.07463956,26.097721731662745,-6,32.097721731662745,True
22490,20600,1026.58,voice_call,0.61698115,633.3805076527595,90,543.3805076527595,payment_link,0.73495203,754.4870575916766,12,742.4870575916766,0.117970884,121.10654993891706,-78,199.10654993891706,True
64237,41723,1756.15,retry,0.5608122,984.8703016072512,8,976.8703016072512,payment_link,0.64611727,1134.6788436979057,12,1122.6788436979057,0.085305095,149.80854209065444,4,145.80854209065444,True
11378,70498,617.04,whatsapp,0.89736354,553.70920088768,18,535.70920088768,payment_link,0.9199496,567.6456957292556,12,555.6456957292556,0.022586048,13.936494841575609,-6,19.93649484157561,True
95381,81743,4724.93,whatsapp,0.47854856,2261.108431376517,18,2243.108431376517,payment_link,0.5420469,2561.1336807811263,12,2549.1336807811263,0.06349835,300.02524940460944,-6,306.02524940460944,True
87601,3091,1448.07,whatsapp,0.5546656,803.1946517318487,18,785.1946517318487,payment_link,0.59319323,858.9853249293566,12,846.9853249293566,0.038527608,55.790673197507886,-6,61.790673197507886,True
64289,99729,866.44,retry,0.6041122,523.4269814038277,8,515.4269814038277,payment_link,0.69356954,600.9363930845261,12,588.9363930845261,0.08945733,77.50941168069846,4,73.50941168069846,True
79634,9946,1390.76,retry,0.6868009,955.1752156805992,8,947.1752156805992,whatsapp,0.7395803,1028.578661351204,18,1010.5786613512039,0.052779377,73.4034456706047,10,63.4034456706047,True
34662,59367,755.81,human_escalation,0.5382833,406.8398922652006,250,156.8398922652006,payment_link,0.5783433,437.11762856841085,12,425.11762856841085,0.040059984,30.277736303210247,-238,268.27773630321025,True
11760,14979,6360.18,whatsapp,0.8337063,5302.522258089781,18,5284.522258089781,payment_link,0.8797578,5595.418101528883,12,5583.418101528883,0.046051502,292.89584343910246,-6,298.89584343910246,True
20342,58854,3081.46,whatsapp,0.6891978,2123.7353871583937,18,2105.7353871583937,payment_link,0.74606097,2298.9570287442207,12,2286.9570287442207,0.05686319,175.221641585827,-6,181.221641585827,True
11714,36672,3863.06,retry,0.52031153,2009.9946760976313,8,2001.9946760976313,human_escalation,0.7026927,2714.5440134179594,250,2464.5440134179594,0.18238115,704.549337320328,242,462.54933732032805,True
14767,2508,722.73,email,0.53744084,388.42461571276186,5,383.42461571276186,payment_link,0.63901156,461.83282611072065,12,449.83282611072065,0.101570725,73.40821039795878,7,66.40821039795878,True
28604,6683,783.44,voice_call,0.42320445,331.55529571771626,90,241.55529571771626,payment_link,0.5515646,432.117750043869,12,420.117750043869,0.12836012,100.56245432615276,-78,178.56245432615276,True
21203,72194,2639.73,human_escalation,0.72873133,1923.6539648526907,250,1673.6539648526907,payment_link,0.63898665,1686.7522220259905,12,1674.7522220259905,-0.08974469,-236.90174282670023,-238,1.0982571732997712,True
41653,99228,1771.27,voice_call,0.5466384,968.2442504268885,90,878.2442504268885,payment_link,0.68035287,1205.088622110486,12,1193.088622110486,0.13371444,236.84437168359761,-78,314.8443716835976,True
58235,10590,1170.42,whatsapp,0.6548231,766.4180812704564,18,748.4180812704564,payment_link,0.6636869,776.7923881745339,12,764.7923881745339,0.008863747,10.37430690407757,-6,16.37430690407757,True
97050,18650,5965.3,retry,0.5567361,3321.0979267716407,8,3313.0979267716407,human_escalation,0.6387544,3810.361785966158,250,3560.361785966158,0.082018316,489.2638591945174,242,247.2638591945174,True
35083,96063,626.94,voice_call,0.6925511,434.18797184586526,90,344.18797184586526,payment_link,0.8136566,510.1138864409924,12,498.1138864409924,0.12110555,75.92591459512715,-78,153.92591459512715,True
96784,7613,3958.53,payment_link,0.8567147,3391.330942311287,12,3379.330942311287,human_escalation,0.92743576,3671.282262128592,250,3421.282262128592,0.07072103,279.9513198173049,238,41.95131981730492,True
1327,94565,2510.28,retry,0.8652538,2172.029324412346,8,2164.029324412346,payment_link,0.90437955,2270.245888345242,12,2258.245888345242,0.03912574,98.21656393289595,4,94.21656393289595,True
86576,63542,846.62,payment_link,0.7741894,655.4442404901981,12,643.4442404901981,payment_link,0.7741894,655.4442404901981,12,643.4442404901981,0.0,0.0,0,0.0,False
62546,96217,1833.68,email,0.55941576,1025.7894864988327,5,1020.7894864988327,payment_link,0.64325815,1179.5296125459672,12,1167.5296125459672,0.0838424,153.74012604713448,7,146.74012604713448,True
62270,55831,645.84,payment_link,0.7339995,474.0462310981751,12,462.0462310981751,payment_link,0.7339995,474.0462310981751,12,462.0462310981751,0.0,0.0,0,0.0,False
14816,83162,2226.61,retry,0.74399704,1656.5912434691193,8,1648.5912434691193,payment_link,0.7845888,1746.9732986545564,12,1734.9732986545564,0.040591776,90.38205518543714,4,86.38205518543714,True
93990,96427,1674.17,retry,0.7398039,1238.5575124323368,8,1230.5575124323368,payment_link,0.8109318,1357.6376946127416,12,1345.6376946127416,0.07112789,119.08018218040479,4,115.08018218040479,True
3815,73585,1074.8,payment_link,0.63333297,680.7062737464904,12,668.7062737464904,payment_link,0.63333297,680.7062737464904,12,668.7062737464904,0.0,0.0,0,0.0,False
51527,76804,2106.49,retry,0.6517876,1372.9840174132585,8,1364.9840174132585,payment_link,0.729493,1536.6697558391093,12,1524.6697558391093,0.07770544,163.6857384258508,4,159.6857384258508,True
83310,68109,1863.18,retry,0.62824714,1170.5375097298622,8,1162.5375097298622,payment_link,0.6838131,1274.0668825149537,12,1262.0668825149537,0.055565953,103.52937278509148,4,99.52937278509148,True
67119,46228,1610.23,whatsapp,0.5351345,861.6896167641878,18,843.6896167641878,payment_link,0.58686787,944.9922485393286,12,932.9922485393286,0.051733375,83.30263177514075,-6,89.30263177514075,True
92882,95280,653.45,retry,0.8554918,559.0211278170348,8,551.0211278170348,payment_link,0.91023713,594.7944548875093,12,582.7944548875093,0.054745317,35.77332707047458,4,31.77332707047458,True
71383,82320,3187.71,retry,0.5432539,1731.7358851718902,8,1723.7358851718902,payment_link,0.6395119,2038.5784253829718,12,2026.5784253829718,0.096257985,306.84254021108154,4,302.84254021108154,True
14755,36271,1850.48,whatsapp,0.67502266,1249.115934996605,18,1231.115934996605,payment_link,0.7244189,1340.5226463890076,12,1328.5226463890076,0.049396217,91.40671139240271,-6,97.40671139240271,True
34117,79320,2182.98,retry,0.6353221,1386.8954246807098,8,1378.8954246807098,payment_link,0.72784966,1588.8812558162213,12,1576.8812558162213,0.09252757,201.9858311355115,4,197.9858311355115,True
65876,31177,1115.44,payment_link,0.79471684,886.4589464569092,12,874.4589464569092,payment_link,0.79471684,886.4589464569092,12,874.4589464569092,0.0,0.0,0,0.0,False
33104,72748,4173.85,voice_call,0.63943154,2668.8913173586134,90,2578.8913173586134,payment_link,0.73152333,3053.2686717063193,12,3041.2686717063193,0.0920918,384.37735434770593,-78,462.37735434770593,True
45315,99870,738.35,whatsapp,0.5653505,417.4265216857195,18,399.4265216857195,payment_link,0.6825525,503.96265052855017,12,491.96265052855017,0.11720204,86.53612884283069,-6,92.53612884283069,True
61757,66063,1236.0,voice_call,0.6386616,789.3857660293579,90,699.3857660293579,payment_link,0.76876307,950.1911487579346,12,938.1911487579346,0.13010144,160.80538272857666,-78,238.80538272857666,True
81247,43597,5337.86,voice_call,0.8386295,4476.486778407097,90,4386.486778407097,payment_link,0.90565896,4834.280738053321,12,4822.280738053321,0.067029476,357.7939596462247,-78,435.7939596462247,True
25071,15823,1277.99,whatsapp,0.70750225,904.1807952415943,18,886.1807952415943,payment_link,0.7279149,930.2680006110668,12,918.2680006110668,0.020412683,26.087205369472485,-6,32.087205369472485,True
76662,836,1900.74,retry,0.5828957,1107.933165525198,8,1099.933165525198,payment_link,0.6927627,1316.7617228901386,12,1304.7617228901386,0.10986698,208.82855736494048,4,204.82855736494048,True
18740,61323,3355.38,retry,0.51401424,1724.7131142997741,8,1716.7131142997741,human_escalation,0.68048257,2283.277593501806,250,2033.2775935018062,0.16646832,558.5644792020321,242,316.5644792020321,True
9776,21644,581.38,retry,0.7407091,430.6334716713429,8,422.6334716713429,payment_link,0.7822659,454.7937498521805,12,442.7937498521805,0.041556776,24.160278180837622,4,20.160278180837622,True
74554,26724,733.04,payment_link,0.85929906,629.900585641861,12,617.900585641861,payment_link,0.85929906,629.900585641861,12,617.900585641861,0.0,0.0,0,0.0,False
13311,13232,941.42,email,0.5166085,486.34555207729335,5,481.34555207729335,payment_link,0.5824807,548.3590075433254,12,536.3590075433254,0.06587225,62.0134554660321,7,55.0134554660321,True
37364,65587,3977.02,retry,0.85446453,3398.222528858185,8,3390.222528858185,payment_link,0.9181048,3651.3212606823445,12,3639.3212606823445,0.0636403,253.0987318241596,4,249.0987318241596,True
44255,96570,1958.84,human_escalation,0.92673594,1815.3274239993095,250,1565.3274239993095,payment_link,0.9118288,1786.1267578101158,12,1774.1267578101158,-0.014907122,-29.200666189193726,-238,208.79933381080627,True
51261,18408,4603.13,payment_link,0.70464474,3243.5713403230907,12,3231.5713403230907,human_escalation,0.77045465,3546.5028907608985,250,3296.5028907608985,0.065809906,302.9315504378078,238,64.9315504378078,True
7170,83038,1798.82,email,0.7365858,1324.9852613437176,5,1319.9852613437176,payment_link,0.7864303,1414.6465509545803,12,1402.6465509545803,0.049844503,89.6612896108627,7,82.6612896108627,True
10725,29782,837.11,voice_call,0.75400966,631.1890298801661,90,541.1890298801661,payment_link,0.78710216,658.8910915333033,12,646.8910915333033,0.0330925,27.702061653137207,-78,105.7020616531372,True
23294,72144,802.59,payment_link,0.64208686,515.33249579072,12,503.33249579072003,payment_link,0.64208686,515.33249579072,12,503.33249579072003,0.0,0.0,0,0.0,False
40961,40054,2921.0,whatsapp,0.86027086,2512.8511756658554,18,2494.8511756658554,email,0.8563945,2501.5284202098846,5,2496.5284202098846,-0.0038763285,-11.322755455970764,-13,1.6772445440292358,True
32142,8464,1122.07,email,0.5926803,665.0287566632032,5,660.0287566632032,payment_link,0.69942665,784.8056622886658,12,772.8056622886658,0.106746376,119.77690562546252,7,112.77690562546252,True
41029,21915,2806.38,retry,0.6481832,1819.0484434247019,8,1811.0484434247019,human_escalation,0.87106794,2444.547648793459,250,2194.547648793459,0.22288471,625.499205368757,242,383.499205368757,True
89630,41544,2174.71,retry,0.85551643,1860.5001435661316,8,1852.5001435661316,payment_link,0.9120233,1983.386203558445,12,1971.386203558445,0.056506872,122.88605999231345,4,118.88605999231345,True
27278,28530,1246.13,email,0.8647716,1077.617839562893,5,1072.617839562893,payment_link,0.92549896,1153.2920220184328,12,1141.2920220184328,0.060727358,75.67418245553972,7,68.67418245553972,True
98297,74557,1873.64,payment_link,0.723457,1355.497933754921,12,1343.497933754921,payment_link,0.723457,1355.497933754921,12,1343.497933754921,0.0,0.0,0,0.0,False
42277,80931,2633.96,retry,0.48854256,1286.801552810669,8,1278.801552810669,payment_link,0.55586517,1464.1266194105149,12,1452.1266194105149,0.06732261,177.32506659984597,4,173.32506659984597,True
7888,61411,1229.68,whatsapp,0.9153128,1125.541876654625,18,1107.541876654625,payment_link,0.92289734,1134.868399658203,12,1122.868399658203,0.0075845122,9.326523003578131,-6,15.326523003578131,True
66592,36300,1668.23,retry,0.749309,1250.0197586637735,8,1242.0197586637735,whatsapp,0.78235394,1305.1463093656303,18,1287.1463093656303,0.033044934,55.126550701856786,10,45.126550701856786,True
23400,91958,7433.28,payment_link,0.93380505,6941.234390659332,12,6929.234390659332,payment_link,0.93380505,6941.234390659332,12,6929.234390659332,0.0,0.0,0,0.0,False
13480,28355,869.98,voice_call,0.68591136,596.7291627132893,90,506.72916271328927,payment_link,0.7059009,614.1196715211869,12,602.1196715211869,0.01998955,17.390508807897618,-78,95.39050880789762,True
35731,7156,1129.86,payment_link,0.9310794,1051.989356946945,12,1039.989356946945,payment_link,0.9310794,1051.989356946945,12,1039.989356946945,0.0,0.0,0,0.0,False
45163,24350,3160.41,email,0.36855447,1164.7832417714594,5,1159.7832417714594,payment_link,0.5896229,1863.450156134963,12,1851.450156134963,0.22106844,698.6669143635036,7,691.6669143635036,True
3615,30145,840.29,retry,0.7102894,596.8490956372023,8,588.8490956372023,payment_link,0.81428146,684.23257106781,12,672.23257106781,0.103992045,87.38347543060775,4,83.38347543060775,True
44961,65211,1948.15,voice_call,0.68371826,1331.9857362121345,90,1241.9857362121345,whatsapp,0.79096925,1540.9267494261267,18,1522.9267494261267,0.10725099,208.94101321399216,-72,280.94101321399216,True
52369,57915,5480.36,retry,0.68055356,3729.6784833574293,8,3721.6784833574293,payment_link,0.840872,4608.281217620372,12,4596.281217620372,0.16031843,878.6027342629432,4,874.6027342629432,True
17620,58718,1453.81,payment_link,0.56184864,816.8211719608306,12,804.8211719608306,payment_link,0.56184864,816.8211719608306,12,804.8211719608306,0.0,0.0,0,0.0,False
81589,92791,998.26,whatsapp,0.8907416,889.1916963243484,18,871.1916963243484,payment_link,0.9164057,914.8111319160462,12,902.8111319160462,0.025664091,25.619435591697766,-6,31.619435591697766,True
77224,11249,2355.17,retry,0.4760021,1121.0658590972423,8,1113.0658590972423,payment_link,0.53656733,1263.707279444933,12,1251.707279444933,0.060565233,142.64142034769066,4,138.64142034769066,True
4075,51932,479.63,retry,0.7396678,354.76685408234596,8,346.76685408234596,payment_link,0.8060274,386.59492781639096,12,374.59492781639096,0.06635964,31.828073734045006,4,27.828073734045006,True
11047,32989,2292.82,retry,0.70426077,1614.7431706607342,8,1606.7431706607342,payment_link,0.73023665,1674.3011947369578,12,1662.3011947369578,0.025975883,59.558024076223546,4,55.558024076223546,True
65151,99376,2371.09,payment_link,0.5240938,1242.6735842317344,12,1230.6735842317344,human_escalation,0.65950614,1563.7484185653925,250,1313.7484185653925,0.13541234,321.07483433365815,238,83.07483433365815,True
46677,60671,1487.69,whatsapp,0.7546904,1122.7453741288186,18,1104.7453741288186,payment_link,0.7735872,1150.8579815387727,12,1138.8579815387727,0.018896818,28.11260740995408,-6,34.11260740995408,True
88057,92905,1589.57,email,0.76279664,1212.5186556744575,5,1207.5186556744575,payment_link,0.8483903,1348.575739287734,12,1336.575739287734,0.08559364,136.05708361327652,7,129.05708361327652,True
12808,62621,858.79,retry,0.51673734,443.7688618338108,8,435.7688618338108,payment_link,0.5918673,508.289742347002,12,496.289742347002,0.075129986,64.52088051319123,4,60.52088051319123,True
84890,4300,1062.57,payment_link,0.6529027,693.7548456966877,12,681.7548456966877,payment_link,0.6529027,693.7548456966877,12,681.7548456966877,0.0,0.0,0,0.0,False
50732,85799,2506.11,retry,0.8426664,2111.814660522938,8,2103.814660522938,payment_link,0.9097613,2279.9619156610966,12,2267.9619156610966,0.06709492,168.14725513815847,4,164.14725513815847,True
89122,13153,2386.84,payment_link,0.7205212,1719.7688487529756,12,1707.7688487529756,payment_link,0.7205212,1719.7688487529756,12,1707.7688487529756,0.0,0.0,0,0.0,False
83582,2835,1075.87,retry,0.87098914,937.0710901921987,8,929.0710901921987,payment_link,0.9343254,1005.2126648861168,12,993.2126648861168,0.06333625,68.14157469391819,4,64.14157469391819,True
32666,59958,2194.95,email,0.4654031,1021.5365558311343,5,1016.5365558311343,payment_link,0.5268845,1156.4851249605417,12,1144.4851249605417,0.061481386,134.94856912940747,7,127.94856912940747,True
52215,96332,2745.47,payment_link,0.9193626,2524.082450100779,12,2512.082450100779,payment_link,0.9193626,2524.082450100779,12,2512.082450100779,0.0,0.0,0,0.0,False
69112,57856,1790.3,payment_link,0.46126014,825.7940285384655,12,813.7940285384655,whatsapp,0.46502313,832.5309099584817,18,814.5309099584817,0.0037629902,6.736881420016289,6,0.7368814200162888,True
26377,52201,12450.82,payment_link,0.6797075,8462.916073322296,12,8450.916073322296,payment_link,0.6797075,8462.916073322296,12,8450.916073322296,0.0,0.0,0,0.0,False
55114,10164,1880.42,voice_call,0.69443464,1305.828790998459,90,1215.828790998459,payment_link,0.7918062,1488.928254108429,12,1476.928254108429,0.09737158,183.09946310996997,-78,261.09946310997,True
789,58561,712.4,whatsapp,0.7528731,536.3468126058578,18,518.3468126058578,payment_link,0.7881029,561.4445236444473,12,549.4445236444473,0.035229802,25.09771103858941,-6,31.09771103858941,True
71421,40090,1188.93,retry,0.65229243,775.5300392764807,8,767.5300392764807,payment_link,0.70591,839.2776084333659,12,827.2776084333659,0.053617597,63.74756915688522,4,59.74756915688522,True
41972,99085,1083.02,retry,0.6150573,666.1193457829952,8,658.1193457829952,payment_link,0.6842624,741.069858930111,12,729.069858930111,0.069205105,74.95051314711577,4,70.95051314711577,True
72898,67187,6362.68,whatsapp,0.7558406,4809.171865861416,18,4791.171865861416,human_escalation,0.8239399,5242.466046824456,250,4992.466046824456,0.06809932,433.29418096303925,232,201.29418096303925,True
19167,7132,698.78,payment_link,0.826433,577.4948538005352,12,565.4948538005352,payment_link,0.826433,577.4948538005352,12,565.4948538005352,0.0,0.0,0,0.0,False
25756,95606,1222.71,retry,0.8690119,1062.5495145320892,8,1054.5495145320892,payment_link,0.9545782,1167.172336408496,12,1155.172336408496,0.08556634,104.62282187640676,4,100.62282187640676,True
69607,25205,652.88,human_escalation,0.91556,597.7508174324036,250,347.75081743240355,payment_link,0.9168195,598.5731235456467,12,586.5731235456467,0.0012595057,0.822306113243144,-238,238.82230611324314,True
21189,31154,7433.15,retry,0.5675386,4218.599686127901,8,4210.599686127901,payment_link,0.6857986,5097.643755176663,12,5085.643755176663,0.11825997,879.0440690487621,4,875.0440690487621,True
89621,34400,2621.45,voice_call,0.7319772,1918.8416947722433,90,1828.8416947722433,payment_link,0.9096482,2384.5972214818,12,2372.5972214818,0.17767096,465.75552670955653,-78,543.7555267095565,True
13070,17795,818.77,payment_link,0.6877658,563.1219853252172,12,551.1219853252172,payment_link,0.6877658,563.1219853252172,12,551.1219853252172,0.0,0.0,0,0.0,False
36441,70749,1181.92,human_escalation,0.81056345,958.0211470222474,250,708.0211470222474,payment_link,0.76373374,902.6721874427795,12,890.6721874427795,-0.0468297,-55.34895957946787,-238,182.65104042053213,True
16579,20504,882.67,voice_call,0.7433148,656.1016768521071,90,566.1016768521071,payment_link,0.82124454,724.8879162067175,12,712.8879162067175,0.077929735,68.78623935461042,-78,146.78623935461042,True
33803,44753,1492.27,retry,0.7795482,1163.296433879733,8,1155.296433879733,payment_link,0.86855453,1296.1178722554446,12,1284.1178722554446,0.089006305,132.82143837571152,4,128.82143837571152,True
44746,96428,1116.11,email,0.8856193,988.4485376393794,5,983.4485376393794,payment_link,0.93639475,1045.1195456188916,12,1033.1195456188916,0.05077547,56.67100797951218,7,49.67100797951218,True
82217,30958,1131.9,payment_link,0.73467094,831.5740336596966,12,819.5740336596966,payment_link,0.73467094,831.5740336596966,12,819.5740336596966,0.0,0.0,0,0.0,False
45037,3053,721.29,payment_link,0.58123016,419.23550468444824,12,407.23550468444824,payment_link,0.58123016,419.23550468444824,12,407.23550468444824,0.0,0.0,0,0.0,False
92953,51876,3048.81,voice_call,0.42036352,1281.6084900435806,90,1191.6084900435806,human_escalation,0.717068,2186.2041394740345,250,1936.2041394740345,0.2967045,904.5956494304539,160,744.5956494304539,True
58352,28405,1994.42,whatsapp,0.7875519,1570.709220275879,18,1552.709220275879,payment_link,0.84576464,1686.8099073123933,12,1674.8099073123933,0.058212757,116.10068703651427,-6,122.10068703651427,True
34003,15556,2442.25,voice_call,0.8277946,2021.681389823556,90,1931.681389823556,payment_link,0.9162498,2237.711102500558,12,2225.711102500558,0.0884552,216.02971267700195,-78,294.02971267700195,True
11398,9652,2917.04,whatsapp,0.7419879,2164.4083372735977,18,2146.4083372735977,payment_link,0.7668574,2236.953668193817,12,2224.953668193817,0.024869502,72.54533092021939,-6,78.54533092021939,True
66940,31861,938.57,retry,0.7249956,680.4591325855256,8,672.4591325855256,payment_link,0.7552082,708.8157548826933,12,696.8157548826933,0.030212581,28.356622297167746,4,24.356622297167746,True
94368,46461,3144.17,human_escalation,0.6994671,2199.24354272306,250,1949.2435427230598,human_escalation,0.6994671,2199.24354272306,250,1949.2435427230598,0.0,0.0,0,0.0,False
61912,90190,1225.15,payment_link,0.933824,1144.0744769603016,12,1132.0744769603016,payment_link,0.933824,1144.0744769603016,12,1132.0744769603016,0.0,0.0,0,0.0,False
84934,11685,2570.32,whatsapp,0.7874004,2023.8710590505602,18,2005.8710590505602,payment_link,0.8023649,2062.3345132875443,12,2050.3345132875443,0.014964461,38.463454236984035,-6,44.463454236984035,True
65023,40048,1158.14,whatsapp,0.5623581,651.2893883240223,18,633.2893883240223,payment_link,0.5921179,685.7554312109947,12,673.7554312109947,0.029759824,34.466042886972446,-6,40.466042886972446,True
83912,70401,2660.34,human_escalation,0.7098399,1888.4154276001454,250,1638.4154276001454,human_escalation,0.7098399,1888.4154276001454,250,1638.4154276001454,0.0,0.0,0,0.0,False
74950,48857,2333.56,whatsapp,0.84295833,1967.093843140602,18,1949.093843140602,payment_link,0.8484282,1979.8580864834785,12,1967.8580864834785,0.0054698586,12.764243342876398,-6,18.764243342876398,True
90373,4748,1596.65,payment_link,0.7479319,1194.1854643672705,12,1182.1854643672705,payment_link,0.7479319,1194.1854643672705,12,1182.1854643672705,0.0,0.0,0,0.0,False
70840,99966,1657.81,payment_link,0.67568326,1120.154465200901,12,1108.154465200901,payment_link,0.67568326,1120.154465200901,12,1108.154465200901,0.0,0.0,0,0.0,False
51859,51680,1866.29,whatsapp,0.84802955,1582.6690761297941,18,1564.6690761297941,payment_link,0.9109332,1700.0655153793095,12,1688.0655153793095,0.06290364,117.39643924951542,-6,123.39643924951542,True
90165,49787,1633.52,voice_call,0.73680663,1203.5883680152892,90,1113.5883680152892,payment_link,0.78435415,1281.258191590309,12,1269.258191590309,0.04754752,77.66982357501979,-78,155.6698235750198,True
45828,98932,2686.15,retry,0.7446351,2000.2015876531602,8,1992.2015876531602,payment_link,0.82356244,2212.2122569531202,12,2200.2122569531202,0.07892734,212.01066929996,4,208.01066929996,True
92364,31863,1563.01,voice_call,0.7340575,1147.3391912823915,90,1057.3391912823915,whatsapp,0.8170994,1277.1345213371515,18,1259.1345213371515,0.08304191,129.79533005475992,-72,201.79533005475992,True
5366,38005,463.25,whatsapp,0.5367097,248.6307805031538,18,230.6307805031538,email,0.5950686,275.66551688313484,5,270.66551688313484,0.058358848,27.03473637998104,-13,40.03473637998104,True
5377,91523,1435.69,payment_link,0.62806463,901.706112112999,12,889.706112112999,payment_link,0.62806463,901.706112112999,12,889.706112112999,0.0,0.0,0,0.0,False
70558,55058,2740.46,email,0.3930686,1077.1888074052333,5,1072.1888074052333,payment_link,0.5286349,1448.702813990116,12,1436.702813990116,0.1355663,371.51400658488274,7,364.51400658488274,True
67455,56485,2111.86,retry,0.6897182,1456.588250092268,8,1448.588250092268,payment_link,0.748706,1581.1622176003457,12,1569.1622176003457,0.058987796,124.57396750807766,4,120.57396750807766,True
7328,79071,2569.83,retry,0.65698904,1688.3501394993066,8,1680.3501394993066,payment_link,0.6944244,1784.5526321911811,12,1772.5526321911811,0.037435353,96.20249269187457,4,92.20249269187457,True
67500,48789,3089.5,payment_link,0.8759621,2706.284841746092,12,2694.284841746092,payment_link,0.8759621,2706.284841746092,12,2694.284841746092,0.0,0.0,0,0.0,False
88672,61276,1722.07,payment_link,0.78488976,1351.6351049274206,12,1339.6351049274206,payment_link,0.78488976,1351.6351049274206,12,1339.6351049274206,0.0,0.0,0,0.0,False
40171,27958,1801.84,whatsapp,0.47592357,857.5381217837333,18,839.5381217837333,payment_link,0.52441156,944.905723657608,12,932.905723657608,0.04848799,87.3676018738746,-6,93.3676018738746,True
55314,25335,452.78,payment_link,0.9298946,421.03768882393837,12,409.03768882393837,payment_link,0.9298946,421.03768882393837,12,409.03768882393837,0.0,0.0,0,0.0,False
7653,13579,837.99,retry,0.47307822,396.4348184850812,8,388.4348184850812,payment_link,0.53139365,445.3025624120236,12,433.3025624120236,0.058315426,48.86774392694235,4,44.86774392694235,True
13102,35293,1546.19,payment_link,0.8069519,1247.7009280407428,12,1235.7009280407428,payment_link,0.8069519,1247.7009280407428,12,1235.7009280407428,0.0,0.0,0,0.0,False
47111,83561,1150.88,retry,0.6626122,762.5871284866333,8,754.5871284866333,payment_link,0.71774346,826.0365890598298,12,814.0365890598298,0.055131257,63.44946057319646,4,59.44946057319646,True
22713,43192,736.08,payment_link,0.8420623,619.8252137231827,12,607.8252137231827,payment_link,0.8420623,619.8252137231827,12,607.8252137231827,0.0,0.0,0,0.0,False
76855,78165,998.55,retry,0.7368844,735.8159327477216,8,727.8159327477216,payment_link,0.756777,755.6796618729829,12,743.6796618729829,0.019892573,19.86372912526133,4,15.86372912526133,True
22520,61165,1914.24,whatsapp,0.57754767,1105.5648506927491,18,1087.5648506927491,payment_link,0.65629935,1256.314472808838,12,1244.314472808838,0.07875168,150.74962211608886,-6,156.74962211608886,True
7779,9640,1191.5,email,0.68932235,821.3275828957558,5,816.3275828957558,payment_link,0.75276107,896.9148100912571,12,884.9148100912571,0.06343871,75.58722719550133,7,68.58722719550133,True
94614,74904,1266.47,whatsapp,0.79386574,1005.4071441167594,18,987.4071441167594,payment_link,0.79611385,1008.2543059456349,12,996.2543059456349,0.0022481084,2.847161828875528,-6,8.847161828875528,True
29360,64489,7507.89,human_escalation,0.93842006,7045.554563977718,250,6795.554563977718,human_escalation,0.93842006,7045.554563977718,250,6795.554563977718,0.0,0.0,0,0.0,False
30575,69126,1547.8,voice_call,0.72168565,1117.0250459194183,90,1027.0250459194183,payment_link,0.7609172,1177.7476216316222,12,1165.7476216316222,0.03923154,60.722575712203934,-78,138.72257571220393,True
47689,15087,2028.58,retry,0.7212497,1463.1127155995368,8,1455.1127155995368,payment_link,0.7842102,1590.8331378173827,12,1578.8331378173827,0.062960505,127.72042221784591,4,123.72042221784591,True
84233,34021,2837.1,human_escalation,0.78776574,2234.970184779167,250,1984.970184779167,payment_link,0.72710675,2062.874560457468,12,2050.874560457468,-0.06065899,-172.09562432169923,-238,65.90437567830077,True
55838,17587,705.54,retry,0.65142065,459.6033274233341,8,451.6033274233341,payment_link,0.697006,491.765604186058,12,479.765604186058,0.045585334,32.16227676272388,4,28.162276762723877,True
42267,21871,704.99,payment_link,0.73137754,515.6138533478976,12,503.6138533478976,payment_link,0.73137754,515.6138533478976,12,503.6138533478976,0.0,0.0,0,0.0,False
60762,6890,874.61,whatsapp,0.6438932,563.1554161518812,18,545.1554161518812,payment_link,0.7323533,640.523545652628,12,628.523545652628,0.08846015,77.3681295007467,-6,83.3681295007467,True
75430,87792,1788.59,payment_link,0.60914457,1089.509883671999,12,1077.509883671999,payment_link,0.60914457,1089.509883671999,12,1077.509883671999,0.0,0.0,0,0.0,False
88078,45639,1193.24,payment_link,0.5612708,669.7307376646995,12,657.7307376646995,payment_link,0.5612708,669.7307376646995,12,657.7307376646995,0.0,0.0,0,0.0,False
85594,77333,780.07,retry,0.44117373,344.14639334023,8,336.14639334023,payment_link,0.4486288,349.96187817901375,12,337.96187817901375,0.0074550807,5.815484838783732,4,1.815484838783732,True
17378,10046,1449.45,retry,0.88425213,1281.679251256585,8,1273.679251256585,payment_link,0.93288136,1352.1648804187776,12,1340.1648804187776,0.048629224,70.48562916219248,4,66.48562916219248,True
82207,93909,1046.29,whatsapp,0.80161566,838.7224441117048,18,820.7224441117048,payment_link,0.8380973,876.8927971309423,12,864.8927971309423,0.03648162,38.170353019237496,-6,44.170353019237496,True
95241,85469,934.11,whatsapp,0.88026375,822.2631675750017,18,804.2631675750017,payment_link,0.89816177,838.9818899595738,12,826.9818899595738,0.017898023,16.71872238457206,-6,22.71872238457206,True
77505,94230,630.72,payment_link,0.7801792,492.0746266365052,12,480.0746266365052,payment_link,0.7801792,492.0746266365052,12,480.0746266365052,0.0,0.0,0,0.0,False
91455,9434,2417.33,payment_link,0.6902097,1668.4645820862054,12,1656.4645820862054,payment_link,0.6902097,1668.4645820862054,12,1656.4645820862054,0.0,0.0,0,0.0,False
56785,29195,3876.88,retry,0.73995763,2868.7269390535357,8,2860.7269390535357,payment_link,0.8039656,3116.878264451027,12,3104.878264451027,0.064008,248.1513253974913,4,244.1513253974913,True
46262,79091,1607.93,whatsapp,0.5525112,888.3993582725525,18,870.3993582725525,payment_link,0.6030294,969.6290153992177,12,957.6290153992177,0.050518155,81.22965712666519,-6,87.22965712666519,True
12162,8087,1436.81,retry,0.8616129,1237.9740538275241,8,1229.9740538275241,payment_link,0.9075445,1303.96900395751,12,1291.96900395751,0.045931578,65.99495012998591,4,61.99495012998591,True
44310,46532,1790.52,retry,0.6490514,1162.1395625782013,8,1154.1395625782013,payment_link,0.7019173,1256.7969473218918,12,1244.7969473218918,0.052865863,94.6573847436905,4,90.6573847436905,True
53007,24668,1482.87,human_escalation,0.77416164,1147.981066405177,250,897.981066405177,payment_link,0.7288455,1080.7830926334857,12,1068.7830926334857,-0.04531616,-67.1979737716913,-238,170.8020262283087,True
42518,35569,2409.22,whatsapp,0.7801262,1879.495677359104,18,1861.495677359104,human_escalation,0.921738,2220.669693086147,250,1970.6696930861472,0.14161181,341.17401572704307,232,109.17401572704307,True
7798,35440,2588.01,retry,0.6771586,1752.493213198185,8,1744.493213198185,human_escalation,0.83320934,2156.354093154073,250,1906.3540931540729,0.15605074,403.86087995588787,242,161.86087995588787,True
70508,64227,2529.9,voice_call,0.83970386,2124.366790097952,90,2034.3667900979522,payment_link,0.91494197,2314.7116811335086,12,2302.7116811335086,0.07523811,190.34489103555643,-78,268.34489103555643,True
99802,59155,2254.88,whatsapp,0.7191563,1621.6112138080598,18,1603.6112138080598,payment_link,0.7430694,1675.5323519515991,12,1663.5323519515991,0.023913085,53.92113814353934,-6,59.92113814353934,True
59183,27654,1439.23,voice_call,0.6890345,991.6791544932128,90,901.6791544932128,whatsapp,0.75326365,1084.1196463352442,18,1066.1196463352442,0.06422913,92.4404918420314,-72,164.4404918420314,True
80509,52687,776.01,whatsapp,0.8802572,683.0883814483881,18,665.0883814483881,payment_link,0.9155761,710.4962096321583,12,698.4962096321583,0.03531891,27.40782818377022,-6,33.40782818377022,True
34497,15897,1225.19,human_escalation,0.7003318,858.0395267856121,250,608.0395267856121,payment_link,0.66240066,811.566668177247,12,799.566668177247,-0.037931144,-46.47285860836507,-238,191.52714139163493,True
84941,99555,3046.16,whatsapp,0.83905923,2555.9086752223966,18,2537.9086752223966,payment_link,0.8851076,2696.17929628849,12,2684.17929628849,0.046048343,140.27062106609355,-6,146.27062106609355,True
46835,99288,8633.03,whatsapp,0.5222324,4508.448090921641,18,4490.448090921641,human_escalation,0.6544677,5650.039304636717,250,5400.039304636717,0.13223529,1141.5912137150763,232,909.5912137150763,True
45572,3781,1000.42,voice_call,0.7322742,732.5817298436165,90,642.5817298436165,payment_link,0.758642,758.9606474888325,12,746.9606474888325,0.026367843,26.378917645216006,-78,104.378917645216,True
25986,71756,1799.38,human_escalation,0.7750335,1394.57973238945,250,1144.57973238945,payment_link,0.7631498,1373.196483374834,12,1361.196483374834,-0.011883676,-21.383249014616013,-238,216.616750985384,True
87121,35722,8625.96,whatsapp,0.7345728,6336.395829827785,18,6318.395829827785,human_escalation,0.8494288,7327.1386181116095,250,7077.1386181116095,0.114855945,990.7427882838247,232,758.7427882838247,True
5400,62554,1152.54,whatsapp,0.83284855,959.8912665367126,18,941.8912665367126,payment_link,0.8829928,1017.6845263803004,12,1005.6845263803004,0.050144255,57.79325984358786,-6,63.79325984358786,True
350,83483,10443.36,retry,0.8451712,8826.42724056244,8,8818.42724056244,human_escalation,0.9241983,9651.735865831375,250,9401.735865831375,0.07902712,825.3086252689354,242,583.3086252689354,True
51466,45170,2163.01,retry,0.6832955,1477.9749742722513,8,1469.9749742722513,payment_link,0.73015505,1579.332676332593,12,1567.332676332593,0.046859562,101.35770206034181,4,97.35770206034181,True
49052,9790,492.05,human_escalation,0.68394107,336.53320165574553,250,86.53320165574553,payment_link,0.7064391,347.6033482581377,12,335.6033482581377,0.022498012,11.070146602392185,-238,249.07014660239219,True
27505,19037,3069.3,payment_link,0.9145206,2806.938142955303,12,2794.938142955303,payment_link,0.9145206,2806.938142955303,12,2794.938142955303,0.0,0.0,0,0.0,False
81367,71823,1067.1,whatsapp,0.78858376,841.4977254867553,18,823.4977254867553,payment_link,0.86089116,918.6569604098796,12,906.6569604098796,0.07230741,77.15923492312436,-6,83.15923492312436,True
40193,26981,2601.09,whatsapp,0.7855365,2043.251206662655,18,2025.251206662655,payment_link,0.82261884,2139.7056440627575,12,2127.7056440627575,0.037082314,96.4544374001025,-6,102.4544374001025,True
60380,88916,242.25,payment_link,0.7146523,173.12451964616776,12,161.12451964616776,email,0.7001791,169.61838698387146,5,164.61838698387146,-0.0144732,-3.506132662296295,-7,3.493867337703705,True
45203,62925,2740.39,email,0.6397622,1753.1979976481198,5,1748.1979976481198,payment_link,0.7409534,2030.5012489944695,12,2018.5012489944695,0.10119116,277.3032513463497,7,270.3032513463497,True
85381,69834,941.54,retry,0.8553893,805.3832387053966,8,797.3832387053966,payment_link,0.9058331,852.8781206202507,12,840.8781206202507,0.050443828,47.49488191485409,4,43.49488191485409,True
62551,47577,2944.62,payment_link,0.8980486,2644.411808735132,12,2632.411808735132,payment_link,0.8980486,2644.411808735132,12,2632.411808735132,0.0,0.0,0,0.0,False
26940,68194,1955.74,retry,0.7204497,1409.0122689962386,8,1401.0122689962386,payment_link,0.7697455,1505.422120295763,12,1493.422120295763,0.049295843,96.40985129952446,4,92.40985129952446,True
16648,20014,1103.11,payment_link,0.58474827,645.0416620540618,12,633.0416620540618,payment_link,0.58474827,645.0416620540618,12,633.0416620540618,0.0,0.0,0,0.0,False
36469,44161,6135.67,email,0.43320036,2657.9744488191604,5,2652.9744488191604,human_escalation,0.6473986,3972.2241130959987,250,3722.2241130959987,0.21419823,1314.2496642768383,245,1069.2496642768383,True
62833,16026,218.39,whatsapp,0.68422294,149.42744713068006,18,131.42744713068006,payment_link,0.80953133,176.7935473906994,12,164.7935473906994,0.1253084,27.366100260019323,-6,33.36610026001932,True
52110,11303,1056.26,payment_link,0.59901094,632.7113000965119,12,620.7113000965119,payment_link,0.59901094,632.7113000965119,12,620.7113000965119,0.0,0.0,0,0.0,False
7387,17892,2427.03,whatsapp,0.8892975,2158.351675872803,18,2140.351675872803,payment_link,0.91255915,2214.808437827826,12,2202.808437827826,0.023261666,56.45676195502301,-6,62.45676195502301,True
43365,12400,1515.66,whatsapp,0.57409936,870.1394388520719,18,852.1394388520719,payment_link,0.62184507,942.505693563223,12,930.505693563223,0.047745705,72.3662547111511,-6,78.3662547111511,True
96554,78798,1165.98,payment_link,0.81209856,946.8906821572781,12,934.8906821572781,payment_link,0.81209856,946.8906821572781,12,934.8906821572781,0.0,0.0,0,0.0,False
42571,83547,2758.71,payment_link,0.5755084,1587.6608214730024,12,1575.6608214730024,payment_link,0.5755084,1587.6608214730024,12,1575.6608214730024,0.0,0.0,0,0.0,False
86042,70988,782.22,human_escalation,0.83656126,654.3749508368969,250,404.3749508368969,whatsapp,0.7786381,609.0663137197495,18,591.0663137197495,-0.05792314,-45.30863711714744,-232,186.69136288285256,True
28402,25502,671.76,payment_link,0.94688785,636.0813826274872,12,624.0813826274872,payment_link,0.94688785,636.0813826274872,12,624.0813826274872,0.0,0.0,0,0.0,False
58201,68481,497.53,whatsapp,0.53964996,268.4920462799072,18,250.49204627990719,payment_link,0.5961144,296.5847959637642,12,284.5847959637642,0.056464434,28.092749683856994,-6,34.092749683856994,True
45381,89684,1797.56,human_escalation,0.64096135,1152.166482527256,250,902.166482527256,payment_link,0.6005484,1079.5217577695846,12,1067.5217577695846,-0.040412962,-72.64472475767138,-238,165.35527524232862,True
61355,62159,1435.51,retry,0.91983646,1320.4344389110804,8,1312.4344389110804,payment_link,0.94943,1362.9162433099746,12,1350.9162433099746,0.029593527,42.481804398894155,4,38.481804398894155,True
71835,40176,1939.36,retry,0.70600265,1369.1933044338225,8,1361.1933044338225,whatsapp,0.749127,1452.8268820285796,18,1434.8268820285796,0.043124318,83.63357759475707,10,73.63357759475707,True
53649,60853,806.07,payment_link,0.9241693,744.9451492524147,12,732.9451492524147,payment_link,0.9241693,744.9451492524147,12,732.9451492524147,0.0,0.0,0,0.0,False
9404,55173,1640.6,retry,0.8772507,1439.2174514770506,8,1431.2174514770506,payment_link,0.8868055,1454.8930618882177,12,1442.8930618882177,0.009554803,15.6756104111671,4,11.6756104111671,True
75459,64624,1300.93,retry,0.5222594,679.4229397100211,8,671.4229397100211,payment_link,0.6125545,796.8905134123564,12,784.8905134123564,0.09029508,117.46757370233536,4,113.46757370233536,True
46479,30201,2729.62,email,0.76748675,2094.9471854817866,5,2089.9471854817866,payment_link,0.8499709,2320.0975057423116,12,2308.0975057423116,0.082484126,225.15032026052495,7,218.15032026052495,True
63267,22857,1763.33,voice_call,0.6924072,1220.9423717528582,90,1130.9423717528582,payment_link,0.7445597,1312.904465071559,12,1300.904465071559,0.052152514,91.96209331870068,-78,169.96209331870068,True
21585,83519,2146.84,payment_link,0.84317404,1810.1597567152978,12,1798.1597567152978,whatsapp,0.8607341,1847.8584062147143,18,1829.8584062147143,0.017560065,37.69864949941643,6,31.698649499416433,True
75316,47446,2949.12,whatsapp,0.8039083,2370.8220117187498,18,2352.8220117187498,payment_link,0.8345378,2461.15212890625,12,2449.15212890625,0.030629516,90.33011718750004,-6,96.33011718750004,True
92335,54213,908.95,payment_link,0.47890112,435.2971712425351,12,423.2971712425351,whatsapp,0.50123423,455.5968564301729,18,437.5968564301729,0.022333115,20.299685187637806,6,14.299685187637806,True
17599,23417,2505.31,whatsapp,0.85141975,2133.0704060453177,18,2115.0704060453177,payment_link,0.91433007,2290.6802557724714,12,2278.6802557724714,0.06291032,157.6098497271537,-6,163.6098497271537,True
31143,17757,665.71,payment_link,0.82420355,548.6805458134413,12,536.6805458134413,payment_link,0.82420355,548.6805458134413,12,536.6805458134413,0.0,0.0,0,0.0,False
98108,1071,2378.09,retry,0.46474463,1105.204551153779,8,1097.204551153779,payment_link,0.53165954,1264.334243835807,12,1252.334243835807,0.066914916,159.129692682028,4,155.129692682028,True
79035,61665,2543.66,payment_link,0.5937959,1510.4148677420615,12,1498.4148677420615,payment_link,0.5937959,1510.4148677420615,12,1498.4148677420615,0.0,0.0,0,0.0,False
95597,25154,719.93,retry,0.69898534,503.22051453828806,8,495.22051453828806,payment_link,0.7421859,534.3218882733584,12,522.3218882733584,0.043200552,31.101373735070297,4,27.101373735070297,True
48565,48146,1015.0,whatsapp,0.8940028,907.4128371477127,18,889.4128371477127,payment_link,0.9187051,932.4856823682785,12,920.4856823682785,0.02470231,25.072845220565796,-6,31.072845220565796,True
83128,42343,2771.97,retry,0.5259955,1458.0437265515327,8,1450.0437265515327,human_escalation,0.6699581,1857.103794994354,250,1607.103794994354,0.14396262,399.0600684428214,242,157.06006844282138,True
61778,78590,3002.37,payment_link,0.92349976,2772.6879834741353,12,2760.6879834741353,payment_link,0.92349976,2772.6879834741353,12,2760.6879834741353,0.0,0.0,0,0.0,False
12556,2154,5348.13,whatsapp,0.7689084,4112.221982148886,18,4094.221982148886,human_escalation,0.8637316,4619.349003288746,250,4369.349003288746,0.09482324,507.1270211398596,232,275.1270211398596,True
88368,68159,6768.1,payment_link,0.92238486,6242.792958319187,12,6230.792958319187,payment_link,0.92238486,6242.792958319187,12,6230.792958319187,0.0,0.0,0,0.0,False
16846,36902,1450.45,retry,0.502267,728.5131745874882,8,720.5131745874882,payment_link,0.52181906,756.8724484413863,12,744.8724484413863,0.019552052,28.359273853898117,4,24.359273853898117,True
43009,3717,928.09,whatsapp,0.25934124,240.69201136589052,18,222.69201136589052,payment_link,0.4148636,385.0307459259033,12,373.0307459259033,0.15552235,144.3387345600128,-6,150.3387345600128,True
73669,92220,1073.17,whatsapp,0.76006454,815.6784648531676,18,797.6784648531676,whatsapp,0.76006454,815.6784648531676,18,797.6784648531676,0.0,0.0,0,0.0,False
59466,70198,1287.16,retry,0.4941332,636.0284951460362,8,628.0284951460362,payment_link,0.56597066,728.4947937679291,12,716.4947937679291,0.071837455,92.46629862189286,4,88.46629862189286,True
8992,66068,1217.53,payment_link,0.7818443,951.9189123886823,12,939.9189123886823,payment_link,0.7818443,951.9189123886823,12,939.9189123886823,0.0,0.0,0,0.0,False
85830,3791,4266.3,whatsapp,0.68932116,2940.8508662581444,18,2922.8508662581444,human_escalation,0.8029845,3425.7726703405383,250,3175.7726703405383,0.113663316,484.9218040823939,232,252.92180408239392,True
60675,67073,2524.74,voice_call,0.42347938,1069.1753253757952,90,979.1753253757952,payment_link,0.59074926,1491.4882961940764,12,1479.4882961940764,0.16726989,422.3129708182812,-78,500.3129708182812,True
77924,46105,3563.47,human_escalation,0.78784025,2807.4450855267046,250,2557.4450855267046,human_escalation,0.78784025,2807.4450855267046,250,2557.4450855267046,0.0,0.0,0,0.0,False
64413,93382,933.91,retry,0.5096089,475.92887057602405,8,467.92887057602405,payment_link,0.5988924,559.3115926247835,12,547.3115926247835,0.08928347,83.38272204875949,4,79.38272204875949,True
28291,22690,2799.79,retry,0.89354426,2501.736274430156,8,2493.736274430156,payment_link,0.9217205,2580.623852024078,12,2568.623852024078,0.028176248,78.88757759392229,4,74.88757759392229,True
32196,20220,1255.83,email,0.7305008,917.3848413884639,5,912.3848413884639,payment_link,0.86731124,1089.1954735779761,12,1077.1954735779761,0.13681042,171.81063218951226,7,164.81063218951226,True
5948,91229,1712.88,retry,0.8860674,1517.7271117401124,8,1509.7271117401124,payment_link,0.91863275,1573.5076575279236,12,1561.5076575279236,0.032565355,55.78054578781121,4,51.78054578781121,True
27156,61042,975.04,retry,0.80436534,784.28837808609,8,776.28837808609,payment_link,0.85571796,834.3592368125916,12,822.3592368125916,0.05135262,50.07085872650157,4,46.07085872650157,True
19928,57016,928.6,payment_link,0.74395484,690.8364619374275,12,678.8364619374275,payment_link,0.74395484,690.8364619374275,12,678.8364619374275,0.0,0.0,0,0.0,False
51876,44829,3369.72,human_escalation,0.9408175,3170.291462931633,250,2920.291462931633,payment_link,0.93220717,3141.277135283947,12,3129.277135283947,-0.008610308,-29.01432764768606,-238,208.98567235231394,True
44833,58298,687.11,whatsapp,0.7994554,549.3138028359414,18,531.3138028359414,payment_link,0.82352805,565.854359381199,12,553.854359381199,0.024072647,16.540556545257573,-6,22.540556545257573,True
23104,89771,505.49,payment_link,0.7803249,394.4464217251539,12,382.4464217251539,payment_link,0.7803249,394.4464217251539,12,382.4464217251539,0.0,0.0,0,0.0,False
90754,71339,666.34,voice_call,0.88101536,587.055775219202,90,497.055775219202,payment_link,0.92388815,615.6236277902127,12,603.6236277902127,0.042872787,28.56785257101069,-78,106.56785257101069,True
55634,98203,3695.24,payment_link,0.68703175,2538.74718875885,12,2526.74718875885,human_escalation,0.78428054,2898.104817304611,250,2648.104817304611,0.09724879,359.35762854576114,238,121.35762854576114,True
91417,62307,801.99,payment_link,0.6907951,554.0107811576128,12,542.0107811576128,payment_link,0.6907951,554.0107811576128,12,542.0107811576128,0.0,0.0,0,0.0,False
56692,91077,1336.95,payment_link,0.93576455,1251.070416676998,12,1239.070416676998,payment_link,0.93576455,1251.070416676998,12,1239.070416676998,0.0,0.0,0,0.0,False
42520,70705,1217.2,retry,0.7349723,894.6082813024522,8,886.6082813024522,payment_link,0.8380042,1020.0186779737473,12,1008.0186779737473,0.10303187,125.41039667129519,4,121.41039667129519,True
98577,48489,2540.94,payment_link,0.771688,1960.8128672504427,12,1948.8128672504427,payment_link,0.771688,1960.8128672504427,12,1948.8128672504427,0.0,0.0,0,0.0,False
13145,86980,2290.12,retry,0.9127115,2090.2188629484176,8,2082.2188629484176,payment_link,0.947016,2168.7802836322785,12,2156.7802836322785,0.0343045,78.56142068386089,4,74.56142068386089,True
75720,10733,2905.44,whatsapp,0.66587836,1934.6696092128755,18,1916.6696092128755,human_escalation,0.76754725,2230.0624814414978,250,1980.0624814414978,0.101668894,295.3928722286223,232,63.39287222862231,True
97487,81148,328.25,voice_call,0.7068311,232.01730778813362,90,142.01730778813362,payment_link,0.795311,261.060827255249,12,249.06082725524902,0.08847988,29.043519467115402,-78,107.0435194671154,True
28167,54635,1076.25,retry,0.72393775,779.1380032896996,8,771.1380032896996,payment_link,0.7589101,816.7770161479712,12,804.7770161479712,0.03497237,37.6390128582716,4,33.6390128582716,True
51327,28946,1495.42,whatsapp,0.8008023,1197.5357611691952,18,1179.5357611691952,payment_link,0.83493155,1248.5733421051502,12,1236.5733421051502,0.034129262,51.03758093595502,-6,57.03758093595502,True
31916,78365,2769.1,whatsapp,0.7909765,2190.293093585968,18,2172.293093585968,payment_link,0.8205344,2272.141829448938,12,2260.141829448938,0.029557884,81.84873586296999,-6,87.84873586296999,True
92923,71133,855.23,retry,0.7897596,675.426082456708,8,667.426082456708,payment_link,0.8672384,741.68829885602,12,729.68829885602,0.077478826,66.26221639931202,4,62.262216399312024,True
96497,64357,9552.14,whatsapp,0.6705369,6405.062112085819,18,6387.062112085819,payment_link,0.74731165,7138.425520733595,12,7126.425520733595,0.076774776,733.3634086477759,-6,739.3634086477759,True
94368,46461,3144.17,retry,0.48163378,1514.3384895670415,8,1506.3384895670415,human_escalation,0.6994671,2199.24354272306,250,1949.2435427230598,0.21783334,684.9050531560183,242,442.9050531560183,True
4289,55317,299.64,retry,0.43977934,131.7754818034172,8,123.7754818034172,payment_link,0.53207624,159.43132442951202,12,147.43132442951202,0.0922969,27.655842626094824,4,23.655842626094824,True
89861,98551,2189.35,payment_link,0.92903984,2033.993364793062,12,2021.993364793062,payment_link,0.92903984,2033.993364793062,12,2021.993364793062,0.0,0.0,0,0.0,False
23381,5981,968.55,retry,0.86487514,837.6748147219419,8,829.6748147219419,payment_link,0.9216734,892.686788123846,12,880.686788123846,0.05679828,55.01197340190413,4,51.01197340190413,True
84004,2899,2769.8,payment_link,0.7612935,2108.6306555867195,12,2096.6306555867195,payment_link,0.7612935,2108.6306555867195,12,2096.6306555867195,0.0,0.0,0,0.0,False
17783,38011,1367.36,email,0.48693764,665.8190542984008,5,660.8190542984008,payment_link,0.5538082,757.2551971435546,12,745.2551971435546,0.06687057,91.43614284515377,7,84.43614284515377,True
82397,73920,2610.82,whatsapp,0.48112208,1256.123139797449,18,1238.123139797449,payment_link,0.54145867,1413.6511152136327,12,1401.6511152136327,0.06033659,157.5279754161836,-6,163.5279754161836,True
50883,3301,2313.74,email,0.5736255,1327.2202758705614,5,1322.2202758705614,payment_link,0.6489675,1501.5420738649366,12,1489.5420738649366,0.075342,174.32179799437517,7,167.32179799437517,True
35060,40595,1515.57,payment_link,0.73369753,1111.9699710094928,12,1099.9699710094928,payment_link,0.73369753,1111.9699710094928,12,1099.9699710094928,0.0,0.0,0,0.0,False
25263,89252,3205.36,retry,0.52188164,1672.8185334539414,8,1664.8185334539414,payment_link,0.6154779,1972.8283043003082,12,1960.8283043003082,0.09359628,300.0097708463668,4,296.0097708463668,True
69612,13376,2878.44,whatsapp,0.73946553,2128.50717366457,18,2110.50717366457,payment_link,0.78156406,2249.6852438664437,12,2237.6852438664437,0.042098522,121.17807020187365,-6,127.17807020187365,True
49240,56437,1357.79,whatsapp,0.630167,855.6344610404968,18,837.6344610404968,payment_link,0.65993613,896.0546780163049,12,884.0546780163049,0.029769123,40.4202169758081,-6,46.4202169758081,True
18133,11856,1751.72,payment_link,0.77376276,1355.4157064080239,12,1343.4157064080239,payment_link,0.77376276,1355.4157064080239,12,1343.4157064080239,0.0,0.0,0,0.0,False
29174,15547,1826.65,whatsapp,0.8589843,1569.0636561661959,18,1551.0636561661959,email,0.8661297,1582.1158098727465,5,1577.1158098727465,0.007145405,13.052153706550598,-13,26.052153706550598,True
36629,10327,2419.62,payment_link,0.57389003,1388.5957953178881,12,1376.5957953178881,payment_link,0.57389003,1388.5957953178881,12,1376.5957953178881,0.0,0.0,0,0.0,False
74690,23130,1283.93,payment_link,0.8501551,1091.5396569657325,12,1079.5396569657325,payment_link,0.8501551,1091.5396569657325,12,1079.5396569657325,0.0,0.0,0,0.0,False
89144,81445,829.5,payment_link,0.70182526,582.1640540957451,12,570.1640540957451,payment_link,0.70182526,582.1640540957451,12,570.1640540957451,0.0,0.0,0,0.0,False
72354,91066,2889.19,payment_link,0.6549651,1892.3186249905825,12,1880.3186249905825,payment_link,0.6549651,1892.3186249905825,12,1880.3186249905825,0.0,0.0,0,0.0,False
36457,91171,2786.89,payment_link,0.84374535,2351.425480796099,12,2339.425480796099,payment_link,0.84374535,2351.425480796099,12,2339.425480796099,0.0,0.0,0,0.0,False
40856,22213,2573.59,retry,0.52635777,1354.629093207121,8,1346.629093207121,payment_link,0.6078025,1564.2344623839856,12,1552.2344623839856,0.08144474,209.60536917686454,4,205.60536917686454,True
45777,56477,2670.87,retry,0.81107086,2166.2648263317346,8,2158.2648263317346,payment_link,0.87753314,2343.7769317513703,12,2331.7769317513703,0.06646228,177.51210541963565,4,173.51210541963565,True
69607,25205,652.88,retry,0.8707344,568.4850708913804,8,560.4850708913804,payment_link,0.9168195,598.5731235456467,12,586.5731235456467,0.04608512,30.088052654266335,4,26.088052654266335,True
18125,12237,4063.54,human_escalation,0.90964055,3696.360763039589,250,3446.360763039589,human_escalation,0.90964055,3696.360763039589,250,3446.360763039589,0.0,0.0,0,0.0,False
30685,81243,8212.65,email,0.7882904,6473.953001064062,5,6468.953001064062,human_escalation,0.90982,7472.033388885855,250,7222.033388885855,0.12152964,998.080387821793,245,753.080387821793,True
48022,76913,2220.02,voice_call,0.48977777,1087.3164529889823,90,997.3164529889823,payment_link,0.63959754,1419.9193199467659,12,1407.9193199467659,0.14981976,332.6028669577836,-78,410.6028669577836,True
60634,65065,2510.99,human_escalation,0.8924799,2241.008095426559,250,1991.008095426559,payment_link,0.91289973,2292.282099535465,12,2280.282099535465,0.020419836,51.274004108905956,-238,289.27400410890596,True
19692,62073,756.98,retry,0.8069754,610.8642566788196,8,602.8642566788196,payment_link,0.86237764,652.8026286411285,12,640.8026286411285,0.05540222,41.938371962308906,4,37.938371962308906,True
80299,92506,697.29,retry,0.3666281,255.64611510694024,8,247.64611510694024,payment_link,0.5096024,355.3406766593456,12,343.3406766593456,0.14297432,99.69456155240536,4,95.69456155240536,True
81519,55387,2282.42,whatsapp,0.72617733,1657.441672461033,18,1639.441672461033,payment_link,0.7480503,1707.3649028789998,12,1695.3649028789998,0.021872938,49.923230417966806,-6,55.923230417966806,True
17876,34630,2330.9,email,0.5764894,1343.7391166865825,5,1338.7391166865825,payment_link,0.69417477,1618.0519633293152,12,1606.0519633293152,0.11768538,274.31284664273267,7,267.31284664273267,True
42772,953,3344.06,email,0.7523424,2515.8781359589098,5,2510.8781359589098,payment_link,0.8126251,2717.4671258461476,12,2705.4671258461476,0.060282707,201.58898988723786,7,194.58898988723786,True
25719,14163,541.52,email,0.53200823,288.0930970811844,5,283.0930970811844,payment_link,0.57072914,309.061241979599,12,297.061241979599,0.038720906,20.968144898414607,7,13.968144898414607,True
85573,10646,2955.44,retry,0.74148047,2191.401039381027,8,2183.401039381027,payment_link,0.8380946,2476.938281259537,12,2464.938281259537,0.09661412,285.5372418785096,4,281.5372418785096,True
58285,98329,3605.02,email,0.6653929,2398.7546246528627,5,2393.7546246528627,human_escalation,0.80881876,2915.8077972853184,250,2665.8077972853184,0.14342588,517.0531726324557,245,272.0531726324557,True
57669,57414,2591.12,email,0.510234,1322.077517671585,5,1317.077517671585,human_escalation,0.73865825,1913.9521631288528,250,1663.9521631288528,0.22842425,591.8746454572679,245,346.8746454572679,True
79753,98475,2191.69,email,0.7027333,1540.1734986615181,5,1535.1734986615181,payment_link,0.8039858,1762.0875821512939,12,1750.0875821512939,0.101252496,221.91408348977575,7,214.91408348977575,True
61041,56164,2597.14,retry,0.62809837,1631.2593971419333,8,1623.2593971419333,payment_link,0.6779286,1760.6755531251429,12,1748.6755531251429,0.049830258,129.4161559832096,4,125.41615598320959,True
65606,89429,2183.22,whatsapp,0.7571194,1652.9582539987562,18,1634.9582539987562,payment_link,0.7729047,1687.4209862101077,12,1675.4209862101077,0.015785277,34.46273221135152,-6,40.46273221135152,True
3018,33668,1180.38,human_escalation,0.87454534,1032.2958234357834,250,782.2958234357834,payment_link,0.77161384,910.7975400781633,12,898.7975400781633,-0.1029315,-121.49828335762015,-238,116.50171664237985,True
11064,91428,2876.08,email,0.81066656,2331.541883125305,5,2326.541883125305,payment_link,0.9075814,2610.2766811323163,12,2598.2766811323163,0.09691483,278.73479800701125,7,271.73479800701125,True
19120,21399,1606.95,payment_link,0.7443547,1196.1408251523972,12,1184.1408251523972,payment_link,0.7443547,1196.1408251523972,12,1184.1408251523972,0.0,0.0,0,0.0,False
73038,29295,1586.2,voice_call,0.8124612,1288.7259512782098,90,1198.7259512782098,payment_link,0.9264605,1469.551652288437,12,1457.551652288437,0.11399931,180.82570101022725,-78,258.82570101022725,True
86468,51781,1637.75,email,0.62001884,1015.4358549416065,5,1010.4358549416065,payment_link,0.7198391,1178.916479587555,12,1166.916479587555,0.099820256,163.4806246459484,7,156.4806246459484,True
54702,15297,2436.32,human_escalation,0.8292216,2020.2491837501527,250,1770.2491837501527,payment_link,0.8701053,2119.8550082683564,12,2107.8550082683564,0.04088372,99.60582451820369,-238,337.6058245182037,True
5010,59792,1104.33,retry,0.68104964,752.1035544043779,8,744.1035544043779,payment_link,0.77584296,856.7866611510515,12,844.7866611510515,0.09479332,104.68310674667362,4,100.68310674667362,True
64137,51287,1711.29,retry,0.6750813,1155.259899535775,8,1147.259899535775,payment_link,0.72222966,1235.9443941038846,12,1223.9443941038846,0.047148347,80.68449456810959,4,76.68449456810959,True
61670,40765,2275.04,whatsapp,0.8772772,1995.8407107448577,18,1977.8407107448577,payment_link,0.9038291,2056.2473505401613,12,2044.2473505401613,0.026551902,60.40663979530359,-6,66.40663979530359,True
30200,94428,2862.55,retry,0.73198473,2095.3429018437864,8,2087.3429018437864,human_escalation,0.8830085,2527.6559246301654,250,2277.6559246301654,0.15102375,432.31302278637895,242,190.31302278637895,True
71056,43061,2430.28,retry,0.47906712,1164.267233043909,8,1156.267233043909,payment_link,0.617445,1500.5642153167726,12,1488.5642153167726,0.13837788,336.2969822728635,4,332.2969822728635,True
58082,2517,1544.75,payment_link,0.71976566,1111.858008146286,12,1099.858008146286,payment_link,0.71976566,1111.858008146286,12,1099.858008146286,0.0,0.0,0,0.0,False
84952,91982,862.1,retry,0.67470616,581.6641814172268,8,573.6641814172268,retry,0.67470616,581.6641814172268,8,573.6641814172268,0.0,0.0,0,0.0,False
36645,31934,1829.94,email,0.45091137,825.1407577246428,5,820.1407577246428,payment_link,0.5687991,1040.868185645342,12,1028.868185645342,0.117887706,215.72742792069926,7,208.72742792069926,True
94670,30172,827.18,whatsapp,0.7671342,634.5580589580536,18,616.5580589580536,payment_link,0.76137406,629.7933919227123,12,617.7933919227123,-0.0057601333,-4.76466703534129,-6,1.23533296465871,True
45747,18812,999.18,whatsapp,0.6908159,690.249456539154,18,672.249456539154,whatsapp,0.6908159,690.249456539154,18,672.249456539154,0.0,0.0,0,0.0,False
75030,14410,2168.39,whatsapp,0.84895283,1840.860826691985,18,1822.860826691985,payment_link,0.9102893,1973.8621882677078,12,1961.8621882677078,0.061336458,133.00136157572274,-6,139.00136157572274,True
68054,95501,1723.78,payment_link,0.59890187,1032.3750617909432,12,1020.3750617909432,payment_link,0.59890187,1032.3750617909432,12,1020.3750617909432,0.0,0.0,0,0.0,False
4981,40445,1231.38,whatsapp,0.5033472,619.8116973459721,18,601.8116973459721,payment_link,0.5069252,624.2175838780404,12,612.2175838780404,0.0035780072,4.40588653206828,-6,10.40588653206828,True
12277,60044,5753.45,retry,0.6426348,3697.367241939902,8,3689.367241939902,retry,0.6426348,3697.367241939902,8,3689.367241939902,0.0,0.0,0,0.0,False
56438,8515,4452.4,whatsapp,0.6363226,2833.162822294235,18,2815.162822294235,payment_link,0.6607518,2941.931401634216,12,2929.931401634216,0.024429202,108.76857933998099,-6,114.76857933998099,True
61265,53378,1249.55,retry,0.67401737,842.2184043675661,8,834.2184043675661,payment_link,0.7128579,890.7515915066003,12,878.7515915066003,0.038840532,48.533187139034226,4,44.533187139034226,True
43890,5024,2238.6,payment_link,0.7854943,1758.4076016426086,12,1746.4076016426086,payment_link,0.7854943,1758.4076016426086,12,1746.4076016426086,0.0,0.0,0,0.0,False
13036,38141,4181.17,whatsapp,0.581123,2429.7740305912494,18,2411.7740305912494,human_escalation,0.6815097,2849.507801946998,250,2599.507801946998,0.10038668,419.73377135574856,232,187.73377135574856,True
59996,25394,2294.96,voice_call,0.4370782,1003.0770036149025,90,913.0770036149025,payment_link,0.57462907,1318.7507267570495,12,1306.7507267570495,0.13755086,315.67372314214697,-78,393.67372314214697,True
48041,97403,2044.34,email,0.71401924,1459.6980909526349,5,1454.6980909526349,payment_link,0.7607751,1555.282945985794,12,1543.282945985794,0.04675585,95.5848550331591,7,88.5848550331591,True
94403,40987,1657.43,whatsapp,0.7602916,1260.130067448616,18,1242.130067448616,payment_link,0.7781829,1289.783723383546,12,1277.783723383546,0.017891347,29.65365593492993,-6,35.65365593492993,True
37317,62365,2107.44,human_escalation,0.7437876,1567.4877116918565,250,1317.4877116918565,human_escalation,0.7437876,1567.4877116918565,250,1317.4877116918565,0.0,0.0,0,0.0,False
93096,8515,2026.82,retry,0.7620537,1544.545737195015,8,1536.545737195015,payment_link,0.8417937,1706.1643393695354,12,1694.1643393695354,0.07973999,161.61860217452045,4,157.61860217452045,True
7032,79466,4518.13,voice_call,0.5338808,2412.1427242928744,90,2322.1427242928744,human_escalation,0.7204375,3255.030402522087,250,3005.030402522087,0.18655676,842.8876782292127,160,682.8876782292127,True
67829,1970,3009.01,whatsapp,0.8942529,2690.8159075224403,18,2672.8159075224403,payment_link,0.913111,2747.560044205189,12,2735.560044205189,0.018858075,56.74413668274883,-6,62.74413668274883,True
78073,89886,812.18,email,0.4846976,393.66170500338075,5,388.66170500338075,payment_link,0.52967566,430.1919795835018,12,418.1919795835018,0.044978052,36.530274580121045,7,29.530274580121045,True
38833,20179,2907.73,voice_call,0.56630975,1646.6758496004343,90,1556.6758496004343,payment_link,0.6564143,1908.6754664731027,12,1896.6754664731027,0.09010452,261.9996168726684,-78,339.9996168726684,True
13064,75139,697.36,whatsapp,0.87672013,611.3895501661301,18,593.3895501661301,payment_link,0.8901264,620.738551287651,12,608.738551287651,0.013406277,9.349001121520928,-6,15.349001121520928,True
39410,94559,214.1,whatsapp,0.8909604,190.75462064146996,18,172.75462064146996,payment_link,0.92924255,198.95083023905752,12,186.95083023905752,0.038282156,8.196209597587568,-6,14.196209597587568,True
43293,54213,1694.29,retry,0.89698625,1519.7548269200324,8,1511.7548269200324,payment_link,0.9209759,1560.4002974915504,12,1548.4002974915504,0.023989677,40.64547057151799,4,36.64547057151799,True
39562,284,2640.76,voice_call,0.6107782,1612.918672566414,90,1522.918672566414,human_escalation,0.7998482,2112.207129702568,250,1862.2071297025682,0.18906999,499.2884571361542,160,339.2884571361542,True
60040,77232,989.75,email,0.84733003,838.6449009329081,5,833.6449009329081,payment_link,0.9347502,925.1690097749233,12,913.1690097749233,0.087420166,86.52410884201527,7,79.52410884201527,True
13490,55142,3282.39,whatsapp,0.5063038,1661.8864881706238,18,1643.8864881706238,human_escalation,0.669215,2196.6247010439633,250,1946.6247010439633,0.16291124,534.7382128733395,232,302.73821287333953,True
69385,11984,6977.05,payment_link,0.7832183,5464.553408750892,12,5452.553408750892,payment_link,0.7832183,5464.553408750892,12,5452.553408750892,0.0,0.0,0,0.0,False
74050,48605,2773.04,human_escalation,0.76278365,2115.2295633220674,250,1865.2295633220674,payment_link,0.70728683,1961.3346841430664,12,1949.3346841430664,-0.055496812,-153.894879179001,-238,84.10512082099899,True
58950,14477,2252.13,retry,0.49675092,1118.7476517364382,8,1110.7476517364382,payment_link,0.5341174,1202.9018215173483,12,1190.9018215173483,0.03736648,84.15416978091002,4,80.15416978091002,True
10179,55175,4765.71,payment_link,0.54499847,2597.3046440166236,12,2585.3046440166236,human_escalation,0.5990378,2854.8405580383537,250,2604.8405580383537,0.05403936,257.53591402173015,238,19.53591402173015,True
30844,63941,532.6,retry,0.50345486,268.1400605797768,8,260.1400605797768,payment_link,0.5774171,307.53233448266985,12,295.53233448266985,0.07396221,39.392273902893066,4,35.392273902893066,True
13008,66434,2939.55,whatsapp,0.88436764,2599.6429102331404,18,2581.6429102331404,whatsapp,0.88436764,2599.6429102331404,18,2581.6429102331404,0.0,0.0,0,0.0,False
29380,55517,2375.4,email,0.4317223,1025.51318269372,5,1020.51318269372,payment_link,0.48936838,1162.4456477522851,12,1150.4456477522851,0.057646066,136.93246505856519,7,129.93246505856519,True
14551,82179,15545.35,voice_call,0.43135682,6705.592702673376,90,6615.592702673376,human_escalation,0.69697416,10834.707231527567,250,10584.707231527567,0.26561734,4129.114528854191,160,3969.114528854191,True
39260,31588,2194.45,retry,0.6300667,1382.6498540788887,8,1374.6498540788887,payment_link,0.7291209,1600.0193813174963,12,1588.0193813174963,0.09905422,217.3695272386076,4,213.3695272386076,True
60283,43072,2624.49,payment_link,0.691082,1813.7378001022337,12,1801.7378001022337,payment_link,0.691082,1813.7378001022337,12,1801.7378001022337,0.0,0.0,0,0.0,False
57571,83581,1736.9,voice_call,0.84063834,1460.104731911421,90,1370.104731911421,payment_link,0.9276602,1611.2530479669572,12,1599.2530479669572,0.08702189,151.14831605553627,-78,229.14831605553627,True
79646,82963,4184.23,payment_link,0.6260125,2619.3803000336884,12,2607.3803000336884,human_escalation,0.71705353,3000.316902712583,250,2750.316902712583,0.09104103,380.9366026788948,238,142.93660267889481,True
54216,57101,1027.8,human_escalation,0.58815444,604.505128455162,250,354.505128455162,payment_link,0.5402523,555.2713426351547,12,543.2713426351547,-0.047902107,-49.233785820007256,-238,188.76621417999274,True
21677,43248,2233.52,payment_link,0.6240203,1393.7617723321914,12,1381.7617723321914,payment_link,0.6240203,1393.7617723321914,12,1381.7617723321914,0.0,0.0,0,0.0,False
43831,19092,2727.67,whatsapp,0.84778476,2312.4770498013495,18,2294.4770498013495,payment_link,0.8815065,2404.458842024207,12,2392.458842024207,0.033721745,91.98179222285762,-6,97.98179222285762,True
22515,54774,1167.93,email,0.64264953,750.5696671664715,5,745.5696671664715,payment_link,0.7440652,869.0160983794929,12,857.0160983794929,0.101415694,118.44643121302136,7,111.44643121302136,True
42976,44821,1905.95,email,0.7034505,1340.7414823144675,5,1335.7414823144675,whatsapp,0.7518819,1433.049302443862,18,1415.049302443862,0.048431396,92.30782012939449,13,79.30782012939449,True
21861,76793,1896.75,voice_call,0.64963603,1232.197140276432,90,1142.197140276432,payment_link,0.7380667,1399.9279625415802,12,1387.9279625415802,0.08843064,167.73082226514816,-78,245.73082226514816,True
4255,43336,2011.83,human_escalation,0.7379754,1484.6810863369703,250,1234.6810863369703,payment_link,0.66653836,1340.9618642413616,12,1328.9618642413616,-0.07143706,-143.71922209560876,-238,94.28077790439124,True
74187,44513,3404.13,retry,0.36998108,1259.4636948600412,8,1251.4636948600412,payment_link,0.45677474,1554.9206004801392,12,1542.9206004801392,0.08679366,295.45690562009804,4,291.45690562009804,True
34133,39921,1664.5,payment_link,0.54962075,914.8437343239784,12,902.8437343239784,payment_link,0.54962075,914.8437343239784,12,902.8437343239784,0.0,0.0,0,0.0,False
47861,40150,432.73,retry,0.64486057,279.05051257908343,8,271.05051257908343,payment_link,0.7505836,324.80003650128845,12,312.80003650128845,0.10572302,45.749523922205015,4,41.749523922205015,True
94457,59826,2856.19,whatsapp,0.511287,1460.3327421355248,18,1442.3327421355248,human_escalation,0.65573525,1872.9044759440421,250,1622.9044759440421,0.14444828,412.57173380851737,232,180.57173380851737,True
21287,51629,3015.55,payment_link,0.9274022,2796.6276991277937,12,2784.6276991277937,payment_link,0.9274022,2796.6276991277937,12,2784.6276991277937,0.0,0.0,0,0.0,False
67312,7264,640.02,human_escalation,0.7498372,479.9108173620701,250,229.91081736207008,payment_link,0.7520669,481.3378639090061,12,469.3378639090061,0.0022296906,1.427046546936026,-238,239.42704654693603,True
20758,18867,8424.63,payment_link,0.89348346,7527.2675611943,12,7515.2675611943,payment_link,0.89348346,7527.2675611943,12,7515.2675611943,0.0,0.0,0,0.0,False
32431,82753,5963.72,retry,0.4573959,2727.7811436414718,8,2719.7811436414718,payment_link,0.59164274,3528.391625819206,12,3516.391625819206,0.13424683,800.6104821777344,4,796.6104821777344,True
70511,62495,1010.85,voice_call,0.5374975,543.3293685436249,90,453.3293685436249,payment_link,0.65911955,666.2709934920073,12,654.2709934920073,0.121622026,122.94162494838235,-78,200.94162494838235,True
97363,2843,1237.21,human_escalation,0.63581777,786.6400985074043,250,536.6400985074043,payment_link,0.63385683,784.2140123325587,12,772.2140123325587,-0.0019609332,-2.4260861748456364,-238,235.57391382515436,True
44269,17322,1478.29,voice_call,0.7137934,1055.1936407768726,90,965.1936407768726,payment_link,0.7915071,1170.07706766963,12,1158.07706766963,0.07771373,114.88342689275737,-78,192.88342689275737,True
49224,81687,2158.44,payment_link,0.6946566,1499.3746143436433,12,1487.3746143436433,whatsapp,0.7108059,1534.2318715667725,18,1516.2318715667725,0.016149282,34.85725722312918,6,28.85725722312918,True
51782,7785,1957.66,whatsapp,0.49097773,961.1674713832141,18,943.1674713832141,payment_link,0.57708657,1129.739290473461,12,1117.739290473461,0.08610883,168.571819090247,-6,174.571819090247,True
16136,8064,2247.72,voice_call,0.5989459,1346.2627136349677,90,1256.2627136349677,payment_link,0.74189323,1667.5682551360128,12,1655.5682551360128,0.14294732,321.3055415010451,-78,399.3055415010451,True
89243,26635,891.13,payment_link,0.81203806,723.6314799749852,12,711.6314799749852,payment_link,0.81203806,723.6314799749852,12,711.6314799749852,0.0,0.0,0,0.0,False
8408,95670,1045.49,retry,0.74762696,781.6365107005835,8,773.6365107005835,payment_link,0.85141104,890.1417330163717,12,878.1417330163717,0.103784084,108.50522231578827,4,104.50522231578827,True
71211,81238,1698.79,retry,0.4645429,789.1608255407214,8,781.1608255407214,payment_link,0.5193266,882.2268811136483,12,870.2268811136483,0.05478373,93.06605557292698,4,89.06605557292698,True
90295,83990,471.92,payment_link,0.8492624,400.7839195299149,12,388.7839195299149,payment_link,0.8492624,400.7839195299149,12,388.7839195299149,0.0,0.0,0,0.0,False
52355,5037,628.64,voice_call,0.8685259,545.9901357936859,90,455.9901357936859,payment_link,0.938348,589.8830837535858,12,577.8830837535858,0.06982207,43.89294795989986,-78,121.89294795989986,True
62362,14255,2707.89,retry,0.7698707,2084.725165631175,8,2076.725165631175,payment_link,0.82139677,2224.2520943516492,12,2212.2520943516492,0.05152607,139.5269287204742,4,135.5269287204742,True
18625,29960,1595.52,whatsapp,0.8864298,1414.3164532470703,18,1396.3164532470703,payment_link,0.91438615,1458.9213951873778,12,1446.9213951873778,0.027956367,44.604941940307526,-6,50.604941940307526,True
79734,13055,2711.38,retry,0.684285,1855.3566228067875,8,1847.3566228067875,payment_link,0.7427181,2013.7910034632685,12,2001.7910034632685,0.058433115,158.43438065648093,4,154.43438065648093,True
7143,96648,622.83,email,0.48250306,300.51737869620325,5,295.51737869620325,payment_link,0.6041491,376.28218592405324,12,364.28218592405324,0.12164605,75.76480722784999,7,68.76480722784999,True
48897,56248,2159.59,email,0.73026824,1577.0799883675577,5,1572.0799883675577,payment_link,0.80791295,1744.7607185065747,12,1732.7607185065747,0.077644706,167.680730139017,7,160.680730139017,True
15321,73879,8825.89,payment_link,0.82392156,7271.841068142652,12,7259.841068142652,payment_link,0.82392156,7271.841068142652,12,7259.841068142652,0.0,0.0,0,0.0,False
20554,33914,3307.17,retry,0.50788486,1679.661572574377,8,1671.661572574377,payment_link,0.57846147,1913.070413852334,12,1901.070413852334,0.07057661,233.40884127795698,4,229.40884127795698,True
11352,87971,1167.55,whatsapp,0.80681324,941.9947984218597,18,923.9947984218597,payment_link,0.8275743,966.2343887776136,12,954.2343887776136,0.020761073,24.239590355753876,-6,30.239590355753876,True
22707,97691,4532.06,human_escalation,0.8588067,3892.1636256670954,250,3642.1636256670954,human_escalation,0.8588067,3892.1636256670954,250,3642.1636256670954,0.0,0.0,0,0.0,False
69544,4547,3179.51,payment_link,0.9582366,3046.7227729809288,12,3034.7227729809288,payment_link,0.9582366,3046.7227729809288,12,3034.7227729809288,0.0,0.0,0,0.0,False
99103,75195,2980.37,email,0.4460101,1329.2751597738265,5,1324.2751597738265,payment_link,0.5113911,1524.1347024458646,12,1512.1347024458646,0.06538099,194.85954267203806,7,187.85954267203806,True
5182,81303,1794.66,email,0.8814048,1581.8219690644742,5,1576.8219690644742,whatsapp,0.892196,1601.1884726822377,18,1583.1884726822377,0.0107911825,19.366503617763556,13,6.366503617763556,True
4308,24276,2676.96,voice_call,0.4395718,1176.716119966507,90,1086.716119966507,payment_link,0.61842537,1655.499976501465,12,1643.499976501465,0.17885357,478.783856534958,-78,556.783856534958,True
37887,17078,907.92,email,0.7125191,646.9103496694564,5,641.9103496694564,payment_link,0.8021172,728.2582741069793,12,716.2582741069793,0.08959812,81.34792443752292,7,74.34792443752292,True
21699,45749,1879.53,voice_call,0.477524,897.5207068893313,90,807.5207068893313,whatsapp,0.5928824,1114.3402474808693,18,1096.3402474808693,0.11535838,216.81954059153793,-72,288.81954059153793,True
10430,84964,2079.22,retry,0.8275687,1720.6974128949641,8,1712.6974128949641,payment_link,0.90040606,1872.142293485403,12,1860.142293485403,0.07283735,151.44488059043874,4,147.44488059043874,True
33352,98828,2313.19,retry,0.7055802,1632.1410048300029,8,1624.1410048300029,payment_link,0.77721465,1797.8451477658748,12,1785.8451477658748,0.07163447,165.70414293587191,4,161.70414293587191,True
35613,97448,2179.56,payment_link,0.7760211,1691.384598698616,12,1679.384598698616,payment_link,0.7760211,1691.384598698616,12,1679.384598698616,0.0,0.0,0,0.0,False
4942,80275,2349.28,whatsapp,0.45119333,1059.979472579956,18,1041.979472579956,payment_link,0.5097287,1197.4955101680757,12,1185.4955101680757,0.058535397,137.51603758811962,-6,143.51603758811962,True
45516,11917,3016.47,voice_call,0.44510362,1342.6417031148076,90,1252.6417031148076,human_escalation,0.67276734,2029.3825015193222,250,1779.3825015193222,0.22766373,686.7407984045146,160,526.7407984045146,True
55837,22999,2003.97,payment_link,0.7376404,1478.2091940307616,12,1466.2091940307616,payment_link,0.7376404,1478.2091940307616,12,1466.2091940307616,0.0,0.0,0,0.0,False
5775,64209,1548.79,payment_link,0.87893784,1361.2901379287243,12,1349.2901379287243,payment_link,0.87893784,1361.2901379287243,12,1349.2901379287243,0.0,0.0,0,0.0,False
25496,43162,770.71,retry,0.5205637,401.2036659181118,8,393.2036659181118,payment_link,0.5763484,444.1974938285351,12,432.1974938285351,0.055784702,42.99382791042325,4,38.99382791042325,True
84492,13723,7162.45,retry,0.70044196,5016.880491477251,8,5008.880491477251,human_escalation,0.79386544,5686.021537029743,250,5436.021537029743,0.093423486,669.141045552492,242,427.14104555249196,True
60038,74395,5189.82,payment_link,0.5191816,2694.459098818302,12,2682.459098818302,payment_link,0.5191816,2694.459098818302,12,2682.459098818302,0.0,0.0,0,0.0,False
29957,84549,4480.87,voice_call,0.70339876,3151.8384202426673,90,3061.8384202426673,human_escalation,0.917948,4113.205688741207,250,3863.2056887412073,0.21454924,961.3672684985399,160,801.3672684985399,True
35492,1894,696.77,retry,0.7091025,494.08135687232016,8,486.08135687232016,payment_link,0.7698663,536.4197332865,12,524.4197332865,0.060763776,42.338376414179834,4,38.338376414179834,True
70986,45397,2021.61,payment_link,0.7251853,1466.0418039500712,12,1454.0418039500712,payment_link,0.7251853,1466.0418039500712,12,1454.0418039500712,0.0,0.0,0,0.0,False
34660,32828,1599.56,payment_link,0.82249755,1315.6341757559776,12,1303.6341757559776,payment_link,0.82249755,1315.6341757559776,12,1303.6341757559776,0.0,0.0,0,0.0,False
88064,43762,566.07,retry,0.6961382,394.0629526537657,8,386.0629526537657,payment_link,0.7736167,437.9211892712117,12,425.9211892712117,0.07747847,43.85823661744598,4,39.85823661744598,True
72502,74756,277.8,whatsapp,0.84277844,234.12385182380677,18,216.12385182380677,email,0.8768071,243.57701060771944,5,238.57701060771944,0.03402865,9.45315878391267,-13,22.45315878391267,True
70663,67742,1525.4,retry,0.78111833,1191.517905676365,8,1183.517905676365,payment_link,0.82699484,1261.4979233384133,12,1249.4979233384133,0.045876503,69.98001766204834,4,65.98001766204834,True
79733,58578,5279.31,human_escalation,0.6322685,3337.941353532672,250,3087.941353532672,payment_link,0.61238825,3232.9874290645125,12,3220.9874290645125,-0.019880235,-104.95392446815958,-238,133.04607553184042,True
30682,90558,6689.03,retry,0.91181046,6099.1275059121845,8,6091.1275059121845,payment_link,0.92003524,6154.143341714143,12,6142.143341714143,0.008224785,55.01583580195893,4,51.01583580195893,True
81071,5800,3595.68,voice_call,0.40699938,1463.4395285081862,90,1373.4395285081862,payment_link,0.6016537,2163.3541584205627,12,2151.3541584205627,0.19465432,699.9146299123765,-78,777.9146299123765,True
808,83921,2560.06,voice_call,0.55332845,1416.554043213129,90,1326.554043213129,payment_link,0.68816525,1761.744323362112,12,1749.744323362112,0.1348368,345.190280148983,-78,423.190280148983,True
67265,23425,829.22,payment_link,0.86032313,713.3971467578411,12,701.3971467578411,payment_link,0.86032313,713.3971467578411,12,701.3971467578411,0.0,0.0,0,0.0,False
66132,97473,3524.21,whatsapp,0.49219683,1734.604983653128,18,1716.604983653128,human_escalation,0.636768,2244.1040949070452,250,1994.1040949070452,0.14457116,509.49911125391714,232,277.49911125391714,True
13309,18685,2198.7,retry,0.6693368,1471.6708129405974,8,1463.6708129405974,payment_link,0.6928457,1523.3598453640936,12,1511.3598453640936,0.023508906,51.6890324234962,4,47.6890324234962,True
21738,42398,3906.14,retry,0.6349615,2480.2484583878518,8,2472.2484583878518,payment_link,0.7271996,2840.543500417471,12,2828.543500417471,0.09223813,360.29504202961925,4,356.29504202961925,True
86352,22814,851.58,payment_link,0.7363899,627.0948901033402,12,615.0948901033402,payment_link,0.7363899,627.0948901033402,12,615.0948901033402,0.0,0.0,0,0.0,False
31968,34802,2824.62,retry,0.87862664,2481.786392902136,8,2473.786392902136,payment_link,0.9291418,2624.4725661313532,12,2612.4725661313532,0.050515175,142.68617322921727,4,138.68617322921727,True
61719,50826,3285.88,human_escalation,0.8224211,2702.3769583511353,250,2452.3769583511353,payment_link,0.79522777,2613.023011865616,12,2601.023011865616,-0.027193308,-89.35394648551937,-238,148.64605351448063,True
41628,58891,988.05,retry,0.72539705,716.7285556286573,8,708.7285556286573,payment_link,0.80195874,792.3753328174353,12,780.3753328174353,0.07656169,75.64677718877795,4,71.64677718877795,True
6960,65852,4140.3,voice_call,0.37150443,1538.1397749781609,90,1448.1397749781609,human_escalation,0.61376107,2541.1549473166465,250,2291.1549473166465,0.24225664,1003.0151723384856,160,843.0151723384856,True
11566,732,2828.71,email,0.6188145,1750.4468434661626,5,1745.4468434661626,payment_link,0.6900534,1951.9609626680613,12,1939.9609626680613,0.071238875,201.51411920189867,7,194.51411920189867,True
8640,70117,1722.54,email,0.63635194,1096.1416759228707,5,1091.1416759228707,payment_link,0.740444,1275.4444155728818,12,1263.4444155728818,0.10409206,179.30273965001106,7,172.30273965001106,True
96336,72359,728.71,payment_link,0.8063449,587.5916112858057,12,575.5916112858057,payment_link,0.8063449,587.5916112858057,12,575.5916112858057,0.0,0.0,0,0.0,False
26711,73304,1246.75,payment_link,0.55345494,690.0199408978224,12,678.0199408978224,payment_link,0.55345494,690.0199408978224,12,678.0199408978224,0.0,0.0,0,0.0,False
48328,75647,2086.23,whatsapp,0.72157985,1505.3815298813581,18,1487.3815298813581,human_escalation,0.8455172,1763.9433859437704,250,1513.9433859437704,0.12393737,258.5618560624123,232,26.56185606241229,True
26760,600,540.74,retry,0.64061654,346.40698575258256,8,338.40698575258256,payment_link,0.7396869,399.9782977330685,12,387.9782977330685,0.09907037,53.571311980485916,4,49.571311980485916,True
19852,51354,1611.12,human_escalation,0.7349621,1184.1121478176117,250,934.1121478176117,payment_link,0.6876015,1107.8085394906998,12,1095.8085394906998,-0.0473606,-76.3036083269119,-238,161.6963916730881,True
23403,63326,3794.01,human_escalation,0.79651207,3021.9747485250236,250,2771.9747485250236,payment_link,0.73406935,2785.066444659233,12,2773.066444659233,-0.06244272,-236.90830386579046,-238,1.091696134209542,True
34222,73960,825.95,payment_link,0.72086334,595.3970775604248,12,583.3970775604248,payment_link,0.72086334,595.3970775604248,12,583.3970775604248,0.0,0.0,0,0.0,False
77807,14513,1559.72,voice_call,0.5661065,882.9676274371147,90,792.9676274371147,payment_link,0.70038664,1092.4070554590226,12,1080.4070554590226,0.13428015,209.43942802190782,-78,287.4394280219078,True
15810,81780,1154.3,payment_link,0.6378479,736.2678314208985,12,724.2678314208985,payment_link,0.6378479,736.2678314208985,12,724.2678314208985,0.0,0.0,0,0.0,False
13902,80614,1246.33,whatsapp,0.8980925,1119.3196358895302,18,1101.3196358895302,payment_link,0.9216366,1148.6633205223084,12,1136.6633205223084,0.023544073,29.34368463277815,-6,35.34368463277815,True
58743,71802,979.34,payment_link,0.7469501,731.5181010735035,12,719.5181010735035,payment_link,0.7469501,731.5181010735035,12,719.5181010735035,0.0,0.0,0,0.0,False
65443,93253,1022.44,voice_call,0.76998943,787.2679937338829,90,697.2679937338829,payment_link,0.8982958,918.4535779547692,12,906.4535779547692,0.12830639,131.1855842208863,-78,209.1855842208863,True
65223,85506,1943.4,whatsapp,0.88547504,1720.8321917295457,18,1702.8321917295457,payment_link,0.92724186,1802.0018342614176,12,1790.0018342614176,0.041766822,81.16964253187189,-6,87.16964253187189,True
95867,21015,1254.18,human_escalation,0.7870197,987.0644044876099,250,737.0644044876099,payment_link,0.7215473,904.9501997172833,12,892.9501997172833,-0.065472424,-82.11420477032652,-238,155.88579522967348,True
10737,88196,3451.56,human_escalation,0.4652597,1605.8717736303806,250,1355.8717736303806,payment_link,0.57111233,1971.2284900546074,12,1959.2284900546074,0.10585263,365.35671642422676,-238,603.3567164242268,True
8849,16150,3501.06,email,0.7936921,2778.7637055301666,5,2773.7637055301666,payment_link,0.865184,3029.0611268126963,12,3017.0611268126963,0.0714919,250.29742128252974,7,243.29742128252974,True
98931,56587,7239.23,email,0.5681014,4112.616742062569,5,4107.616742062569,human_escalation,0.7434613,5382.087425442338,250,5132.087425442338,0.1753599,1269.470683379769,245,1024.470683379769,True
80706,55105,844.7,payment_link,0.8894129,751.2870596885682,12,739.2870596885682,payment_link,0.8894129,751.2870596885682,12,739.2870596885682,0.0,0.0,0,0.0,False
87880,94372,1518.23,payment_link,0.92963254,1411.39601806283,12,1399.39601806283,payment_link,0.92963254,1411.39601806283,12,1399.39601806283,0.0,0.0,0,0.0,False
2151,93807,2020.43,retry,0.5273799,1065.5341115820409,8,1057.5341115820409,payment_link,0.5691498,1149.9273146432638,12,1137.9273146432638,0.04176992,84.39320306122295,4,80.39320306122295,True
36957,72159,8079.24,payment_link,0.709948,5735.840306117534,12,5723.840306117534,human_escalation,0.7423023,5997.238422503471,250,5747.238422503471,0.032354295,261.3981163859371,238,23.3981163859371,True
93523,84918,2325.86,retry,0.71070534,1653.001121879816,8,1645.001121879816,payment_link,0.75467384,1755.265694282055,12,1743.265694282055,0.0439685,102.26457240223885,4,98.26457240223885,True
80197,9796,2762.63,whatsapp,0.91739625,2534.426394918561,18,2516.426394918561,payment_link,0.92878133,2565.879167315364,12,2553.879167315364,0.011385083,31.452772396803084,-6,37.452772396803084,True
90679,99031,3265.37,human_escalation,0.69380575,2265.5324955421684,250,2015.5324955421684,human_escalation,0.69380575,2265.5324955421684,250,2015.5324955421684,0.0,0.0,0,0.0,False
82814,71087,2341.88,voice_call,0.43139258,1010.2696558845043,90,920.2696558845043,payment_link,0.5716149,1338.6535514092445,12,1326.6535514092445,0.14022234,328.3838955247402,-78,406.3838955247402,True
28941,74663,1788.54,retry,0.50449395,902.3076125478744,8,894.3076125478744,payment_link,0.6415726,1147.4782484221457,12,1135.4782484221457,0.13707864,245.17063587427128,4,241.17063587427128,True
54382,46531,1109.62,retry,0.6316579,700.9002372515201,8,692.9002372515201,payment_link,0.6929494,768.9105290436744,12,756.9105290436744,0.061291516,68.01029179215425,4,64.01029179215425,True
98937,20144,1297.16,payment_link,0.79785764,1034.9490191221237,12,1022.9490191221237,payment_link,0.79785764,1034.9490191221237,12,1022.9490191221237,0.0,0.0,0,0.0,False
84446,37698,1082.21,payment_link,0.7251247,784.7372197234631,12,772.7372197234631,payment_link,0.7251247,784.7372197234631,12,772.7372197234631,0.0,0.0,0,0.0,False
94424,70852,1302.4,retry,0.6429695,837.403462600708,8,829.403462600708,payment_link,0.6902228,898.9461744308472,12,886.9461744308472,0.04725331,61.54271183013918,4,57.54271183013918,True
93245,3657,1340.25,payment_link,0.69354486,929.5235048532486,12,917.5235048532486,payment_link,0.69354486,929.5235048532486,12,917.5235048532486,0.0,0.0,0,0.0,False
67335,28398,1882.51,voice_call,0.65471447,1232.506527773142,90,1142.506527773142,whatsapp,0.7195773,1354.6114864969254,18,1336.6114864969254,0.06486285,122.10495872378351,-72,194.1049587237835,True
30030,16206,2278.52,human_escalation,0.8656984,1972.511111896038,250,1722.511111896038,payment_link,0.78520244,1789.0994717907906,12,1777.0994717907906,-0.08049595,-183.41164010524744,-238,54.58835989475256,True
18240,29932,1477.9,whatsapp,0.9121843,1348.1171740710736,18,1330.1171740710736,payment_link,0.92560244,1367.9478402614595,12,1355.9478402614595,0.013418138,19.830666190385955,-6,25.830666190385955,True
9174,591,2965.87,retry,0.51221365,1519.1590903121232,8,1511.1590903121232,payment_link,0.62028605,1839.6877795761823,12,1827.6877795761823,0.1080724,320.52868926405904,4,316.52868926405904,True
27229,27631,965.24,payment_link,0.90174854,870.4037588357926,12,858.4037588357926,payment_link,0.90174854,870.4037588357926,12,858.4037588357926,0.0,0.0,0,0.0,False
44458,23209,3061.1,payment_link,0.69979113,2142.130638462305,12,2130.130638462305,payment_link,0.69979113,2142.130638462305,12,2130.130638462305,0.0,0.0,0,0.0,False
19986,72456,4868.61,email,0.61167294,2977.9969820433853,5,2972.9969820433853,human_escalation,0.68128794,3316.925298580527,250,3066.925298580527,0.06961501,338.92831653714165,245,93.92831653714165,True
84598,90608,2840.73,voice_call,0.68177086,1936.7269383913278,90,1846.7269383913278,payment_link,0.8150489,2315.3337862032654,12,2303.3337862032654,0.13327801,378.60684781193754,-78,456.60684781193754,True
35395,65384,7154.61,email,0.6404843,4582.415187551379,5,4577.415187551379,human_escalation,0.7982094,5710.877161295413,250,5460.877161295413,0.15772516,1128.4619737440344,245,883.4619737440344,True
66940,31861,938.57,human_escalation,0.7968837,747.9311364471913,250,497.9311364471913,payment_link,0.7552082,708.8157548826933,12,696.8157548826933,-0.041675508,-39.115381564497966,-238,198.88461843550203,True
40994,90981,2647.95,retry,0.8021437,2124.036391800642,8,2116.036391800642,payment_link,0.8814162,2333.9460310041904,12,2321.9460310041904,0.07927251,209.90963920354852,4,205.90963920354852,True
55207,86146,10627.85,whatsapp,0.81586045,8670.842486378551,18,8652.842486378551,human_escalation,0.872149,9269.068650078774,250,9019.068650078774,0.05628854,598.226163700223,232,366.22616370022297,True
78889,32281,564.92,whatsapp,0.47395483,267.74656063914296,18,249.74656063914296,payment_link,0.52395016,295.98992413282394,12,283.98992413282394,0.049995333,28.243363493680988,-6,34.24336349368099,True
10550,75507,2975.16,retry,0.73893034,2198.436003985405,8,2190.436003985405,payment_link,0.815167,2425.2522809672355,12,2413.2522809672355,0.076236665,226.81627698183047,4,222.81627698183047,True
79722,70399,1454.21,whatsapp,0.661998,962.6840736526251,18,944.6840736526251,payment_link,0.6757838,982.7315787023306,12,970.7315787023306,0.013785839,20.047505049705478,-6,26.047505049705478,True
37895,3468,2550.89,human_escalation,0.75131494,1916.521762369275,250,1666.521762369275,payment_link,0.67111677,1711.9450556749105,12,1699.9450556749105,-0.08019817,-204.57670669436447,-238,33.423293305635525,True
8705,47634,2668.36,human_escalation,0.555066,1481.1158837270737,250,1231.1158837270737,payment_link,0.52746284,1407.460743956566,12,1395.460743956566,-0.02760315,-73.65513977050773,-238,164.34486022949227,True
29634,25507,3234.27,voice_call,0.6213254,2009.5340162336827,90,1919.5340162336827,payment_link,0.7165798,2317.612533198595,12,2305.612533198595,0.09525442,308.0785169649123,-78,386.0785169649123,True
87104,84069,2406.29,whatsapp,0.44899762,1080.41847525239,18,1062.41847525239,payment_link,0.48904133,1176.7752581882476,12,1164.7752581882476,0.04004371,96.35678293585761,-6,102.35678293585761,True
66453,26642,10182.23,whatsapp,0.8020415,8166.570727306008,18,8148.570727306008,human_escalation,0.86867285,8845.026730523108,250,8595.026730523108,0.06663138,678.4560032171003,232,446.45600321710026,True
61817,27519,2082.62,payment_link,0.5575791,1161.225385516882,12,1149.225385516882,payment_link,0.5575791,1161.225385516882,12,1149.225385516882,0.0,0.0,0,0.0,False
29720,70041,1521.02,payment_link,0.643146,978.237896143198,12,966.237896143198,payment_link,0.643146,978.237896143198,12,966.237896143198,0.0,0.0,0,0.0,False
91937,10352,5969.78,payment_link,0.7195048,4295.285207442045,12,4283.285207442045,human_escalation,0.80183566,4786.782463467121,250,4536.782463467121,0.08233088,491.49725602507533,238,253.49725602507533,True
872,20913,6560.78,retry,0.58114576,3812.769501581192,8,3804.769501581192,human_escalation,0.7628798,5005.086461259127,250,4755.086461259127,0.18173403,1192.3169596779348,242,950.3169596779348,True
8365,87729,2254.93,voice_call,0.3873641,873.4789063113927,90,783.4789063113927,payment_link,0.6017549,1356.9151852107047,12,1344.9151852107047,0.21439081,483.436278899312,-78,561.436278899312,True
62825,72808,2075.13,whatsapp,0.5658753,1174.2647943234444,18,1156.2647943234444,whatsapp,0.5658753,1174.2647943234444,18,1156.2647943234444,0.0,0.0,0,0.0,False
30289,62186,325.09,whatsapp,0.76383466,248.31500808656213,18,230.31500808656213,email,0.7589825,246.73761428415773,5,241.73761428415773,-0.0048521757,-1.5773938024044014,-13,11.422606197595599,True
61721,16937,1535.69,human_escalation,0.9253938,1421.1180351424218,250,1171.1180351424218,payment_link,0.84948856,1304.5510811549425,12,1292.5510811549425,-0.07590526,-116.56695398747934,-238,121.43304601252066,True
27875,83134,1575.84,voice_call,0.5904524,930.4584675121307,90,840.4584675121307,payment_link,0.7286468,1148.2307966709136,12,1136.2307966709136,0.13819444,217.7723291587829,-78,295.7723291587829,True
49535,15631,5659.86,whatsapp,0.65708905,3719.032056480646,18,3701.032056480646,payment_link,0.68112403,3855.066661173105,12,3843.066661173105,0.024034977,136.03460469245874,-6,142.03460469245874,True
61032,96261,5414.39,retry,0.70544505,3819.5546307301524,8,3811.5546307301524,human_escalation,0.85874164,4649.562153855562,250,4399.562153855562,0.15329659,830.00752312541,242,588.00752312541,True
40713,64687,4273.87,payment_link,0.62723607,2680.72541500628,12,2668.72541500628,human_escalation,0.7232707,3091.1650076526403,250,2841.1650076526403,0.096034646,410.4395926463603,238,172.43959264636032,True
74356,74386,1546.34,retry,0.82172877,1270.6720599615574,8,1262.6720599615574,payment_link,0.8720937,1348.5533372974396,12,1336.5533372974396,0.05036491,77.88127733588226,4,73.88127733588226,True
36554,28572,1897.48,payment_link,0.8961224,1700.3743239474297,12,1688.3743239474297,payment_link,0.8961224,1700.3743239474297,12,1688.3743239474297,0.0,0.0,0,0.0,False
5198,42523,1854.32,whatsapp,0.83679295,1551.6818953704833,18,1533.6818953704833,payment_link,0.8595852,1593.946075501442,12,1581.946075501442,0.02279228,42.26418013095872,-6,48.26418013095872,True
39219,82677,1680.42,payment_link,0.93579876,1572.534959385395,12,1560.534959385395,payment_link,0.93579876,1572.534959385395,12,1560.534959385395,0.0,0.0,0,0.0,False
52528,55566,961.77,retry,0.71747863,690.0494247901439,8,682.0494247901439,payment_link,0.78579146,755.7506493097544,12,743.7506493097544,0.068312824,65.70122451961049,4,61.70122451961049,True
99457,58731,1850.74,payment_link,0.6699085,1239.8265008926392,12,1227.8265008926392,payment_link,0.6699085,1239.8265008926392,12,1227.8265008926392,0.0,0.0,0,0.0,False
53668,14332,3546.24,retry,0.6373822,2260.3102859115597,8,2252.3102859115597,payment_link,0.77168685,2736.5867819595337,12,2724.5867819595337,0.13430464,476.276496047974,4,472.276496047974,True
44318,78125,3012.45,payment_link,0.661441,1992.5580251544714,12,1980.5580251544714,payment_link,0.661441,1992.5580251544714,12,1980.5580251544714,0.0,0.0,0,0.0,False
98756,91673,1628.74,human_escalation,0.531828,866.2095143091678,250,616.2095143091678,payment_link,0.6758518,1100.7868964004517,12,1088.7868964004517,0.14402384,234.57738209128388,-238,472.5773820912839,True
73230,26189,377.53,retry,0.39238274,148.13625620007514,8,140.13625620007514,payment_link,0.5778966,218.17330151081083,12,206.17330151081083,0.18551385,70.03704531073569,4,66.03704531073569,True
18856,52604,1523.94,whatsapp,0.687129,1047.1433997917175,18,1029.1433997917175,payment_link,0.72105205,1098.8400619769097,12,1086.8400619769097,0.03392303,51.69666218519228,-6,57.69666218519228,True
20875,44124,1009.76,retry,0.73603714,743.2208575630187,8,735.2208575630187,payment_link,0.77511775,782.6829042243958,12,770.6829042243958,0.03908062,39.46204666137703,4,35.46204666137703,True
8215,98364,676.81,whatsapp,0.6659841,450.74469475686544,18,432.74469475686544,payment_link,0.69124204,467.83952455341813,12,455.83952455341813,0.025257945,17.094829796552688,-6,23.094829796552688,True
430,23083,3582.65,voice_call,0.70413995,2522.6869843125346,90,2432.6869843125346,payment_link,0.7657042,2743.2502043396235,12,2731.2502043396235,0.061564267,220.56322002708885,-78,298.56322002708885,True
47388,67624,1166.34,email,0.48738244,568.4536371213197,5,563.4536371213197,payment_link,0.53054935,618.8009258472919,12,606.8009258472919,0.043166906,50.347288725972135,7,43.347288725972135,True
32459,16917,2263.93,whatsapp,0.49207494,1114.0232112810015,18,1096.0232112810015,payment_link,0.5437148,1230.932295473218,12,1218.932295473218,0.051639885,116.90908419221637,-6,122.90908419221637,True
81220,72829,829.09,voice_call,0.6824324,565.7978893780709,90,475.79788937807086,payment_link,0.77368826,641.4571967810392,12,629.4571967810392,0.09125584,75.65930740296835,-78,153.65930740296835,True
51207,17333,1624.38,payment_link,0.5610325,911.3299301826954,12,899.3299301826954,payment_link,0.5610325,911.3299301826954,12,899.3299301826954,0.0,0.0,0,0.0,False
48298,52380,2027.78,human_escalation,0.58441234,1185.0596474027634,250,935.0596474027634,payment_link,0.63311696,1283.8219102144242,12,1271.8219102144242,0.048704624,98.76226281166078,-238,336.7622628116608,True
49811,69764,1920.43,whatsapp,0.8645693,1660.3448330390454,18,1642.3448330390454,payment_link,0.88688606,1703.2025966626406,12,1691.2025966626406,0.022316754,42.85776362359525,-6,48.85776362359525,True
41049,1407,1655.65,payment_link,0.6383189,1056.8326806485654,12,1044.8326806485654,payment_link,0.6383189,1056.8326806485654,12,1044.8326806485654,0.0,0.0,0,0.0,False
26249,38198,600.23,payment_link,0.77830565,467.16240015387535,12,455.16240015387535,retry,0.7741337,464.65826009750367,8,456.65826009750367,-0.0041719675,-2.504140056371682,-4,1.495859943628318,True
54870,69731,3210.41,human_escalation,0.9247536,2968.838225263953,250,2718.838225263953,payment_link,0.90249395,2897.3756139135357,12,2885.3756139135357,-0.022259653,-71.46261135041732,-238,166.53738864958268,True
16488,36235,842.79,voice_call,0.49752873,419.3122398930788,90,329.3122398930788,payment_link,0.6504036,548.1536658990383,12,536.1536658990383,0.15287489,128.84142600595948,-78,206.84142600595948,True
13008,66434,2939.55,voice_call,0.8161786,2399.1978620141745,90,2309.1978620141745,whatsapp,0.88436764,2599.6429102331404,18,2581.6429102331404,0.068189025,200.4450482189659,-72,272.4450482189659,True
50639,33778,2562.52,retry,0.5401054,1384.030895936489,8,1376.030895936489,payment_link,0.6072903,1556.193610150814,12,1544.193610150814,0.067184925,172.16271421432498,4,168.16271421432498,True
54122,17315,528.16,payment_link,0.65029734,343.4610450649261,12,331.4610450649261,payment_link,0.65029734,343.4610450649261,12,331.4610450649261,0.0,0.0,0,0.0,False
63261,95154,991.92,human_escalation,0.9270223,919.5319383001328,250,669.5319383001328,payment_link,0.9155912,908.193203587532,12,896.193203587532,-0.011431098,-11.33873471260074,-238,226.66126528739926,True
22148,76626,3515.3,retry,0.6742,2370.015254300833,8,2362.015254300833,human_escalation,0.8268989,2906.79760773778,250,2656.79760773778,0.15269887,536.7823534369468,242,294.7823534369468,True
6717,89641,1343.23,payment_link,0.7082162,951.2972333478928,12,939.2972333478928,payment_link,0.7082162,951.2972333478928,12,939.2972333478928,0.0,0.0,0,0.0,False
57965,4289,3924.33,email,0.65826946,2583.2666094642877,5,2578.2666094642877,human_escalation,0.8095044,3176.7623618781568,250,2926.7623618781568,0.15123492,593.495752413869,245,348.495752413869,True
55248,57305,1130.89,email,0.5876607,664.5795754134656,5,659.5795754134656,payment_link,0.6994784,791.0331140160562,12,779.0331140160562,0.11181772,126.45353860259058,7,119.45353860259058,True
72071,74140,1899.54,voice_call,0.43519136,826.6634018558264,90,736.6634018558264,payment_link,0.5400887,1025.9201142132283,12,1013.9201142132283,0.10489735,199.25671235740197,-78,277.25671235740197,True
53841,96622,680.47,voice_call,0.31276003,212.82381439059975,90,122.82381439059975,payment_link,0.4904504,333.7367918774486,12,321.7367918774486,0.17769039,120.91297748684883,-78,198.91297748684883,True
27303,41103,3776.69,retry,0.88780916,3352.9799665534497,8,3344.9799665534497,payment_link,0.9355401,3533.2448650014403,12,3521.2448650014403,0.047730923,180.26489844799062,4,176.26489844799062,True
3972,10470,1177.22,human_escalation,0.653181,768.9377561795711,250,518.9377561795711,payment_link,0.63165474,743.5965922927857,12,731.5965922927857,-0.021526277,-25.341163886785466,-238,212.65883611321453,True
18215,21620,2034.17,whatsapp,0.5632323,1145.7102531135083,18,1127.7102531135083,payment_link,0.68776536,1399.0316621041297,12,1387.0316621041297,0.12453306,253.32140899062142,-6,259.3214089906214,True
87180,91931,2327.5,whatsapp,0.75899994,1766.5723690390587,18,1748.5723690390587,payment_link,0.79923505,1860.2195693552494,12,1848.2195693552494,0.040235102,93.64720031619072,-6,99.64720031619072,True
72425,17321,977.76,retry,0.74592936,729.3398914146424,8,721.3398914146424,payment_link,0.84770244,828.8495412540435,12,816.8495412540435,0.10177308,99.50964983940116,4,95.50964983940116,True
25045,59425,2073.62,whatsapp,0.8183943,1697.0387952542303,18,1679.0387952542303,payment_link,0.8202963,1700.982787761688,12,1688.982787761688,0.0019019842,3.9439925074577786,-6,9.943992507457779,True
40195,33764,1490.94,payment_link,0.65394133,974.9872914612293,12,962.9872914612293,payment_link,0.65394133,974.9872914612293,12,962.9872914612293,0.0,0.0,0,0.0,False
27027,90616,1966.76,retry,0.86342686,1698.1534193301202,8,1690.1534193301202,payment_link,0.90513086,1780.175176486969,12,1768.175176486969,0.041704,82.02175715684871,4,78.02175715684871,True
45676,11929,5695.82,retry,0.6664789,3796.143690419197,8,3788.143690419197,human_escalation,0.7806019,4446.168020554781,250,4196.168020554781,0.11412305,650.024330135584,242,408.024330135584,True
60957,43714,2408.69,retry,0.7954715,1916.0442218738795,8,1908.0442218738795,payment_link,0.8579679,2066.57873272717,12,2054.57873272717,0.062496424,150.5345108532906,4,146.5345108532906,True
77161,84448,3781.41,retry,0.5679428,2147.624576305747,8,2139.624576305747,human_escalation,0.70760804,2675.7561342197655,250,2425.7561342197655,0.13966525,528.1315579140187,242,286.1315579140187,True
42910,6250,814.91,whatsapp,0.89781725,731.6402585113049,18,713.6402585113049,payment_link,0.91935253,749.189571390152,12,737.189571390152,0.021535277,17.549312878847104,-6,23.549312878847104,True
39567,7405,2107.23,human_escalation,0.89551455,1887.055120612979,250,1637.055120612979,payment_link,0.85812473,1808.2661810588836,12,1796.2661810588836,-0.037389815,-78.78893955409535,-238,159.21106044590465,True
59819,60574,704.25,retry,0.52541554,370.0238938629627,8,362.0238938629627,payment_link,0.58312374,410.66489638388157,12,398.66489638388157,0.057708204,40.641002520918846,4,36.641002520918846,True
47719,86187,638.08,payment_link,0.9171879,585.2392738342286,12,573.2392738342286,payment_link,0.9171879,585.2392738342286,12,573.2392738342286,0.0,0.0,0,0.0,False
38008,80728,1115.41,email,0.81771064,912.0826227831841,5,907.0826227831841,payment_link,0.9034393,1007.7052110648156,12,995.7052110648156,0.085728645,95.62258828163147,7,88.62258828163147,True
61914,55586,1092.33,human_escalation,0.8440747,922.0081455659865,250,672.0081455659865,payment_link,0.7730224,844.395572669506,12,832.395572669506,-0.07105231,-77.61257289648051,-238,160.38742710351949,True
61647,95073,2293.33,voice_call,0.6028247,1382.475941634178,90,1292.475941634178,payment_link,0.7121731,1633.2479452526568,12,1621.2479452526568,0.10934842,250.77200361847872,-78,328.7720036184787,True
749,2727,1020.46,payment_link,0.6438839,657.0577482187748,12,645.0577482187748,payment_link,0.6438839,657.0577482187748,12,645.0577482187748,0.0,0.0,0,0.0,False
34837,11429,5438.08,retry,0.7131825,3878.343538246155,8,3870.343538246155,whatsapp,0.78171843,4251.047375602722,18,4233.047375602722,0.068535924,372.7038373565674,10,362.7038373565674,True
94823,53014,849.84,retry,0.75079995,638.059832854271,8,630.059832854271,payment_link,0.7939002,674.6881389856338,12,662.6881389856338,0.043100238,36.62830613136282,4,32.62830613136282,True
9590,24463,1253.42,retry,0.53969604,676.4658076608181,8,668.4658076608181,payment_link,0.61973274,776.7854078888894,12,764.7854078888894,0.0800367,100.3196002280713,4,96.3196002280713,True
6630,68854,1019.07,retry,0.62593824,637.8748788875341,8,629.8748788875341,payment_link,0.70982,723.3562393909693,12,711.3562393909693,0.083881736,85.48136050343521,4,81.48136050343521,True
28630,7136,6319.35,retry,0.56101936,3545.277699056268,8,3537.277699056268,human_escalation,0.7600217,4802.843044924736,250,4552.843044924736,0.19900233,1257.5653458684683,242,1015.5653458684683,True
3785,95293,547.67,payment_link,0.6668574,365.21780397713184,12,353.21780397713184,payment_link,0.6668574,365.21780397713184,12,353.21780397713184,0.0,0.0,0,0.0,False
9622,62973,1919.65,retry,0.70395786,1351.3526976972819,8,1343.3526976972819,payment_link,0.75600004,1451.2554805517198,12,1439.2554805517198,0.052042186,99.90278285443787,4,95.90278285443787,True
15880,18974,636.16,email,0.8215271,522.6226948547363,5,517.6226948547363,payment_link,0.91653913,583.0655345916748,12,571.0655345916748,0.09501201,60.44283973693848,7,53.44283973693848,True
65779,14856,1648.62,whatsapp,0.56000805,923.2404697608947,18,905.2404697608947,whatsapp,0.56000805,923.2404697608947,18,905.2404697608947,0.0,0.0,0,0.0,False
71601,36530,3058.62,email,0.75514627,2309.7054691457747,5,2304.7054691457747,payment_link,0.86660403,2650.612418643236,12,2638.612418643236,0.111457765,340.9069494974615,7,333.9069494974615,True
31360,5585,2566.16,retry,0.6764981,1736.0024029493331,8,1728.0024029493331,payment_link,0.71299314,1829.6544889450072,12,1817.6544889450072,0.03649503,93.65208599567404,4,89.65208599567404,True
44416,48130,2829.31,retry,0.5670316,1604.3082382512093,8,1596.3082382512093,payment_link,0.62639517,1772.266106889844,12,1760.266106889844,0.059363544,167.95786863863464,4,163.95786863863464,True
35334,37414,6790.01,retry,0.48662555,3304.192365540266,8,3296.192365540266,human_escalation,0.5747335,3902.44618322134,250,3652.44618322134,0.08810794,598.253817681074,242,356.253817681074,True
80181,22678,1118.84,retry,0.7210201,806.7061314821243,8,798.7061314821243,payment_link,0.8092084,905.3747185325622,12,893.3747185325622,0.08818829,98.66858705043785,4,94.66858705043785,True
73103,60405,644.83,payment_link,0.9269674,597.7363772130013,12,585.7363772130013,payment_link,0.9269674,597.7363772130013,12,585.7363772130013,0.0,0.0,0,0.0,False
56595,92788,1532.43,voice_call,0.59743714,915.5306015467644,90,825.5306015467644,payment_link,0.70572466,1081.4736354857685,12,1069.4736354857685,0.10828751,165.94303393900407,-78,243.94303393900407,True
24447,34085,2259.04,whatsapp,0.7003048,1582.0165694713592,18,1564.0165694713592,payment_link,0.6998954,1581.0916635894775,12,1569.0916635894775,-0.0004094243,-0.9249058818816138,-6,5.075094118118386,True
43525,26208,2054.73,email,0.48350653,993.4753734621406,5,988.4753734621406,payment_link,0.56873286,1168.5924647104741,12,1156.5924647104741,0.08522633,175.1170912483335,7,168.1170912483335,True
86679,49289,1679.48,whatsapp,0.88387823,1484.4558114814758,18,1466.4558114814758,payment_link,0.91760033,1541.0914084267617,12,1529.0914084267617,0.033722103,56.6355969452859,-6,62.6355969452859,True
87908,55332,4306.3,retry,0.7582378,3265.1993483126166,8,3257.1993483126166,human_escalation,0.89175785,3840.17681170702,250,3590.17681170702,0.13352007,574.9774633944035,242,332.97746339440346,True
91491,11192,1612.77,payment_link,0.5414919,873.3019330376386,12,861.3019330376386,payment_link,0.5414919,873.3019330376386,12,861.3019330376386,0.0,0.0,0,0.0,False
76347,61922,1618.71,payment_link,0.75221324,1217.6150931859017,12,1205.6150931859017,payment_link,0.75221324,1217.6150931859017,12,1205.6150931859017,0.0,0.0,0,0.0,False
6232,82320,4487.87,voice_call,0.4839587,2171.943692187369,90,2081.943692187369,payment_link,0.64967376,2915.6513770097495,12,2903.6513770097495,0.16571507,743.7076848223805,-78,821.7076848223805,True
24948,76828,3478.53,human_escalation,0.8592666,2988.9845735746626,250,2738.9845735746626,payment_link,0.8012963,2787.3331966477635,12,2775.3331966477635,-0.057970285,-201.65137692689905,-238,36.34862307310095,True
69079,159,2084.65,payment_link,0.9481543,1976.5698003083469,12,1964.5698003083469,payment_link,0.9481543,1976.5698003083469,12,1964.5698003083469,0.0,0.0,0,0.0,False
12899,48826,917.16,payment_link,0.5676214,520.5996522974967,12,508.59965229749673,payment_link,0.5676214,520.5996522974967,12,508.59965229749673,0.0,0.0,0,0.0,False
94821,69668,1677.17,email,0.54370326,911.8827932828665,5,906.8827932828665,payment_link,0.6234553,1045.640502064228,12,1033.640502064228,0.07975203,133.75770878136154,7,126.75770878136154,True
50539,63209,296.22,retry,0.7054542,208.9696344459057,8,200.9696344459057,payment_link,0.7504731,222.3051363694668,12,210.3051363694668,0.04501891,13.335501923561083,4,9.335501923561083,True
83672,67867,1209.68,payment_link,0.88137776,1066.1850445985795,12,1054.1850445985795,payment_link,0.88137776,1066.1850445985795,12,1054.1850445985795,0.0,0.0,0,0.0,False
96140,51754,1045.89,retry,0.71137464,744.0196227157116,8,736.0196227157116,payment_link,0.7791791,814.935624947548,12,802.935624947548,0.067804456,70.91600223183639,4,66.91600223183639,True
1625,40375,5396.24,whatsapp,0.8850629,4776.011679759025,18,4758.011679759025,payment_link,0.9243067,4987.780736584663,12,4975.780736584663,0.039243817,211.76905682563756,-6,217.76905682563756,True
11022,11374,1096.06,retry,0.7611595,834.2764592301845,8,826.2764592301845,payment_link,0.85337085,935.3456487190723,12,923.3456487190723,0.092211366,101.06918948888779,4,97.06918948888779,True
60955,51551,3635.33,retry,0.6832207,2483.7326510864496,8,2475.7326510864496,payment_link,0.7517643,2732.911303577423,12,2720.911303577423,0.06854361,249.1786524909735,4,245.1786524909735,True
5557,86593,1174.99,whatsapp,0.800721,940.8391556924581,18,922.8391556924581,payment_link,0.85354066,1002.9017388606071,12,990.9017388606071,0.05281967,62.06258316814899,-6,68.06258316814899,True
60437,9626,3207.5,payment_link,0.636926,2042.940130084753,12,2030.940130084753,payment_link,0.636926,2042.940130084753,12,2030.940130084753,0.0,0.0,0,0.0,False
44083,34638,1206.19,whatsapp,0.5773449,696.3876381874085,18,678.3876381874085,payment_link,0.58962584,711.2007864236832,12,699.2007864236832,0.012280941,14.813148236274742,-6,20.813148236274742,True
47329,40967,3896.5,retry,0.52891576,2060.9202701449394,8,2052.9202701449394,human_escalation,0.7710556,3004.4180642962456,250,2754.4180642962456,0.24213982,943.4977941513062,242,701.4977941513062,True
94583,99047,1821.22,payment_link,0.77366567,1409.0153852891922,12,1397.0153852891922,payment_link,0.77366567,1409.0153852891922,12,1397.0153852891922,0.0,0.0,0,0.0,False
20775,49562,3501.75,whatsapp,0.5018876,1757.4849715679884,18,1739.4849715679884,payment_link,0.56646615,1983.6228501051664,12,1971.6228501051664,0.06457853,226.13787853717804,-6,232.13787853717804,True
49499,66410,2930.19,retry,0.8820145,2584.470105893612,8,2576.470105893612,payment_link,0.9337299,2736.005977613926,12,2724.005977613926,0.051715374,151.53587172031393,4,147.53587172031393,True
53777,34246,1484.78,payment_link,0.7860669,1167.1363965821265,12,1155.1363965821265,payment_link,0.7860669,1167.1363965821265,12,1155.1363965821265,0.0,0.0,0,0.0,False
6387,42923,411.38,human_escalation,0.94579846,389.08256910443305,250,139.08256910443305,payment_link,0.9108588,374.7090972363949,12,362.7090972363949,-0.034939647,-14.373471868038166,-238,223.62652813196183,True
66707,59999,690.17,retry,0.7585171,523.50573759377,8,515.50573759377,payment_link,0.79667926,549.8441237330436,12,537.8441237330436,0.03816217,26.338386139273553,4,22.338386139273553,True
58189,6052,1137.46,retry,0.60810107,691.6906429994107,8,683.6906429994107,payment_link,0.6570339,747.3498029708862,12,735.3498029708862,0.04893285,55.65915997147556,4,51.65915997147556,True
60895,81217,2051.13,payment_link,0.8634591,1771.0668848276139,12,1759.0668848276139,payment_link,0.8634591,1771.0668848276139,12,1759.0668848276139,0.0,0.0,0,0.0,False
65493,92242,4313.62,voice_call,0.6916272,2983.4169415223596,90,2893.4169415223596,payment_link,0.81270206,3505.6878589606285,12,3493.6878589606285,0.121074855,522.270917438269,-78,600.270917438269,True
44283,96902,2061.2,payment_link,0.60394514,1244.8517144680022,12,1232.8517144680022,payment_link,0.60394514,1244.8517144680022,12,1232.8517144680022,0.0,0.0,0,0.0,False
49730,77672,905.49,human_escalation,0.94074434,851.834592806697,250,601.834592806697,payment_link,0.9295864,841.7311988639832,12,829.7311988639832,-0.01115793,-10.103393942713751,-238,227.89660605728625,True
89987,73354,6919.95,voice_call,0.4174112,2888.4646898567676,90,2798.4646898567676,payment_link,0.64761,4481.42887981832,12,4469.42887981832,0.2301988,1592.9641899615522,-78,1670.9641899615522,True
47091,33230,2910.68,retry,0.79158723,2304.057128930092,8,2296.057128930092,human_escalation,0.9254139,2693.5837495875357,250,2443.5837495875357,0.13382667,389.5266206574438,242,147.5266206574438,True
64667,34078,1040.85,retry,0.5213148,542.6105093568563,8,534.6105093568563,payment_link,0.56177133,584.7196921795606,12,572.7196921795606,0.040456533,42.10918282270438,4,38.10918282270438,True
39180,42855,1208.95,retry,0.5527865,668.2912743121386,8,660.2912743121386,payment_link,0.63634676,769.3114123731851,12,757.3114123731851,0.08356023,101.02013806104651,4,97.02013806104651,True
81460,37209,727.0,payment_link,0.8632331,627.5704560279846,12,615.5704560279846,payment_link,0.8632331,627.5704560279846,12,615.5704560279846,0.0,0.0,0,0.0,False
44095,97956,223.37,voice_call,0.8576383,191.57066695153713,90,101.57066695153713,payment_link,0.8765308,195.79069062411784,12,183.79069062411784,0.018892527,4.220023672580709,-78,82.22002367258071,True
66008,23194,2835.97,retry,0.5509979,1562.6135510009526,8,1554.6135510009526,payment_link,0.64103997,1817.9701167356966,12,1805.9701167356966,0.090042055,255.35656573474398,4,251.35656573474398,True
42642,21898,1431.78,whatsapp,0.7666715,1097.7048898422718,18,1079.7048898422718,payment_link,0.843977,1208.3893525314331,12,1196.3893525314331,0.077305496,110.68446268916136,-6,116.68446268916136,True
7787,16233,2346.02,payment_link,0.5622366,1319.0183249294757,12,1307.0183249294757,payment_link,0.5622366,1319.0183249294757,12,1307.0183249294757,0.0,0.0,0,0.0,False
65239,87407,2660.02,whatsapp,0.5985888,1592.2582443404197,18,1574.2582443404197,human_escalation,0.7305087,1943.167712571621,250,1693.167712571621,0.13191986,350.90946823120134,232,118.90946823120134,True
14054,16391,3094.53,payment_link,0.75942934,2350.0768618762495,12,2338.0768618762495,human_escalation,0.8402723,2600.247863405943,250,2350.247863405943,0.08084297,250.1710015296935,238,12.171001529693513,True
46834,90913,4661.0,whatsapp,0.74357283,3465.7929660081863,18,3447.7929660081863,payment_link,0.7879535,3672.6512447595596,12,3660.6512447595596,0.044380665,206.8582787513733,-6,212.8582787513733,True
80512,9787,6103.26,retry,0.66325957,4048.0455777490142,8,4040.0455777490142,human_escalation,0.7958984,4857.5747338736055,250,4607.5747338736055,0.13263881,809.5291561245913,242,567.5291561245913,True
93027,6241,1709.54,retry,0.5018827,857.9885036206246,8,849.9885036206246,payment_link,0.55354124,946.3008966886997,12,934.3008966886997,0.05165857,88.31239306807515,4,84.31239306807515,True
47077,91490,941.11,retry,0.5833851,549.0295607793331,8,541.0295607793331,payment_link,0.64823806,610.0633233368396,12,598.0633233368396,0.06485295,61.03376255750652,4,57.03376255750652,True
37892,93460,2655.9,email,0.85688627,2275.8042382836343,5,2270.8042382836343,payment_link,0.9122562,2422.861191755533,12,2410.861191755533,0.055369914,147.05695347189885,7,140.05695347189885,True
11093,1998,4011.76,human_escalation,0.79515314,3189.96356502533,250,2939.96356502533,whatsapp,0.76188,3056.4796308279037,18,3038.4796308279037,-0.03327316,-133.48393419742615,-232,98.51606580257385,True
81217,38153,1113.16,whatsapp,0.82142925,914.3821868515015,18,896.3821868515015,payment_link,0.8399714,935.0225893926621,12,923.0225893926621,0.01854217,20.640402541160597,-6,26.640402541160597,True
81068,5581,1653.97,human_escalation,0.79994994,1323.093208909631,250,1073.093208909631,email,0.69422114,1148.2209371960164,5,1143.2209371960164,-0.105728805,-174.8722717136145,-245,70.12772828638549,True
92684,80028,2614.54,whatsapp,0.64030725,1674.1089112412928,18,1656.1089112412928,payment_link,0.6915915,1808.193643641472,12,1796.193643641472,0.051284254,134.08473240017906,-6,140.08473240017906,True
82986,85407,1276.1,whatsapp,0.43171686,550.913884204626,18,532.913884204626,payment_link,0.5371538,685.4619392454624,12,673.4619392454624,0.10543692,134.5480550408364,-6,140.5480550408364,True
78777,67176,996.67,retry,0.48070225,479.1015126994252,8,471.1015126994252,payment_link,0.543891,542.0798555964232,12,530.0798555964232,0.06318876,62.97834289699796,4,58.97834289699796,True
10270,68258,2124.45,retry,0.8641634,1835.8719324588774,8,1827.8719324588774,payment_link,0.92669815,1968.723881050944,12,1956.723881050944,0.06253475,132.85194859206672,4,128.85194859206672,True
83873,20354,1361.46,whatsapp,0.9043628,1231.2537746071816,18,1213.2537746071816,payment_link,0.9393035,1278.8241667199136,12,1266.8241667199136,0.03494072,47.57039211273195,-6,53.57039211273195,True
33576,57143,3015.13,payment_link,0.9097116,2742.898734548092,12,2730.898734548092,payment_link,0.9097116,2742.898734548092,12,2730.898734548092,0.0,0.0,0,0.0,False
88383,28519,8644.18,payment_link,0.8858648,7657.574737197161,12,7645.574737197161,payment_link,0.8858648,7657.574737197161,12,7645.574737197161,0.0,0.0,0,0.0,False
15573,68471,2874.79,payment_link,0.7049873,2026.690404293537,12,2014.690404293537,payment_link,0.7049873,2026.690404293537,12,2014.690404293537,0.0,0.0,0,0.0,False
59813,77404,2184.59,voice_call,0.6050298,1321.7420975232126,90,1231.7420975232126,payment_link,0.7490135,1636.2873659723998,12,1624.2873659723998,0.14398366,314.54526844918723,-78,392.54526844918723,True
23479,96154,2717.13,whatsapp,0.8770416,2383.0359836268426,18,2365.0359836268426,payment_link,0.89393675,2428.9423704206943,12,2416.9423704206943,0.016895175,45.90638679385165,-6,51.90638679385165,True
28878,79278,2966.04,retry,0.8541399,2533.4131803274154,8,2525.4131803274154,payment_link,0.9359363,2776.0244206309317,12,2764.0244206309317,0.08179635,242.6112403035163,4,238.6112403035163,True
89916,27801,915.86,retry,0.8444931,773.437442420721,8,765.437442420721,payment_link,0.9061781,829.9322900509834,12,817.9322900509834,0.061685026,56.49484763026237,4,52.49484763026237,True
73968,75936,1545.49,retry,0.70330757,1086.9548148554563,8,1078.9548148554563,payment_link,0.82143545,1269.5202759504318,12,1257.5202759504318,0.11812788,182.5654610949755,4,178.5654610949755,True
47820,8021,2221.08,payment_link,0.7296461,1620.6023302316664,12,1608.6023302316664,payment_link,0.7296461,1620.6023302316664,12,1608.6023302316664,0.0,0.0,0,0.0,False
99970,5738,1276.33,whatsapp,0.71702224,915.1569957858324,18,897.1569957858324,payment_link,0.7701998,983.0290797138214,12,971.0290797138214,0.053177536,67.87208392798902,-6,73.87208392798902,True
22330,49655,1096.09,retry,0.5322264,583.3680168944596,8,575.3680168944596,payment_link,0.6417036,703.3649051189423,12,691.3649051189423,0.10947722,119.99688822448263,4,115.99688822448263,True
6450,15300,2368.31,retry,0.66481626,1574.4909975206851,8,1566.4909975206851,payment_link,0.74815917,1771.872844259739,12,1759.872844259739,0.08334291,197.3818467390538,4,193.3818467390538,True
67612,19113,999.26,retry,0.52149224,521.1063385534286,8,513.1063385534286,payment_link,0.59696525,596.5234990656376,12,584.5234990656376,0.07547301,75.41716051220897,4,71.41716051220897,True
27140,81776,1181.55,email,0.8657621,1022.9412264168262,5,1017.9412264168262,whatsapp,0.9053523,1069.7190035015344,18,1051.7190035015344,0.03959018,46.77777708470819,13,33.77777708470819,True
6556,19166,635.14,whatsapp,0.71064734,451.3605544424057,18,433.3605544424057,payment_link,0.7391473,469.4620196080208,12,457.4620196080208,0.02849996,18.101465165615082,-6,24.101465165615082,True
13716,80886,5350.07,payment_link,0.8618699,4611.064144038558,12,4599.064144038558,human_escalation,0.9417087,5038.207378834486,250,4788.207378834486,0.07983881,427.14323479592804,238,189.14323479592804,True
15201,20276,3609.98,payment_link,0.5274838,1904.2060438275337,12,1892.2060438275337,payment_link,0.5274838,1904.2060438275337,12,1892.2060438275337,0.0,0.0,0,0.0,False
77751,76627,5642.52,retry,0.5607799,3164.211965889931,8,3156.211965889931,human_escalation,0.7757236,4377.03579513073,250,4127.03579513073,0.21494365,1212.8238292407987,242,970.8238292407987,True
47188,80870,5917.61,retry,0.6880763,4071.767296078801,8,4063.767296078801,human_escalation,0.85749835,5074.340797683596,250,4824.340797683596,0.16942203,1002.5735016047952,242,760.5735016047952,True
32866,6403,3862.48,payment_link,0.8688494,3355.9134177875517,12,3343.9134177875517,payment_link,0.8688494,3355.9134177875517,12,3343.9134177875517,0.0,0.0,0,0.0,False
30129,75803,3159.04,human_escalation,0.791464,2500.266343383789,250,2250.266343383789,human_escalation,0.791464,2500.266343383789,250,2250.266343383789,0.0,0.0,0,0.0,False
7978,37342,850.81,whatsapp,0.6790164,577.7139529019594,18,559.7139529019594,payment_link,0.71065557,604.632865537405,12,592.632865537405,0.03163916,26.918912635445622,-6,32.91891263544562,True
9252,26411,3465.25,whatsapp,0.6714478,2326.734535768628,18,2308.734535768628,human_escalation,0.8029705,2782.49362424016,250,2532.49362424016,0.13152272,455.75908847153187,232,223.75908847153187,True
96827,7597,1549.47,voice_call,0.7724201,1196.841785236001,90,1106.841785236001,payment_link,0.9276426,1437.3543543934823,12,1425.3543543934823,0.15522248,240.51256915748127,-78,318.51256915748127,True
63200,68209,712.04,whatsapp,0.7128396,507.5703112220764,18,489.5703112220764,payment_link,0.749607,533.7501872038841,12,521.7501872038841,0.036767423,26.179875981807754,-6,32.179875981807754,True
66584,65027,3021.48,retry,0.68913347,2082.2029827046395,8,2074.2029827046395,whatsapp,0.75281686,2274.6210737872125,18,2256.6210737872125,0.06368339,192.41809108257303,10,182.41809108257303,True
46176,40733,560.19,retry,0.92983407,520.8837464529277,8,512.8837464529277,payment_link,0.9631112,539.5252753347158,12,527.5252753347158,0.033277154,18.64152888178819,4,14.64152888178819,True
25339,35261,569.04,email,0.7429893,422.7906322288513,5,417.7906322288513,payment_link,0.8814005,501.5521550703048,12,489.5521550703048,0.13841122,78.76152284145354,7,71.76152284145354,True
11605,55767,1104.34,email,0.8781514,969.7777356052397,5,964.7777356052397,payment_link,0.92868817,1025.587492029667,12,1013.5874920296669,0.05053675,55.80975642442718,7,48.80975642442718,True
77983,9006,1368.9,whatsapp,0.91155803,1247.8317900538445,18,1229.8317900538445,payment_link,0.9282654,1270.7024961769582,12,1258.7024961769582,0.01670736,22.870706123113678,-6,28.870706123113678,True
51432,68988,6411.64,retry,0.5022283,3220.1071833682063,8,3212.1071833682063,human_escalation,0.70387125,4512.969062328339,250,4262.969062328339,0.20164293,1292.8618789601323,242,1050.8618789601323,True
81689,36831,2886.64,voice_call,0.7479949,2159.1919974136354,90,2069.1919974136354,payment_link,0.9247775,2669.4997450637816,12,2657.4997450637816,0.17678261,510.3077476501462,-78,588.3077476501462,True
84189,19814,2998.89,whatsapp,0.6770021,2030.2547447025775,18,2012.2547447025775,payment_link,0.7047882,2113.582309112549,12,2101.582309112549,0.027786136,83.3275644099715,-6,89.3275644099715,True
56512,36372,3027.62,retry,0.682488,2066.3143919336794,8,2058.3143919336794,human_escalation,0.8459151,2561.1094118356705,250,2311.1094118356705,0.16342705,494.79501990199105,242,252.79501990199105,True
25870,19463,1599.75,email,0.69922155,1118.5796768814325,5,1113.5796768814325,payment_link,0.7420818,1187.14539308846,12,1175.14539308846,0.04286027,68.56571620702744,7,61.565716207027435,True
91188,90860,2185.51,payment_link,0.8088226,1767.6898198372128,12,1755.6898198372128,payment_link,0.8088226,1767.6898198372128,12,1755.6898198372128,0.0,0.0,0,0.0,False
24463,6529,337.34,voice_call,0.59895986,202.0531202471256,90,112.0531202471256,email,0.6731861,227.09260685801505,5,222.09260685801505,0.07422626,25.03948661088944,-85,110.03948661088944,True
57586,13171,1858.47,email,0.6972576,1295.8322916787863,5,1290.8322916787863,payment_link,0.73863053,1372.7226870703698,12,1360.7226870703698,0.041372955,76.89039539158352,7,69.89039539158352,True
92903,39713,1401.09,email,0.5090791,713.2656343996524,5,708.2656343996524,payment_link,0.5690927,797.3500783556699,12,785.3500783556699,0.060013592,84.08444395601748,7,77.08444395601748,True
6669,17902,782.63,email,0.72429895,566.858090376854,5,561.858090376854,payment_link,0.79559845,622.6592128282786,12,610.6592128282786,0.07129949,55.80112245142459,7,48.80112245142459,True
75149,25019,2109.69,whatsapp,0.6591734,1390.6515914529562,18,1372.6515914529562,payment_link,0.75629586,1595.549812490344,12,1583.549812490344,0.09712243,204.89822103738788,-6,210.89822103738788,True
85226,37136,389.94,retry,0.5173808,201.74745902180672,8,193.74745902180672,payment_link,0.6789567,264.75237070441244,12,252.75237070441244,0.16157591,63.00491168260572,4,59.00491168260572,True
98059,32288,1195.09,payment_link,0.7457946,891.2916616874933,12,879.2916616874933,payment_link,0.7457946,891.2916616874933,12,879.2916616874933,0.0,0.0,0,0.0,False
13375,6121,2437.58,email,0.5790456,1411.4699583852291,5,1406.4699583852291,payment_link,0.69971305,1705.6065396344661,12,1693.6065396344661,0.12066746,294.136581249237,7,287.136581249237,True
30402,15641,1506.19,voice_call,0.6214397,936.0062547516823,90,846.0062547516823,payment_link,0.7397173,1114.154807175994,12,1102.154807175994,0.11827761,178.14855242431167,-78,256.1485524243117,True
25213,14939,803.82,voice_call,0.6769782,544.1685933101178,90,454.1685933101178,payment_link,0.8011761,644.0013495254517,12,632.0013495254517,0.1241979,99.83275621533392,-78,177.83275621533392,True
15687,10142,1224.75,payment_link,0.71136045,871.2387167215347,12,859.2387167215347,payment_link,0.71136045,871.2387167215347,12,859.2387167215347,0.0,0.0,0,0.0,False
47885,9322,5649.69,voice_call,0.54810333,3096.61391670227,90,3006.61391670227,human_escalation,0.7017052,3964.416949474811,250,3714.416949474811,0.15360188,867.803032772541,160,707.803032772541,True
27253,95020,4056.86,email,0.65555644,2659.500700612068,5,2654.500700612068,payment_link,0.75411564,3059.341579822302,12,3047.341579822302,0.0985592,399.84087921023365,7,392.84087921023365,True
52478,50951,2135.41,whatsapp,0.5495473,1173.5088311636448,18,1155.5088311636448,payment_link,0.59636396,1273.4815674465895,12,1261.4815674465895,0.046816647,99.97273628294465,-6,105.97273628294465,True
57206,52730,592.92,retry,0.51020944,302.5133818674087,8,294.5133818674087,payment_link,0.6185667,366.76056294679637,12,354.76056294679637,0.10835725,64.24718107938764,4,60.247181079387644,True
5769,12157,9844.79,retry,0.752274,7405.979324088693,8,7397.979324088693,human_escalation,0.83837515,8253.627304362655,250,8003.627304362655,0.086101174,847.6479802739623,242,605.6479802739623,True
4379,8113,2077.97,whatsapp,0.5774415,1199.906141887307,18,1181.906141887307,payment_link,0.6111761,1270.0055455571412,12,1258.0055455571412,0.03373456,70.09940366983415,-6,76.09940366983415,True
30559,27818,1762.69,payment_link,0.74333334,1310.2662445402145,12,1298.2662445402145,whatsapp,0.7492014,1320.6098456776142,18,1302.6098456776142,0.0058680773,10.343601137399673,6,4.3436011373996735,True
6614,89735,749.23,email,0.4965019,371.9941131463647,5,366.9941131463647,payment_link,0.6119833,458.5162473011017,12,446.5162473011017,0.11548141,86.52213415473699,7,79.52213415473699,True
90640,48171,2398.46,voice_call,0.6040836,1448.8703456437588,90,1358.8703456437588,payment_link,0.7378564,1769.7190325832366,12,1757.7190325832366,0.13377279,320.84868693947783,-78,398.84868693947783,True
93243,77970,786.24,human_escalation,0.9169573,720.9485223197937,250,470.9485223197937,payment_link,0.90632766,712.5910632133484,12,700.5910632133484,-0.010629654,-8.357459106445276,-238,229.64254089355472,True
58330,3900,2007.35,whatsapp,0.70835185,1421.910087120533,18,1403.910087120533,payment_link,0.7269912,1459.3257383584976,12,1447.3257383584976,0.018639326,37.41565123796454,-6,43.41565123796454,True
85084,50273,2558.99,email,0.48829186,1249.533985866308,5,1244.533985866308,payment_link,0.557276,1426.063738143444,12,1414.063738143444,0.06898415,176.5297522771359,7,169.5297522771359,True
41597,15283,1081.51,human_escalation,0.5428663,587.1153208822012,250,337.1153208822012,whatsapp,0.50036365,541.1482888811827,18,523.1482888811827,-0.04250264,-45.96703200101854,-232,186.03296799898146,True
22098,50971,999.38,payment_link,0.64778155,647.3799263226986,12,635.3799263226986,payment_link,0.64778155,647.3799263226986,12,635.3799263226986,0.0,0.0,0,0.0,False
38169,47628,3467.69,payment_link,0.617742,2142.137762951255,12,2130.137762951255,payment_link,0.617742,2142.137762951255,12,2130.137762951255,0.0,0.0,0,0.0,False
58412,2263,7487.51,whatsapp,0.551265,4127.602209861278,18,4109.602209861278,human_escalation,0.69268626,5186.495296714902,250,4936.495296714902,0.14142126,1058.8930868536236,232,826.8930868536236,True
73853,58221,1010.84,human_escalation,0.9423614,952.5766121649742,250,702.5766121649742,payment_link,0.9160312,925.9609598231316,12,913.9609598231316,-0.026330233,-26.615652341842633,-238,211.38434765815737,True
99059,54230,2634.93,email,0.7603832,2003.5564754658935,5,1998.5564754658935,payment_link,0.780729,2057.166252903342,12,2045.166252903342,0.020345807,53.60977743744843,7,46.60977743744843,True
24907,13028,5305.33,whatsapp,0.6867243,3643.2990578567983,18,3625.2990578567983,human_escalation,0.8334659,4421.811506343483,250,4171.811506343483,0.14674157,778.5124484866851,232,546.5124484866851,True
33916,15420,1858.17,email,0.58472437,1086.5172764056922,5,1081.5172764056922,payment_link,0.6734134,1251.3165698254109,12,1239.3165698254109,0.08868903,164.79929341971865,7,157.79929341971865,True
82069,36757,1640.35,payment_link,0.7714314,1265.417474797368,12,1253.417474797368,payment_link,0.7714314,1265.417474797368,12,1253.417474797368,0.0,0.0,0,0.0,False
71659,34808,2326.08,retry,0.5083378,1182.434379901886,8,1174.434379901886,payment_link,0.5550268,1291.0368069648741,12,1279.0368069648741,0.046689034,108.60242706298823,4,104.60242706298823,True
31913,82895,1357.05,payment_link,0.73578626,998.4987430125475,12,986.4987430125475,payment_link,0.73578626,998.4987430125475,12,986.4987430125475,0.0,0.0,0,0.0,False
13624,61927,1514.1,email,0.71731573,1086.0877519905566,5,1081.0877519905566,payment_link,0.7757503,1174.5634980797768,12,1162.5634980797768,0.058434546,88.47574608922014,7,81.47574608922014,True
49307,59536,1923.76,retry,0.8552539,1645.3031950616837,8,1637.3031950616837,payment_link,0.9304075,1789.880778579712,12,1777.880778579712,0.07515365,144.57758351802818,4,140.57758351802818,True
44543,99297,1021.98,whatsapp,0.7362749,752.4582203114032,18,734.4582203114032,payment_link,0.7521162,768.6477174568176,12,756.6477174568176,0.015841305,16.189497145414407,-6,22.189497145414407,True
70611,41154,854.56,retry,0.8857182,756.8993675804138,8,748.8993675804138,payment_link,0.9427681,805.6519049072265,12,793.6519049072265,0.05704987,48.75253732681267,4,44.75253732681267,True
18476,63194,9826.49,email,0.81898534,8047.75128293395,5,8042.75128293395,payment_link,0.9024275,8867.694750683904,12,8855.694750683904,0.08344215,819.9434677499539,7,812.9434677499539,True
22901,18694,3077.27,retry,0.8663356,2665.948461993337,8,2657.948461993337,payment_link,0.9346101,2876.0477098298074,12,2864.0477098298074,0.06827456,210.09924783647057,4,206.09924783647057,True
74122,87595,2129.04,email,0.7596619,1617.350599079132,5,1612.350599079132,payment_link,0.88301957,1879.9839779376982,12,1867.9839779376982,0.12335765,262.6333788585662,7,255.63337885856618,True
87236,87954,4624.65,retry,0.7004938,3239.538710260391,8,3231.538710260391,human_escalation,0.81256545,3757.8307893812653,250,3507.8307893812653,0.11207163,518.2920791208744,242,276.2920791208744,True
89366,89917,240.64,human_escalation,0.6093446,146.63268493652342,250,-103.36731506347658,retry,0.75669676,182.0915084838867,8,174.0915084838867,0.14735216,35.458823547363295,-242,277.4588235473633,True
85491,18044,1658.67,whatsapp,0.8966864,1487.306789855361,18,1469.306789855361,payment_link,0.9207541,1527.2271616637706,12,1515.2271616637706,0.0240677,39.92037180840953,-6,45.92037180840953,True
39065,69875,2391.17,payment_link,0.60653865,1450.337031787634,12,1438.337031787634,payment_link,0.60653865,1450.337031787634,12,1438.337031787634,0.0,0.0,0,0.0,False
47479,53957,2985.25,retry,0.53729504,1603.960028514266,8,1595.960028514266,payment_link,0.6057228,1808.2339439094067,12,1796.2339439094067,0.06842774,204.27391539514065,4,200.27391539514065,True
95311,82818,5962.54,payment_link,0.69598216,4149.821457458735,12,4137.821457458735,human_escalation,0.7754068,4623.393929253816,250,4373.393929253816,0.07942462,473.5724717950816,238,235.57247179508158,True
26364,64495,3984.75,email,0.8630487,3439.0331984460354,5,3434.0331984460354,payment_link,0.95652896,3811.5287799686193,12,3799.5287799686193,0.09348029,372.49558152258396,7,365.49558152258396,True
43826,27614,430.63,human_escalation,0.59107494,254.53460293769837,250,4.5346029376983665,payment_link,0.586948,252.7574075692892,12,240.7574075692892,-0.004126966,-1.777195368409167,-238,236.22280463159083,True
84587,63844,2929.38,retry,0.84501666,2475.3748985087873,8,2467.3748985087873,payment_link,0.9110068,2668.685124042034,12,2656.685124042034,0.06599015,193.31022553324692,4,189.31022553324692,True
80969,80305,10437.12,email,0.56402254,5886.770943603516,5,5881.770943603516,payment_link,0.78572375,8200.693022003174,12,8188.693022003174,0.2217012,2313.922078399658,7,2306.922078399658,True
91640,83158,1381.51,payment_link,0.6150298,849.6698353815078,12,837.6698353815078,payment_link,0.6150298,849.6698353815078,12,837.6698353815078,0.0,0.0,0,0.0,False
50721,5965,566.13,email,0.421848,238.82080772817136,5,233.82080772817136,payment_link,0.50594836,286.4325477272272,12,274.4325477272272,0.084100366,47.61173999905583,7,40.61173999905583,True
58078,57090,723.21,whatsapp,0.77428454,559.9703233355284,18,541.9703233355284,payment_link,0.78348744,566.625950871706,12,554.625950871706,0.009202898,6.655627536177576,-6,12.655627536177576,True
89009,4389,3600.32,payment_link,0.8527716,3070.250575695038,12,3058.250575695038,human_escalation,0.9296174,3346.920135345459,250,3096.920135345459,0.076845825,276.669559650421,238,38.66955965042098,True
32,33998,3363.79,email,0.6941151,2334.8574399358035,5,2329.8574399358035,payment_link,0.82551634,2776.863619812727,12,2764.863619812727,0.13140124,442.0061798769234,7,435.0061798769234,True
97943,12936,3164.02,retry,0.51291305,1622.8671429789067,8,1614.8671429789067,payment_link,0.71384627,2258.623863402605,12,2246.623863402605,0.20093322,635.7567204236982,4,631.7567204236982,True
32063,35359,3191.56,whatsapp,0.5186732,1655.3765792560578,18,1637.3765792560578,human_escalation,0.6730358,2148.034139306545,250,1898.034139306545,0.15436262,492.6575600504873,232,260.6575600504873,True
47691,89083,3245.9,human_escalation,0.9173056,2977.482210433483,250,2727.482210433483,payment_link,0.92402446,2999.2910034775737,12,2987.2910034775737,0.006718874,21.808793044090635,-238,259.80879304409063,True
414,2964,1951.54,payment_link,0.7501693,1463.9853512096404,12,1451.9853512096404,whatsapp,0.75360096,1470.6824077391625,18,1452.6824077391625,0.0034316778,6.697056529522115,6,0.6970565295221149,True
37662,37868,2052.61,email,0.41040286,842.3970231220127,5,837.3970231220127,payment_link,0.58188164,1194.37607788682,12,1182.37607788682,0.17147878,351.9790547648073,7,344.9790547648073,True
28299,13364,951.62,retry,0.5293204,503.71189697146417,8,495.71189697146417,payment_link,0.6227328,592.6050043857098,12,580.6050043857098,0.0934124,88.8931074142456,4,84.8931074142456,True
34685,69961,1633.64,retry,0.71718675,1171.6249606060983,8,1163.6249606060983,payment_link,0.7625527,1245.7365578436852,12,1233.7365578436852,0.04536593,74.11159723758692,4,70.11159723758692,True
85458,19344,2306.16,email,0.863309,1990.9287428569792,5,1985.9287428569792,payment_link,0.8941395,2062.028814525604,12,2050.028814525604,0.030830503,71.10007166862488,7,64.10007166862488,True
82390,79999,7555.37,retry,0.6545226,4945.160399662852,8,4937.160399662852,human_escalation,0.78071654,5898.60231295228,250,5648.60231295228,0.12619394,953.4419132894282,242,711.4419132894282,True
2310,7262,501.66,payment_link,0.5353331,268.55520143151284,12,256.55520143151284,payment_link,0.5353331,268.55520143151284,12,256.55520143151284,0.0,0.0,0,0.0,False
34778,41741,524.51,payment_link,0.7581502,397.65737184882164,12,385.65737184882164,payment_link,0.7581502,397.65737184882164,12,385.65737184882164,0.0,0.0,0,0.0,False
49241,82297,829.2,retry,0.5420125,449.43677551746373,8,441.43677551746373,whatsapp,0.5803464,481.2232394456864,18,463.2232394456864,0.038333893,31.786463928222645,10,21.786463928222645,True
7943,80494,1520.96,retry,0.7781022,1183.462351169586,8,1175.462351169586,whatsapp,0.8357603,1271.1579788780214,18,1253.1579788780214,0.057658076,87.69562770843527,10,77.69562770843527,True
99271,19771,657.1,retry,0.8071953,530.4080354571342,8,522.4080354571342,payment_link,0.9158456,601.8021259844303,12,589.8021259844303,0.10865027,71.39409052729604,4,67.39409052729604,True
64785,97876,1913.95,retry,0.68953335,1319.7323606908321,8,1311.7323606908321,payment_link,0.7314857,1400.0271023094654,12,1388.0271023094654,0.04195237,80.29474161863322,4,76.29474161863322,True
43672,33065,607.83,payment_link,0.8105032,492.64815081417566,12,480.64815081417566,payment_link,0.8105032,492.64815081417566,12,480.64815081417566,0.0,0.0,0,0.0,False
54245,90595,740.41,email,0.86876607,643.2430854535103,5,638.2430854535103,payment_link,0.9363074,693.2513403123617,12,681.2513403123617,0.0675413,50.00825485885139,7,43.00825485885139,True
19230,11824,921.51,whatsapp,0.7466886,688.0810157990455,18,670.0810157990455,payment_link,0.7513698,692.3947607535124,12,680.3947607535124,0.00468117,4.31374495446687,-6,10.31374495446687,True
62049,95949,1695.53,email,0.79589653,1349.4664437675476,5,1344.4664437675476,payment_link,0.85977685,1457.7774501359463,12,1445.7774501359463,0.063880324,108.3110063683987,7,101.3110063683987,True
19408,48514,1876.32,whatsapp,0.83579427,1568.2175047588348,18,1550.2175047588348,payment_link,0.8884529,1667.0219219398498,12,1655.0219219398498,0.052658617,98.80441718101497,-6,104.80441718101497,True
62290,50129,470.48,retry,0.8197313,385.667179722786,8,377.667179722786,payment_link,0.86897236,408.8341164445877,12,396.8341164445877,0.049241066,23.166936721801733,4,19.166936721801733,True
26765,54611,2136.79,payment_link,0.5503423,1175.9659689354896,12,1163.9659689354896,payment_link,0.5503423,1175.9659689354896,12,1163.9659689354896,0.0,0.0,0,0.0,False
93793,10871,3311.21,retry,0.67544013,2236.524121525884,8,2228.524121525884,whatsapp,0.7255484,2402.4430731070042,18,2384.4430731070042,0.050108254,165.91895158112038,10,155.91895158112038,True
91540,24525,846.54,human_escalation,0.88224185,746.8530115771293,250,496.85301157712934,payment_link,0.7972679,674.9191797637939,12,662.9191797637939,-0.08497393,-71.93383181333547,-238,166.06616818666453,True
64472,15803,1389.47,retry,0.65108913,904.6688160067797,8,896.6688160067797,payment_link,0.7045651,978.9720803660155,12,966.9720803660155,0.053475976,74.30326435923575,4,70.30326435923575,True
22073,65909,2556.06,email,0.5429448,1387.7994571995735,5,1382.7994571995735,payment_link,0.67948204,1736.7968702924252,12,1724.7968702924252,0.13653725,348.99741309285173,7,341.99741309285173,True
27966,31947,2544.53,payment_link,0.520124,1323.471168010831,12,1311.471168010831,payment_link,0.520124,1323.471168010831,12,1311.471168010831,0.0,0.0,0,0.0,False
21825,10109,3989.01,payment_link,0.914251,3646.9564991515876,12,3634.9564991515876,payment_link,0.914251,3646.9564991515876,12,3634.9564991515876,0.0,0.0,0,0.0,False
2301,36007,1924.58,voice_call,0.6069825,1168.1864359772205,90,1078.1864359772205,payment_link,0.7031163,1353.2035642695425,12,1341.2035642695425,0.09613377,185.017128292322,-78,263.017128292322,True
78709,27607,1072.99,email,0.8549443,917.3466723650694,5,912.3466723650694,payment_link,0.91628116,983.1605258303881,12,971.1605258303881,0.061336875,65.81385346531874,7,58.81385346531874,True
96114,82902,2019.88,voice_call,0.68349206,1380.5719511938096,90,1290.5719511938096,whatsapp,0.7679196,1551.1054416680338,18,1533.1054416680338,0.084427536,170.5334904742242,-72,242.5334904742242,True
85634,16659,1058.99,retry,0.6701362,709.6675485253334,8,701.6675485253334,payment_link,0.6891392,729.7915079969167,12,717.7915079969167,0.019002974,20.123959471583362,4,16.123959471583362,True
79357,26938,933.88,voice_call,0.73155594,683.1854600524903,90,593.1854600524903,payment_link,0.86966115,812.1591569685936,12,800.1591569685936,0.13810521,128.97369691610334,-78,206.97369691610334,True
81635,42785,2839.8,email,0.72860503,2069.09256978035,5,2064.09256978035,payment_link,0.77565426,2202.7029571652415,12,2190.7029571652415,0.047049224,133.6103873848915,7,126.61038738489151,True
79703,19232,287.01,payment_link,0.8319175,238.76864866018295,12,226.76864866018295,payment_link,0.8319175,238.76864866018295,12,226.76864866018295,0.0,0.0,0,0.0,False
80400,29445,1558.75,whatsapp,0.9417646,1467.9755595326424,18,1449.9755595326424,payment_link,0.9460889,1474.7160886228085,12,1462.7160886228085,0.004324317,6.740529090166092,-6,12.740529090166092,True
77439,97087,1050.0,payment_link,0.9233517,969.5192903280258,12,957.5192903280258,payment_link,0.9233517,969.5192903280258,12,957.5192903280258,0.0,0.0,0,0.0,False
19324,73371,4225.41,retry,0.81829053,3457.612995277047,8,3449.612995277047,payment_link,0.8893369,3757.8129631143806,12,3745.8129631143806,0.07104635,300.1999678373336,4,296.1999678373336,True
17277,60191,1202.41,retry,0.5504138,661.8230420655012,8,653.8230420655012,payment_link,0.61287665,736.9290171408654,12,724.9290171408654,0.062462866,75.1059750753642,4,71.1059750753642,True
76562,2099,1944.61,retry,0.7061485,1373.1834447181225,8,1365.1834447181225,payment_link,0.7824395,1521.5396183228493,12,1509.5396183228493,0.076290965,148.3561736047268,4,144.3561736047268,True
94870,49457,2906.05,retry,0.67208225,1953.1046090990305,8,1945.1046090990305,payment_link,0.71908015,2089.6828702777625,12,2077.6828702777625,0.046997905,136.57826117873196,4,132.57826117873196,True
64856,54824,3677.03,whatsapp,0.6919554,2544.3407188385727,18,2526.3407188385727,payment_link,0.73900175,2717.3316082811357,12,2705.3316082811357,0.047046363,172.990889442563,-6,178.990889442563,True
56610,31620,7957.78,payment_link,0.6967376,5544.4844386732575,12,5532.4844386732575,payment_link,0.6967376,5544.4844386732575,12,5532.4844386732575,0.0,0.0,0,0.0,False
13871,4332,324.51,payment_link,0.7518653,243.98781738102434,12,231.98781738102434,payment_link,0.7518653,243.98781738102434,12,231.98781738102434,0.0,0.0,0,0.0,False
45573,55027,1372.73,payment_link,0.712737,978.3954947227239,12,966.3954947227239,payment_link,0.712737,978.3954947227239,12,966.3954947227239,0.0,0.0,0,0.0,False
87271,87036,1309.82,whatsapp,0.4626773,606.0239810550213,18,588.0239810550213,payment_link,0.49514547,648.5514393895864,12,636.5514393895864,0.03246817,42.527458334565154,-6,48.527458334565154,True
51816,35027,492.33,whatsapp,0.55265754,272.0898889392614,18,254.0898889392614,payment_link,0.5858478,288.43044491708275,12,276.43044491708275,0.03319025,16.34055597782134,-6,22.34055597782134,True
92902,9926,21938.22,whatsapp,0.75909954,16653.292778309584,18,16635.292778309584,human_escalation,0.8596053,18858.210455446246,250,18608.210455446246,0.10050577,2204.917677136662,232,1972.917677136662,True
22774,16,1908.01,retry,0.8706427,1661.1950193411112,8,1653.1950193411112,payment_link,0.91957945,1754.5667793649434,12,1742.5667793649434,0.048936725,93.37176002383217,4,89.37176002383217,True
25544,98150,906.32,email,0.6403227,580.3372560882568,5,575.3372560882568,payment_link,0.6839981,619.9211651611329,12,607.9211651611329,0.043675423,39.583909072876054,7,32.583909072876054,True
57483,48074,2306.38,email,0.60042566,1384.8097351181507,5,1379.8097351181507,payment_link,0.731589,1687.3222823297979,12,1675.3222823297979,0.13116336,302.5125472116472,7,295.5125472116472,True
32392,38032,2293.23,retry,0.6828717,1565.9818670618533,8,1557.9818670618533,whatsapp,0.7384047,1693.3317900449038,18,1675.3317900449038,0.055532992,127.34992298305042,10,117.34992298305042,True
26095,47490,5007.71,voice_call,0.6690229,3350.272755433321,90,3260.272755433321,human_escalation,0.79410774,3976.6612464231252,250,3726.6612464231252,0.12508482,626.3884909898043,160,466.38849098980427,True
91226,39586,2285.69,payment_link,0.66936994,1529.9721689915657,12,1517.9721689915657,payment_link,0.66936994,1529.9721689915657,12,1517.9721689915657,0.0,0.0,0,0.0,False
89611,87117,5358.17,whatsapp,0.8137437,4360.177137385607,18,4342.177137385607,whatsapp,0.8137437,4360.177137385607,18,4342.177137385607,0.0,0.0,0,0.0,False
12790,46646,564.67,whatsapp,0.52351856,295.6152265834808,18,277.6152265834808,payment_link,0.60415566,341.14857634902,12,329.14857634902,0.0806371,45.533349765539185,-6,51.533349765539185,True
59715,35122,2259.4,whatsapp,0.6997263,1580.9615650534631,18,1562.9615650534631,payment_link,0.72773534,1644.2452285408974,12,1632.2452285408974,0.028009057,63.283663487434296,-6,69.2836634874343,True
46306,29900,327.04,payment_link,0.8970999,293.3875552749634,12,281.3875552749634,payment_link,0.8970999,293.3875552749634,12,281.3875552749634,0.0,0.0,0,0.0,False
53240,20281,2344.2,payment_link,0.656159,1538.1678896069525,12,1526.1678896069525,payment_link,0.656159,1538.1678896069525,12,1526.1678896069525,0.0,0.0,0,0.0,False
9064,92115,4573.51,whatsapp,0.5408626,2473.6406006330253,18,2455.6406006330253,human_escalation,0.7568456,3461.4408901107313,250,3211.4408901107313,0.21598297,987.800289477706,232,755.800289477706,True
99821,40882,913.49,human_escalation,0.6166094,563.266515827775,250,313.26651582777504,payment_link,0.55989504,511.4585188150406,12,499.4585188150406,-0.056714356,-51.80799701273446,-238,186.19200298726554,True
72464,53182,856.97,payment_link,0.6243785,535.0736451750994,12,523.0736451750994,payment_link,0.6243785,535.0736451750994,12,523.0736451750994,0.0,0.0,0,0.0,False
82441,1086,1874.07,retry,0.4724998,885.4976773363352,8,877.4976773363352,whatsapp,0.52728534,988.1696323513985,18,970.1696323513985,0.05478555,102.6719550150633,10,92.6719550150633,True
83914,78654,937.0,whatsapp,0.5559312,520.9075442552567,18,502.90754425525665,payment_link,0.6084916,570.1566287875175,12,558.1566287875175,0.05256039,49.249084532260895,-6,55.249084532260895,True
55768,25621,1041.73,payment_link,0.7558466,787.3880990421773,12,775.3880990421773,whatsapp,0.76289237,794.7278638660908,18,776.7278638660908,0.007045746,7.339764823913583,6,1.3397648239135833,True
81667,43514,5142.57,email,0.8171026,4202.007374584078,5,4197.007374584078,payment_link,0.88931304,4573.354571240544,12,4561.354571240544,0.07221043,371.3471966564657,7,364.3471966564657,True
98445,74745,1794.13,voice_call,0.67676383,1214.2022949272396,90,1124.2022949272396,payment_link,0.7899382,1417.2518432927131,12,1405.2518432927131,0.11317438,203.04954836547358,-78,281.0495483654736,True
45248,82774,1761.29,payment_link,0.7567898,1332.9263130152226,12,1320.9263130152226,payment_link,0.7567898,1332.9263130152226,12,1320.9263130152226,0.0,0.0,0,0.0,False
38943,90166,2196.51,retry,0.41274434,906.5970774596931,8,898.5970774596931,payment_link,0.48861542,1073.2486637422444,12,1061.2486637422444,0.07587108,166.6515862825513,4,162.6515862825513,True
92596,28459,1370.44,payment_link,0.843775,1156.3429758429527,12,1144.3429758429527,payment_link,0.843775,1156.3429758429527,12,1144.3429758429527,0.0,0.0,0,0.0,False
11367,2567,3608.69,payment_link,0.71211845,2569.8147178798913,12,2557.8147178798913,payment_link,0.71211845,2569.8147178798913,12,2557.8147178798913,0.0,0.0,0,0.0,False
64005,60400,1500.08,voice_call,0.65210205,978.2052479124069,90,888.2052479124069,payment_link,0.6838021,1025.7578959274292,12,1013.7578959274292,0.031700075,47.55264801502233,-78,125.55264801502233,True
25595,68216,1815.03,retry,0.6610399,1199.807229475379,8,1191.807229475379,payment_link,0.69592,1263.1156604290009,12,1251.1156604290009,0.0348801,63.30843095362184,4,59.30843095362184,True
53465,24882,2503.73,email,0.3680123,921.4034585988521,5,916.4034585988521,payment_link,0.4375525,1095.5133500987292,12,1083.5133500987292,0.0695402,174.1098914998771,7,167.1098914998771,True
58499,15418,1459.96,whatsapp,0.8957007,1307.687183942795,18,1289.687183942795,payment_link,0.92615956,1352.1559122109413,12,1340.1559122109413,0.030458868,44.46872826814638,-6,50.46872826814638,True
81460,37209,727.0,whatsapp,0.8172316,594.1273699402809,18,576.1273699402809,payment_link,0.8632331,627.5704560279846,12,615.5704560279846,0.046001494,33.443086087703705,-6,39.443086087703705,True
87084,72326,472.4,human_escalation,0.7979695,376.9608012914657,250,126.96080129146571,payment_link,0.762221,360.0731903553009,12,348.0731903553009,-0.03574854,-16.887610936164833,-238,221.11238906383517,True
83310,68109,1863.18,retry,0.62824714,1170.5375097298622,8,1162.5375097298622,payment_link,0.6838131,1274.0668825149537,12,1262.0668825149537,0.055565953,103.52937278509148,4,99.52937278509148,True
27185,42137,673.24,payment_link,0.52752614,355.1516986370087,12,343.1516986370087,payment_link,0.52752614,355.1516986370087,12,343.1516986370087,0.0,0.0,0,0.0,False
72748,8869,3312.61,whatsapp,0.8002484,2650.910800898075,18,2632.910800898075,payment_link,0.8303152,2750.510344145894,12,2738.510344145894,0.030066788,99.59954324781893,-6,105.59954324781893,True
22849,61646,1436.55,retry,0.6661925,957.0187956243753,8,949.0187956243753,payment_link,0.7273731,1044.9078600883483,12,1032.9078600883483,0.06118065,87.889064463973,4,83.889064463973,True
26856,66590,1856.55,retry,0.7379614,1370.0622584760188,8,1362.0622584760188,payment_link,0.8160974,1515.1255884826182,12,1503.1255884826182,0.07813597,145.06333000659947,4,141.06333000659947,True
83370,38216,4563.25,voice_call,0.7534871,3438.350055336952,90,3348.350055336952,payment_link,0.81704706,3728.3899944275618,12,3716.3899944275618,0.06355995,290.03993909060955,-78,368.03993909060955,True
33667,25713,2194.8,payment_link,0.583795,1281.3132902383804,12,1269.3132902383804,payment_link,0.583795,1281.3132902383804,12,1269.3132902383804,0.0,0.0,0,0.0,False
86676,24800,1446.89,retry,0.7708239,1115.2973867839576,8,1107.2973867839576,whatsapp,0.80840284,1169.6699798470736,18,1151.6699798470736,0.03757894,54.37259306311603,10,44.37259306311603,True
49235,10810,713.36,human_escalation,0.65988386,470.73474806785583,250,220.73474806785583,payment_link,0.615242,438.8890362548828,12,426.8890362548828,-0.044641852,-31.845711812973036,-238,206.15428818702696,True
78011,94189,1045.92,payment_link,0.59485835,622.1742437267304,12,610.1742437267304,payment_link,0.59485835,622.1742437267304,12,610.1742437267304,0.0,0.0,0,0.0,False
36851,3427,514.82,retry,0.83949775,432.190229099989,8,424.190229099989,payment_link,0.89306587,459.76817109465605,12,447.76817109465605,0.053568125,27.57794199466707,4,23.57794199466707,True
52994,56002,1475.23,whatsapp,0.8986514,1325.717535905242,18,1307.717535905242,payment_link,0.9284034,1369.608514637947,12,1357.608514637947,0.029751956,43.89097873270521,-6,49.89097873270521,True
78481,28377,757.52,email,0.77947736,590.469688129425,5,585.469688129425,payment_link,0.8227359,623.2389032459259,12,611.2389032459259,0.043258548,32.76921511650096,7,25.76921511650096,True
10446,50561,1698.31,whatsapp,0.73051804,1240.64609767735,18,1222.64609767735,payment_link,0.77192855,1310.9739737343787,12,1298.9739737343787,0.041410506,70.32787605702856,-6,76.32787605702856,True
59701,25695,2910.11,payment_link,0.8536743,2484.286095534563,12,2472.286095534563,payment_link,0.8536743,2484.286095534563,12,2472.286095534563,0.0,0.0,0,0.0,False
69277,61553,4390.04,payment_link,0.64515346,2832.2495082116125,12,2820.2495082116125,payment_link,0.64515346,2832.2495082116125,12,2820.2495082116125,0.0,0.0,0,0.0,False
59356,36403,1195.18,retry,0.7971112,952.6913798010349,8,944.6913798010349,whatsapp,0.84146786,1005.7055537605286,18,987.7055537605286,0.044356644,53.01417395949363,10,43.01417395949363,True
23300,45759,5009.23,payment_link,0.74701995,3741.9947269827126,12,3729.9947269827126,human_escalation,0.8168932,4092.0060241591927,250,3842.0060241591927,0.06987327,350.0112971764802,238,112.01129717648018,True
5041,19236,5576.78,payment_link,0.7254734,4045.8055695724483,12,4033.8055695724483,human_escalation,0.8362581,4663.627521558999,250,4413.627521558999,0.11078471,617.8219519865511,238,379.8219519865511,True
28160,5333,1013.67,email,0.6096902,618.024654250145,5,613.024654250145,payment_link,0.70420486,713.831337749362,12,701.831337749362,0.09451467,95.806683499217,7,88.806683499217,True
16887,92042,1846.94,email,0.45467538,839.7581397163868,5,834.7581397163868,payment_link,0.55327153,1021.8593234205247,12,1009.8593234205247,0.098596156,182.10118370413784,7,175.10118370413784,True
79402,86406,2697.81,payment_link,0.916363,2472.1732673764227,12,2460.1732673764227,payment_link,0.916363,2472.1732673764227,12,2460.1732673764227,0.0,0.0,0,0.0,False
8067,57819,194.24,payment_link,0.83722484,162.6225531387329,12,150.6225531387329,payment_link,0.83722484,162.6225531387329,12,150.6225531387329,0.0,0.0,0,0.0,False
79664,32304,1947.28,human_escalation,0.58469236,1138.5597367763519,250,888.5597367763519,payment_link,0.5622868,1094.92982858181,12,1082.92982858181,-0.022405565,-43.62990819454194,-238,194.37009180545806,True
51400,24003,1803.53,payment_link,0.75605977,1363.5764694416523,12,1351.5764694416523,whatsapp,0.7637136,1377.3803858542442,18,1359.3803858542442,0.0076538324,13.803916412591889,6,7.803916412591889,True
68298,79791,3984.68,whatsapp,0.71223056,2838.0108804273605,18,2820.0108804273605,payment_link,0.75600016,3012.418722214699,12,3000.418722214699,0.043769598,174.40784178733838,-6,180.40784178733838,True
52402,14333,1195.16,retry,0.582951,696.719728243351,8,688.719728243351,payment_link,0.68306553,816.3726031827928,12,804.3726031827928,0.100114524,119.65287493944174,4,115.65287493944174,True
37818,37573,2703.52,payment_link,0.6209416,1678.727978582382,12,1666.727978582382,human_escalation,0.77104473,2084.5348515319824,250,1834.5348515319824,0.15010315,405.80687294960035,238,167.80687294960035,True
93891,31355,2242.07,retry,0.6179534,1385.4948236739635,8,1377.4948236739635,payment_link,0.6830996,1531.5571818172932,12,1519.5571818172932,0.06514621,146.06235814332967,4,142.06235814332967,True
54221,76482,3041.43,retry,0.77837443,2367.371353332996,8,2359.371353332996,human_escalation,0.921557,2802.8511345523593,250,2552.8511345523593,0.14318258,435.4797812193633,242,193.4797812193633,True
57910,34238,697.92,payment_link,0.6628261,462.5996062660217,12,450.5996062660217,payment_link,0.6628261,462.5996062660217,12,450.5996062660217,0.0,0.0,0,0.0,False
78259,325,3632.02,human_escalation,0.8971731,3258.550666888952,250,3008.550666888952,payment_link,0.9187701,3336.991287236214,12,3324.991287236214,0.021596968,78.44062034726176,-238,316.44062034726176,True
46314,81902,3023.28,payment_link,0.66279,2003.7997525262833,12,1991.7997525262833,payment_link,0.66279,2003.7997525262833,12,1991.7997525262833,0.0,0.0,0,0.0,False
32879,79212,1941.67,human_escalation,0.92783815,1801.5554942768813,250,1551.5554942768813,payment_link,0.91821116,1782.8630670958757,12,1770.8630670958757,-0.009626985,-18.69242718100554,-238,219.30757281899446,True
38690,58605,1254.53,whatsapp,0.6708793,841.6382137602568,18,823.6382137602568,payment_link,0.68930584,864.7548578673601,12,852.7548578673601,0.018426538,23.116644107103298,-6,29.116644107103298,True
49050,41522,2922.94,retry,0.62642896,1831.0142694687843,8,1823.0142694687843,payment_link,0.7267758,2124.322129994631,12,2112.322129994631,0.10034686,293.30786052584654,4,289.30786052584654,True
92103,28870,1260.93,voice_call,0.73640686,928.5575054293871,90,838.5575054293871,payment_link,0.8286246,1044.8376246106625,12,1032.8376246106625,0.09221774,116.28011918127538,-78,194.28011918127538,True
44406,20001,864.65,payment_link,0.72607917,627.8043508261442,12,615.8043508261442,payment_link,0.72607917,627.8043508261442,12,615.8043508261442,0.0,0.0,0,0.0,False
55442,25534,4280.95,email,0.38267022,1638.1920942038296,5,1633.1920942038296,human_escalation,0.6301277,2697.545297119021,250,2447.545297119021,0.2474575,1059.3532029151916,245,814.3532029151916,True
63744,21566,1074.88,retry,0.6755618,726.1478522109986,8,718.1478522109986,payment_link,0.7473922,803.3569038391114,12,791.3569038391114,0.07183039,77.20905162811277,4,73.20905162811277,True
31926,92482,430.64,retry,0.38880056,167.43307377338408,8,159.43307377338408,payment_link,0.47485048,204.48960889339446,12,192.48960889339446,0.086049914,37.05653512001038,4,33.05653512001038,True
80757,11972,2954.69,retry,0.8655672,2557.482771844864,8,2549.482771844864,payment_link,0.92580926,2735.4793747889994,12,2723.4793747889994,0.060242057,177.99660294413525,4,173.99660294413525,True
81638,49638,2373.33,payment_link,0.9096737,2158.9558605766297,12,2146.9558605766297,payment_link,0.9096737,2158.9558605766297,12,2146.9558605766297,0.0,0.0,0,0.0,False
82798,4053,3871.48,payment_link,0.74013734,2865.426903791428,12,2853.426903791428,human_escalation,0.84165436,3258.4480227923395,250,3008.4480227923395,0.10151702,393.02111900091177,238,155.02111900091177,True
66804,12320,1639.71,payment_link,0.93541116,1533.8030253320933,12,1521.8030253320933,payment_link,0.93541116,1533.8030253320933,12,1521.8030253320933,0.0,0.0,0,0.0,False
90880,75824,2893.87,retry,0.6659532,1927.182041684985,8,1919.182041684985,human_escalation,0.7874771,2278.8562860792877,250,2028.8562860792877,0.12152386,351.6742443943026,242,109.6742443943026,True
58249,89874,2724.12,email,0.5280496,1438.470444216728,5,1433.470444216728,payment_link,0.68222016,1858.449584877491,12,1846.449584877491,0.15417057,419.9791406607628,7,412.9791406607628,True
88917,2708,3456.08,retry,0.7022965,2427.192871952057,8,2419.192871952057,human_escalation,0.8289912,2865.0598190498354,250,2615.0598190498354,0.12669468,437.8669470977784,242,195.8669470977784,True
81294,32079,2709.86,email,0.75064284,2034.136995817423,5,2029.136995817423,payment_link,0.7865847,2131.534348241091,12,2119.534348241091,0.03594184,97.39735242366783,7,90.39735242366783,True
54080,25635,1137.03,voice_call,0.73124605,831.4487009757758,90,741.4487009757758,payment_link,0.84598976,961.9157410615683,12,949.9157410615683,0.11474371,130.46704008579252,-78,208.46704008579252,True
76916,17543,1463.63,whatsapp,0.48509657,710.0018983542919,18,692.0018983542919,payment_link,0.5573104,815.6962242549658,12,803.6962242549658,0.07221383,105.6943259006739,-6,111.6943259006739,True
54980,30251,2476.63,retry,0.7799213,1931.5764725232125,8,1923.5764725232125,whatsapp,0.82264215,2037.3802218645812,18,2019.3802218645812,0.042720854,105.80374934136876,10,95.80374934136876,True
16012,84945,2934.29,retry,0.5454332,1600.4592526429892,8,1592.4592526429892,payment_link,0.63788885,1871.750870091319,12,1859.750870091319,0.092455626,271.2916174483298,4,267.2916174483298,True
30606,76406,1346.53,email,0.8716428,1173.6932171702385,5,1168.6932171702385,payment_link,0.9258102,1246.6312326514721,12,1234.6312326514721,0.05416739,72.9380154812336,7,65.9380154812336,True
60120,37503,2112.74,payment_link,0.5533981,1169.1862441575527,12,1157.1862441575527,payment_link,0.5533981,1169.1862441575527,12,1157.1862441575527,0.0,0.0,0,0.0,False
60611,71133,753.51,payment_link,0.7903108,595.5070909649133,12,583.5070909649133,email,0.78397024,590.7294131147861,5,585.7294131147861,-0.0063405633,-4.777677850127247,-7,2.2223221498727526,True
27401,52403,8016.8,retry,0.6782117,5437.0874683380125,8,5429.0874683380125,human_escalation,0.8252271,6615.680469179154,250,6365.680469179154,0.1470154,1178.5930008411415,242,936.5930008411415,True
41952,90830,1635.55,payment_link,0.6572993,1075.045837676525,12,1063.045837676525,payment_link,0.6572993,1075.045837676525,12,1063.045837676525,0.0,0.0,0,0.0,False
98170,98347,2111.21,email,0.62168956,1312.5172118067742,5,1307.5172118067742,payment_link,0.7074859,1493.6513369822503,12,1481.6513369822503,0.085796356,181.13412517547613,7,174.13412517547613,True
85246,37763,1212.94,voice_call,0.55082864,668.1220853769779,90,578.1220853769779,payment_link,0.59804934,725.3979696524143,12,713.3979696524143,0.047220707,57.2758842754364,-78,135.2758842754364,True
68872,9893,1660.93,human_escalation,0.62292415,1034.6334068590404,250,784.6334068590404,payment_link,0.5881917,976.9452204507589,12,964.9452204507589,-0.03473246,-57.68818640828147,-238,180.31181359171853,True
96351,77141,2791.52,human_escalation,0.8111569,2264.36078915596,250,2014.36078915596,whatsapp,0.7766755,2168.105254087448,18,2150.105254087448,-0.034481406,-96.25553506851202,-232,135.74446493148798,True
48949,13702,1490.61,payment_link,0.7767716,1157.8635221511124,12,1145.8635221511124,payment_link,0.7767716,1157.8635221511124,12,1145.8635221511124,0.0,0.0,0,0.0,False
81625,86896,1915.97,retry,0.5547268,1062.839867643714,8,1054.839867643714,payment_link,0.58903116,1128.5660313910246,12,1116.5660313910246,0.03430438,65.7261637473107,4,61.72616374731069,True
38428,96079,1435.89,retry,0.87699354,1259.2662497699262,8,1251.2662497699262,payment_link,0.9348146,1342.290896269083,12,1330.290896269083,0.057821035,83.02464649915692,4,79.02464649915692,True
95667,28473,2880.89,payment_link,0.65523416,1887.6575335532425,12,1875.6575335532425,payment_link,0.65523416,1887.6575335532425,12,1875.6575335532425,0.0,0.0,0,0.0,False
42090,78758,1418.23,payment_link,0.57278043,812.3343896883727,12,800.3343896883727,payment_link,0.57278043,812.3343896883727,12,800.3343896883727,0.0,0.0,0,0.0,False
33789,69137,3608.54,whatsapp,0.51193196,1847.3269398343564,18,1829.3269398343564,payment_link,0.5883906,2123.230975165367,12,2111.230975165367,0.07645863,275.9040353310106,-6,281.9040353310106,True
93272,76122,4274.38,retry,0.6347292,2713.073825944662,8,2705.073825944662,payment_link,0.68897426,2944.9378029465674,12,2932.9378029465674,0.054245055,231.86397700190537,4,227.86397700190537,True
61257,45970,1471.98,retry,0.85624784,1260.3796989262105,8,1252.3796989262105,payment_link,0.92012435,1354.404643625021,12,1342.404643625021,0.06387651,94.02494469881049,4,90.02494469881049,True
16503,74283,1243.04,payment_link,0.864178,1074.207823457718,12,1062.207823457718,payment_link,0.864178,1074.207823457718,12,1062.207823457718,0.0,0.0,0,0.0,False
47390,49198,2698.96,payment_link,0.6311565,1703.466158452034,12,1691.466158452034,payment_link,0.6311565,1703.466158452034,12,1691.466158452034,0.0,0.0,0,0.0,False
65332,52798,751.01,retry,0.67689246,508.3530059283972,8,500.3530059283972,payment_link,0.7151528,537.0869043904543,12,525.0869043904543,0.03826034,28.733898462057084,4,24.733898462057084,True
34716,15678,1701.75,retry,0.82701784,1407.3776155561209,8,1399.3776155561209,payment_link,0.8626824,1468.0697778314352,12,1456.0697778314352,0.03566456,60.69216227531433,4,56.69216227531433,True
91943,28463,3173.87,whatsapp,0.52680224,1672.001831188798,18,1654.001831188798,human_escalation,0.6771404,2149.1556480509043,250,1899.1556480509043,0.15033817,477.1538168621064,232,245.1538168621064,True
39908,36643,4356.41,retry,0.8834233,3848.5542220735547,8,3840.5542220735547,payment_link,0.92671436,4037.147708157897,12,4025.147708157897,0.043291032,188.5934860843422,4,184.5934860843422,True
1594,32736,2095.72,email,0.8588853,1799.9830762672423,5,1794.9830762672423,payment_link,0.9246535,1937.8147712302207,12,1925.8147712302207,0.06576818,137.83169496297842,7,130.83169496297842,True
74217,37848,1771.26,payment_link,0.71345216,1263.7092735564709,12,1251.7092735564709,payment_link,0.71345216,1263.7092735564709,12,1251.7092735564709,0.0,0.0,0,0.0,False
49612,48576,10108.42,retry,0.4495551,4544.29175393939,8,4536.29175393939,human_escalation,0.5912771,5976.877490596771,250,5726.877490596771,0.14172202,1432.585736657381,242,1190.585736657381,True
9811,8691,5751.31,voice_call,0.5272304,3032.265368102789,90,2942.265368102789,human_escalation,0.7711229,4434.9666897326715,250,4184.9666897326715,0.24389249,1402.7013216298824,160,1242.7013216298824,True
40040,43954,1122.64,payment_link,0.69787836,783.4661629104615,12,771.4661629104615,payment_link,0.69787836,783.4661629104615,12,771.4661629104615,0.0,0.0,0,0.0,False
33691,98000,2612.09,retry,0.7059638,1844.0409573096038,8,1836.0409573096038,payment_link,0.7518704,1963.9531368184091,12,1951.9531368184091,0.045906603,119.91217950880537,4,115.91217950880537,True
64391,45731,4939.81,retry,0.45919374,2268.3298105850818,8,2260.3298105850818,human_escalation,0.69525343,3434.419854925275,250,3184.419854925275,0.2360597,1166.0900443401933,242,924.0900443401933,True
96684,4093,2489.2,whatsapp,0.46101183,1147.5506397485733,18,1129.5506397485733,payment_link,0.60669893,1510.1949772119522,12,1498.1949772119522,0.1456871,362.64433746337886,-6,368.64433746337886,True
80394,75414,6301.23,email,0.7263449,4576.866169890761,5,4571.866169890761,payment_link,0.7479411,4712.948751084208,12,4700.948751084208,0.021596193,136.08258119344737,7,129.08258119344737,True
8745,69356,2678.12,voice_call,0.63707244,1706.1564536237715,90,1616.1564536237715,payment_link,0.70060426,1876.3022807049751,12,1864.3022807049751,0.063531816,170.1458270812036,-78,248.1458270812036,True
75057,89506,1849.36,payment_link,0.74348384,1374.9692769670485,12,1362.9692769670485,payment_link,0.74348384,1374.9692769670485,12,1362.9692769670485,0.0,0.0,0,0.0,False
71343,64800,4436.47,whatsapp,0.6920154,3070.1056036496166,18,3052.1056036496166,payment_link,0.73134667,3244.5975469154123,12,3232.5975469154123,0.039331257,174.49194326579573,-6,180.49194326579573,True
82942,84780,2543.13,retry,0.76542795,1946.5827749669552,8,1938.5827749669552,payment_link,0.838598,2132.6637646079066,12,2120.6637646079066,0.073170066,186.08098964095143,4,182.08098964095143,True
52532,96575,2370.82,payment_link,0.72681063,1723.1371876227856,12,1711.1371876227856,whatsapp,0.732697,1737.0927253437044,18,1719.0927253437044,0.005886376,13.955537720918755,6,7.955537720918755,True
32791,82181,1967.13,payment_link,0.7647774,1504.4166100430489,12,1492.4166100430489,payment_link,0.7647774,1504.4166100430489,12,1492.4166100430489,0.0,0.0,0,0.0,False
44631,53876,479.38,retry,0.8212978,393.713751052618,8,385.713751052618,payment_link,0.87420636,419.07704684853553,12,407.07704684853553,0.05290854,25.36329579591751,4,21.36329579591751,True
65177,89755,6296.89,whatsapp,0.7365948,4638.256406122447,18,4620.256406122447,human_escalation,0.8554356,5386.583937103748,250,5136.583937103748,0.11884081,748.3275309813016,232,516.3275309813016,True
98640,51513,403.53,retry,0.68024427,274.4989690572023,8,266.4989690572023,payment_link,0.777063,313.5682372820377,12,301.5682372820377,0.096818745,39.06926822483541,4,35.06926822483541,True
29834,70404,1320.39,retry,0.51178956,675.7618175482751,8,667.7618175482751,payment_link,0.5865383,774.459325504303,12,762.459325504303,0.074748755,98.69750795602795,4,94.69750795602795,True
35756,30142,970.74,voice_call,0.83502394,810.5911391365528,90,720.5911391365528,payment_link,0.892241,866.1340294361114,12,854.1340294361114,0.05721706,55.54289029955862,-78,133.54289029955862,True
66932,56028,2256.7,retry,0.8661854,1954.7206524610517,8,1946.7206524610517,payment_link,0.9424498,2126.8264819860456,12,2114.8264819860456,0.07626438,172.10582952499385,4,168.10582952499385,True
72061,69992,1480.59,whatsapp,0.55373687,819.8572657209635,18,801.8572657209635,payment_link,0.5783342,856.2758513939381,12,844.2758513939381,0.024597347,36.41858567297459,-6,42.41858567297459,True
82211,48692,357.19,retry,0.45274696,161.7166857638955,8,153.7166857638955,payment_link,0.6148801,219.62901755809784,12,207.62901755809784,0.16213313,57.912331794202345,4,53.912331794202345,True
33735,47132,3434.08,whatsapp,0.772536,2652.9503573322295,18,2634.9503573322295,human_escalation,0.88164073,3027.624805936813,250,2777.624805936813,0.10910475,374.67444860458363,232,142.67444860458363,True
48467,2342,1636.5,whatsapp,0.5047415,826.0094482004642,18,808.0094482004642,payment_link,0.54967517,899.5434101521969,12,887.5434101521969,0.044933677,73.53396195173264,-6,79.53396195173264,True
46322,79802,1982.74,retry,0.6393175,1267.6004047584534,8,1259.6004047584534,payment_link,0.7815623,1549.6348908901214,12,1537.6348908901214,0.14224482,282.034486131668,4,278.034486131668,True
69133,78914,2569.46,retry,0.6190609,1590.6521532702445,8,1582.6521532702445,payment_link,0.68422717,1758.0943405282499,12,1746.0943405282499,0.065166295,167.44218725800533,4,163.44218725800533,True
98269,28464,1215.48,email,0.48412344,588.4423571455479,5,583.4423571455479,payment_link,0.56172764,682.7687155294418,12,670.7687155294418,0.077604204,94.32635838389388,7,87.32635838389388,True
1396,31279,2156.77,retry,0.69644576,1502.0733285051583,8,1494.0733285051583,payment_link,0.75542724,1629.2828112733364,12,1617.2828112733364,0.05898148,127.20948276817808,4,123.20948276817808,True
27540,10797,1344.88,retry,0.91222215,1226.8293210411073,8,1218.8293210411073,payment_link,0.94313216,1268.399582157135,12,1256.399582157135,0.030910015,41.57026111602772,4,37.57026111602772,True
32446,70187,2182.16,payment_link,0.8614809,1879.889142642021,12,1867.889142642021,payment_link,0.8614809,1879.889142642021,12,1867.889142642021,0.0,0.0,0,0.0,False
18801,53263,1051.4,retry,0.55597377,584.5508199214936,8,576.5508199214936,payment_link,0.60273105,633.7114249825478,12,621.7114249825478,0.04675728,49.160605061054184,4,45.160605061054184,True
38598,69464,673.11,email,0.67934644,457.27488372445106,5,452.27488372445106,payment_link,0.7943058,534.6551779747009,12,522.6551779747009,0.11495936,77.38029425024985,7,70.38029425024985,True
96110,25034,4689.81,payment_link,0.743231,3485.6121691507105,12,3473.6121691507105,human_escalation,0.81863964,3839.264351495505,250,3589.264351495505,0.07540864,353.65218234479426,238,115.65218234479426,True
12308,78844,4441.94,whatsapp,0.7790669,3460.568515870571,18,3442.568515870571,human_escalation,0.9042241,4016.509188665151,250,3766.509188665151,0.12515718,555.9406727945802,232,323.9406727945802,True
54541,19861,905.69,retry,0.54210144,490.97585574209694,8,482.97585574209694,payment_link,0.5992756,542.7579081916809,12,530.7579081916809,0.057174146,51.782052449584,4,47.782052449584,True
88590,95179,1566.92,retry,0.69534993,1089.5577150058748,8,1081.5577150058748,whatsapp,0.75275767,1179.5110459184648,18,1161.5110459184648,0.057407737,89.95333091258999,10,79.95333091258999,True
98214,53132,323.83,retry,0.5340187,172.9312741166353,8,164.9312741166353,payment_link,0.58137536,188.26678298711775,12,176.26678298711775,0.047356665,15.335508870482442,4,11.335508870482442,True
18585,46076,9372.0,email,0.56147015,5262.0982546806335,5,5257.0982546806335,human_escalation,0.7106215,6659.944474697113,250,6409.944474697113,0.14915133,1397.8462200164795,245,1152.8462200164795,True
33426,47120,999.8,retry,0.693094,692.9553963184356,8,684.9553963184356,payment_link,0.75484824,754.697272157669,12,742.697272157669,0.061754227,61.74187583923333,4,57.74187583923333,True
77962,41214,6777.8,payment_link,0.7674308,5201.492356395722,12,5189.492356395722,payment_link,0.7674308,5201.492356395722,12,5189.492356395722,0.0,0.0,0,0.0,False
94547,50314,1823.21,retry,0.69430053,1265.8556735694408,8,1257.8556735694408,retry,0.69430053,1265.8556735694408,8,1257.8556735694408,0.0,0.0,0,0.0,False
76467,7056,6090.22,whatsapp,0.8997927,5479.93532201767,18,5461.93532201767,payment_link,0.90749156,5526.823277475834,12,5514.823277475834,0.0076988935,46.88795545816447,-6,52.88795545816447,True
79379,65231,3175.56,email,0.61408633,1950.06798589468,5,1945.06798589468,payment_link,0.69563055,2209.016550579071,12,2197.016550579071,0.08154422,258.94856468439093,7,251.94856468439093,True
51660,98528,4896.65,whatsapp,0.8162736,3997.006268700957,18,3979.006268700957,human_escalation,0.90639377,4438.29303625822,250,4188.29303625822,0.09012014,441.2867675572629,232,209.28676755726292,True
81441,51237,728.09,retry,0.54073954,393.7070489740372,8,385.7070489740372,payment_link,0.6233411,453.84840950489047,12,441.84840950489047,0.08260155,60.14136053085326,4,56.14136053085326,True
31242,5203,2966.33,payment_link,0.67060465,1989.2346801799536,12,1977.2346801799536,payment_link,0.67060465,1989.2346801799536,12,1977.2346801799536,0.0,0.0,0,0.0,False
81676,3272,1261.3,retry,0.7026365,886.2353926420211,8,878.2353926420211,payment_link,0.7506865,946.840915620327,12,934.840915620327,0.048050046,60.605522978305885,4,56.605522978305885,True
97585,55440,1593.36,human_escalation,0.65934867,1050.579791522026,250,800.579791522026,payment_link,0.61855686,985.5837538433075,12,973.5837538433075,-0.04079181,-64.9960376787185,-238,173.0039623212815,True
9858,46746,1066.23,payment_link,0.7290914,777.3791296792031,12,765.3791296792031,payment_link,0.7290914,777.3791296792031,12,765.3791296792031,0.0,0.0,0,0.0,False
38295,58953,993.23,email,0.86125433,855.4236426055431,5,850.4236426055431,payment_link,0.91609085,909.8889110338688,12,897.8889110338688,0.05483651,54.46526842832566,7,47.46526842832566,True
87806,53055,3802.96,retry,0.797088,3031.2938831615447,8,3023.2938831615447,payment_link,0.85864264,3265.38360558033,12,3253.38360558033,0.06155461,234.0897224187852,4,230.0897224187852,True
12173,54497,3384.34,payment_link,0.6360811,2152.7147083163263,12,2140.7147083163263,payment_link,0.6360811,2152.7147083163263,12,2140.7147083163263,0.0,0.0,0,0.0,False
71508,3264,852.98,payment_link,0.81565934,695.7411074125766,12,683.7411074125766,payment_link,0.81565934,695.7411074125766,12,683.7411074125766,0.0,0.0,0,0.0,False
61460,63799,1551.38,payment_link,0.5423357,841.3687413060666,12,829.3687413060666,payment_link,0.5423357,841.3687413060666,12,829.3687413060666,0.0,0.0,0,0.0,False
69553,46124,2371.81,email,0.5675192,1346.0476851177216,5,1341.0476851177216,payment_link,0.704299,1670.4633473491667,12,1658.4633473491667,0.13677979,324.41566223144514,7,317.41566223144514,True
33748,9394,662.85,payment_link,0.89408475,592.6440776020289,12,580.6440776020289,payment_link,0.89408475,592.6440776020289,12,580.6440776020289,0.0,0.0,0,0.0,False
63050,79624,3021.6,retry,0.68399924,2066.7721047878263,8,2058.7721047878263,human_escalation,0.84209836,2544.4843903541564,250,2294.4843903541564,0.15809911,477.71228556633014,242,235.71228556633014,True
80700,15995,2277.3,retry,0.7734357,1761.3451466202737,8,1753.3451466202737,payment_link,0.82338285,1875.089774465561,12,1863.089774465561,0.049947143,113.74462784528737,4,109.74462784528737,True
34097,37664,590.04,whatsapp,0.56690544,334.49688516855235,18,316.49688516855235,payment_link,0.59507245,351.11654736757276,12,339.11654736757276,0.02816701,16.61966219902041,-6,22.61966219902041,True
68712,58450,878.52,email,0.46090087,404.9106349003315,5,399.9106349003315,payment_link,0.54100394,475.2827835559845,12,463.2827835559845,0.08010307,70.372148655653,7,63.37214865565301,True
12475,62804,3438.03,email,0.5871911,2018.78063434124,5,2013.78063434124,payment_link,0.69785696,2399.2531734055283,12,2387.2531734055283,0.11066586,380.4725390642882,7,373.4725390642882,True
15979,17340,262.25,payment_link,0.50164366,131.55604922771454,12,119.55604922771454,payment_link,0.50164366,131.55604922771454,12,119.55604922771454,0.0,0.0,0,0.0,False
83178,30704,1369.83,email,0.6976101,955.6072162181139,5,950.6072162181139,payment_link,0.7342628,1005.8152442800998,12,993.8152442800998,0.036652744,50.20802806198594,7,43.20802806198594,True
83989,42824,1339.48,retry,0.47553217,636.9658365774155,8,628.9658365774155,payment_link,0.5337647,714.967167096138,12,702.967167096138,0.058232546,78.00133051872251,4,74.00133051872251,True
92314,82449,1085.58,retry,0.5366642,582.591909109354,8,574.591909109354,payment_link,0.6096682,661.843599396944,12,649.843599396944,0.07300401,79.25169028759001,4,75.25169028759001,True
90583,14893,1618.9,payment_link,0.6523111,1056.0264181852342,12,1044.0264181852342,payment_link,0.6523111,1056.0264181852342,12,1044.0264181852342,0.0,0.0,0,0.0,False
94675,83444,2048.37,email,0.78938144,1616.9452693766355,5,1611.9452693766355,payment_link,0.86058253,1762.791437997222,12,1750.791437997222,0.071201086,145.84616862058647,7,138.84616862058647,True
75205,42426,1082.34,voice_call,0.7709703,834.451978200674,90,744.451978200674,payment_link,0.8358488,904.6725991630553,12,892.6725991630553,0.06487852,70.2206209623813,-78,148.2206209623813,True
57277,51337,3581.2,human_escalation,0.75858545,2716.646224403381,250,2466.646224403381,payment_link,0.73183805,2620.858415722847,12,2608.858415722847,-0.026747406,-95.787808680534,-238,142.212191319466,True
19273,51655,1920.93,payment_link,0.5799952,1114.130208232999,12,1102.130208232999,payment_link,0.5799952,1114.130208232999,12,1102.130208232999,0.0,0.0,0,0.0,False
52157,40597,1922.5,email,0.6780217,1303.4967739880085,5,1298.4967739880085,payment_link,0.77325875,1486.5899385511875,12,1474.5899385511875,0.09523702,183.09316456317902,7,176.09316456317902,True
65007,82851,1569.82,human_escalation,0.8502568,1334.7501307988166,250,1084.7501307988166,payment_link,0.7615363,1195.474914752245,12,1183.474914752245,-0.0887205,-139.2752160465716,-238,98.72478395342841,True
1953,74488,158.68,retry,0.63323337,100.48147089719772,8,92.48147089719772,payment_link,0.6806651,108.00793422460556,12,96.00793422460556,0.047431707,7.526463327407839,4,3.526463327407839,True
29059,56362,2994.01,whatsapp,0.65913,1973.441743115187,18,1955.441743115187,payment_link,0.7013292,2099.786553234458,12,2087.786553234458,0.042199194,126.34481011927119,-6,132.3448101192712,True
63877,95864,2740.11,whatsapp,0.7415158,2031.83490054667,18,2013.83490054667,payment_link,0.7405345,2029.1459460121393,12,2017.1459460121393,-0.0009813309,-2.688954534530694,-6,3.311045465469306,True
33010,70021,2499.78,payment_link,0.71768993,1794.066936696768,12,1782.066936696768,payment_link,0.71768993,1794.066936696768,12,1782.066936696768,0.0,0.0,0,0.0,False
9306,66612,1771.31,retry,0.8985746,1591.6541582226753,8,1583.6541582226753,payment_link,0.9395073,1664.1586855214834,12,1652.1586855214834,0.040932715,72.50452729880817,4,68.50452729880817,True
88473,90812,1355.79,retry,0.50581586,685.7800897228717,8,677.7800897228717,payment_link,0.5822386,789.3932912331819,12,777.3932912331819,0.07642275,103.6132015103102,4,99.6132015103102,True
38675,45343,959.15,email,0.6647316,637.5773349940777,5,632.5773349940777,payment_link,0.7422472,711.9264247596263,12,699.9264247596263,0.0775156,74.34908976554868,7,67.34908976554868,True
88374,732,3011.83,retry,0.48720613,1467.3820421919227,8,1459.3820421919227,payment_link,0.5918817,1782.6470376497507,12,1770.6470376497507,0.10467556,315.26499545782804,4,311.26499545782804,True
38084,35675,559.3,whatsapp,0.64926124,363.1318094015121,18,345.1318094015121,payment_link,0.69806886,390.42991182804104,12,378.42991182804104,0.04880762,27.298102426528942,-6,33.29810242652894,True
70338,7911,1482.63,retry,0.6531371,968.3606405174733,8,960.3606405174733,payment_link,0.7249719,1074.8650739371778,12,1062.8650739371778,0.0718348,106.50443341970458,4,102.50443341970458,True
2852,67143,3559.62,email,0.88653016,3155.7104913568496,5,3150.7104913568496,payment_link,0.9516392,3387.4738415908814,12,3375.4738415908814,0.065109015,231.7633502340318,7,224.7633502340318,True
95012,48390,2177.11,retry,0.71611005,1559.0503524321318,8,1551.0503524321318,payment_link,0.7720692,1680.8796103549005,12,1668.8796103549005,0.055959165,121.82925792276865,4,117.82925792276865,True
88106,86987,858.09,payment_link,0.9035868,775.3588013881446,12,763.3588013881446,payment_link,0.9035868,775.3588013881446,12,763.3588013881446,0.0,0.0,0,0.0,False
76314,16842,1596.52,whatsapp,0.8824518,1408.8519041347504,18,1390.8519041347504,payment_link,0.9046821,1444.3430660033225,12,1432.3430660033225,0.022230327,35.491161868572135,-6,41.491161868572135,True
48465,67739,1853.76,retry,0.69978017,1297.2244808006287,8,1289.2244808006287,payment_link,0.73056066,1354.284129753113,12,1342.284129753113,0.030780494,57.05964895248417,4,53.05964895248417,True
66090,25121,3070.7,voice_call,0.63278097,1943.0805219471454,90,1853.0805219471454,payment_link,0.76523525,2349.8078675210472,12,2337.8078675210472,0.13245428,406.72734557390186,-78,484.72734557390186,True
49582,71023,621.07,whatsapp,0.8866427,550.6671782565118,18,532.6671782565118,payment_link,0.91773105,569.9752211594582,12,557.9752211594582,0.031088352,19.308042902946454,-6,25.308042902946454,True
86440,25512,5482.58,payment_link,0.5895828,3232.434872367382,12,3220.434872367382,payment_link,0.5895828,3232.434872367382,12,3220.434872367382,0.0,0.0,0,0.0,False
84601,31345,961.31,retry,0.72181714,693.8900308263302,8,685.8900308263302,payment_link,0.7872878,756.8276078146696,12,744.8276078146696,0.065470636,62.9375769883394,4,58.9375769883394,True
70205,10269,2334.43,email,0.6657682,1554.1892734116316,5,1549.1892734116316,payment_link,0.6931249,1618.0515377271174,12,1606.0515377271174,0.027356684,63.862264315485845,7,56.862264315485845,True
31322,3209,3326.52,retry,0.7279543,2421.554631378651,8,2413.554631378651,human_escalation,0.8303965,2762.330476720333,250,2512.330476720333,0.102442145,340.77584534168227,242,98.77584534168227,True
19177,12551,4078.16,whatsapp,0.7125709,2905.978164730072,18,2887.978164730072,payment_link,0.7209802,2940.2727225160597,12,2928.2727225160597,0.008409321,34.29455778598776,-6,40.29455778598776,True
95141,61991,1221.64,voice_call,0.55674446,680.1412975835801,90,590.1412975835801,payment_link,0.5802416,708.8463733172417,12,696.8463733172417,0.023497164,28.7050757336616,-78,106.7050757336616,True
44962,95004,2448.32,retry,0.6229883,1525.2746745872498,8,1517.2746745872498,payment_link,0.6945739,1700.539120025635,12,1688.539120025635,0.071585596,175.2644454383851,4,171.2644454383851,True
11600,77752,628.27,voice_call,0.6213977,390.4055166965723,90,300.4055166965723,payment_link,0.7499955,471.199691414237,12,459.199691414237,0.12859786,80.7941747176647,-78,158.7941747176647,True
73378,95257,4107.95,email,0.8479334,3483.268058174848,5,3478.268058174848,whatsapp,0.9212535,3784.4633250564334,18,3766.4633250564334,0.07332009,301.1952668815852,13,288.1952668815852,True
26856,66590,1856.55,whatsapp,0.78048265,1449.0050634920597,18,1431.0050634920597,payment_link,0.8160974,1515.1255884826182,12,1503.1255884826182,0.03561473,66.12052499055858,-6,72.12052499055858,True
83787,99993,2072.34,whatsapp,0.72799885,1508.6611424660684,18,1490.6611424660684,payment_link,0.7694588,1594.5801889801025,12,1582.5801889801025,0.041459918,85.91904651403411,-6,91.91904651403411,True
84019,22514,1096.65,payment_link,0.7720264,846.6427730977535,12,834.6427730977535,payment_link,0.7720264,846.6427730977535,12,834.6427730977535,0.0,0.0,0,0.0,False
70506,15608,1188.72,whatsapp,0.7777971,924.5829721927643,18,906.5829721927643,payment_link,0.8159596,969.9474633693695,12,957.9474633693695,0.03816247,45.36449117660527,-6,51.36449117660527,True
62737,22053,943.39,payment_link,0.7860074,741.5115251684189,12,729.5115251684189,payment_link,0.7860074,741.5115251684189,12,729.5115251684189,0.0,0.0,0,0.0,False
92337,85366,5324.84,retry,0.53703856,2859.6444307613374,8,2851.6444307613374,human_escalation,0.6596482,3512.5210148334504,250,3262.5210148334504,0.122609615,652.876584072113,242,410.876584072113,True
3111,42459,3004.64,payment_link,0.68582714,2060.6636460304258,12,2048.6636460304258,payment_link,0.68582714,2060.6636460304258,12,2048.6636460304258,0.0,0.0,0,0.0,False
35874,81015,2726.11,whatsapp,0.63556594,1732.6226553303004,18,1714.6226553303004,payment_link,0.6699387,1826.3265445029735,12,1814.3265445029735,0.034372747,93.70388917267314,-6,99.70388917267314,True
30079,97262,1018.9,whatsapp,0.58543944,596.5042490720749,18,578.5042490720749,payment_link,0.60089564,612.2525708913803,12,600.2525708913803,0.0154562,15.748321819305374,-6,21.748321819305374,True
12650,17507,2815.08,payment_link,0.6087261,1713.6126252007484,12,1701.6126252007484,payment_link,0.6087261,1713.6126252007484,12,1701.6126252007484,0.0,0.0,0,0.0,False
71351,29324,2534.54,retry,0.678379,1719.3787087166309,8,1711.3787087166309,payment_link,0.7564191,1917.1745220291614,12,1905.1745220291614,0.07804012,197.79581331253053,4,193.79581331253053,True
39563,40047,693.09,retry,0.7248666,502.3978116488457,8,494.3978116488457,payment_link,0.7677688,532.1328777712583,12,520.1328777712583,0.04290217,29.73506612241266,4,25.73506612241266,True
58948,22685,1810.89,payment_link,0.55909425,1012.4581867486239,12,1000.4581867486239,payment_link,0.55909425,1012.4581867486239,12,1000.4581867486239,0.0,0.0,0,0.0,False
7043,87480,5627.48,whatsapp,0.54230314,3051.8001020407673,18,3033.8001020407673,human_escalation,0.67111355,3776.6780840849874,250,3526.6780840849874,0.1288104,724.8779820442201,232,492.87798204422006,True
86544,40961,4182.9,whatsapp,0.49751994,2081.0761576026675,18,2063.0761576026675,human_escalation,0.6315751,2641.8155174732206,250,2391.8155174732206,0.13405517,560.739359870553,232,328.739359870553,True
37010,14081,2225.28,payment_link,0.7950998,1769.3196715164186,12,1757.3196715164186,payment_link,0.7950998,1769.3196715164186,12,1757.3196715164186,0.0,0.0,0,0.0,False
77780,50565,775.98,whatsapp,0.44427723,344.750242549181,18,326.750242549181,payment_link,0.52489376,407.3070604133606,12,395.3070604133606,0.080616534,62.55681786417961,-6,68.5568178641796,True
47720,25497,1773.87,retry,0.6695686,1187.7276494139433,8,1179.7276494139433,payment_link,0.7031268,1247.2555156767366,12,1235.2555156767366,0.03355819,59.527866262793395,4,55.527866262793395,True
60432,15340,3302.4,payment_link,0.7520352,2483.521046447754,12,2471.521046447754,payment_link,0.7520352,2483.521046447754,12,2471.521046447754,0.0,0.0,0,0.0,False
41998,64884,2466.63,retry,0.7570863,1867.4517234563828,8,1859.4517234563828,payment_link,0.7981578,1968.7600017535688,12,1956.7600017535688,0.041071534,101.308278297186,4,97.308278297186,True
15646,66817,2191.67,retry,0.47548106,1042.0975816246867,8,1034.0975816246867,payment_link,0.5191596,1137.8265534943343,12,1125.8265534943343,0.043678552,95.7289718696477,4,91.7289718696477,True
54980,30251,2476.63,email,0.78785616,1951.2282054895163,5,1946.2282054895163,whatsapp,0.82264215,2037.3802218645812,18,2019.3802218645812,0.034785986,86.15201637506493,13,73.15201637506493,True
3459,82955,3290.31,payment_link,0.6619635,2178.0651975005867,12,2166.0651975005867,payment_link,0.6619635,2178.0651975005867,12,2166.0651975005867,0.0,0.0,0,0.0,False
70460,91450,1349.05,payment_link,0.8935399,1205.4300095796584,12,1193.4300095796584,payment_link,0.8935399,1205.4300095796584,12,1193.4300095796584,0.0,0.0,0,0.0,False
35424,55307,519.09,email,0.59833723,310.59087431252004,5,305.59087431252004,payment_link,0.7903149,410.2445680832863,12,398.2445680832863,0.19197768,99.65369377076627,7,92.65369377076627,True
75994,65149,1335.88,retry,0.64049697,855.6270912456513,8,847.6270912456513,payment_link,0.841736,1124.4583126044274,12,1112.4583126044274,0.20123905,268.83122135877613,4,264.83122135877613,True
11043,45694,2273.89,whatsapp,0.7341005,1669.2638328117132,18,1651.2638328117132,whatsapp,0.7341005,1669.2638328117132,18,1651.2638328117132,0.0,0.0,0,0.0,False
5285,96552,1181.62,email,0.7717682,911.9367550396919,5,906.9367550396919,payment_link,0.8439864,997.2712005400657,12,985.2712005400657,0.07221818,85.33444550037382,7,78.33444550037382,True
22997,37766,3486.68,retry,0.6895066,2404.0888384985924,8,2396.0888384985924,payment_link,0.7691395,2681.7434104442596,12,2669.7434104442596,0.07963294,277.65457194566716,4,273.65457194566716,True
5956,9499,2602.46,payment_link,0.8094715,2106.6171686577795,12,2094.6171686577795,human_escalation,0.90608084,2358.039148118496,250,2108.039148118496,0.096609354,251.42197946071656,238,13.421979460716557,True
94960,36912,2561.15,email,0.7717783,1976.6399559170009,5,1971.6399559170009,payment_link,0.83871615,2148.077865856886,12,2136.077865856886,0.066937864,171.43790993988523,7,164.43790993988523,True
63824,29463,947.56,email,0.36816946,348.86265040993686,5,343.86265040993686,email,0.36816946,348.86265040993686,5,343.86265040993686,0.0,0.0,0,0.0,False
51130,31875,2695.55,voice_call,0.43866163,1182.4343700140716,90,1092.4343700140716,payment_link,0.6394168,1723.5799925744534,12,1711.5799925744534,0.20075518,541.1456225603818,-78,619.1456225603818,True
64811,95618,1128.35,whatsapp,0.46783662,527.8834483981132,18,509.88344839811316,payment_link,0.5121423,577.8757648885249,12,565.8757648885249,0.044305682,49.99231649041178,-6,55.99231649041178,True
45580,87157,3243.2,whatsapp,0.71122575,2306.647346115112,18,2288.647346115112,payment_link,0.7238278,2347.518253803253,12,2335.518253803253,0.012602031,40.87090768814096,-6,46.87090768814096,True
4206,86774,1340.08,payment_link,0.5725026,767.1993017196655,12,755.1993017196655,payment_link,0.5725026,767.1993017196655,12,755.1993017196655,0.0,0.0,0,0.0,False
97213,92750,2311.19,email,0.7073856,1634.902523970008,5,1629.902523970008,payment_link,0.7562364,1747.8059460991622,12,1735.8059460991622,0.048850775,112.90342212915425,7,105.90342212915425,True
2099,89975,5545.4,email,0.45205787,2506.8417025506496,5,2501.8417025506496,human_escalation,0.6335589,3513.337684690952,250,3263.337684690952,0.18150106,1006.4959821403022,245,761.4959821403022,True
33577,9869,1128.89,retry,0.6366495,718.7072420918942,8,710.7072420918942,payment_link,0.68697494,775.5191430467368,12,763.5191430467368,0.050325453,56.8119009548426,4,52.8119009548426,True
20071,89681,1643.07,payment_link,0.80384016,1320.7656522989273,12,1308.7656522989273,payment_link,0.80384016,1320.7656522989273,12,1308.7656522989273,0.0,0.0,0,0.0,False
24766,33881,2555.32,voice_call,0.4355133,1112.87581453681,90,1022.8758145368099,payment_link,0.54493755,1392.4898228764534,12,1380.4898228764534,0.10942426,279.61400833964353,-78,357.61400833964353,True
65401,56973,9815.74,retry,0.8834316,8671.535025359392,8,8663.535025359392,whatsapp,0.9231582,9061.481148809195,18,9043.481148809195,0.039726615,389.94612344980305,10,379.94612344980305,True
830,28071,1819.47,retry,0.8806346,1602.2882463687658,8,1594.2882463687658,payment_link,0.9219751,1677.5059918910265,12,1665.5059918910265,0.04134047,75.21774552226066,4,71.21774552226066,True
76514,79643,6925.99,voice_call,0.8813583,6104.278948701024,90,6014.278948701024,whatsapp,0.89200324,6178.005507748723,18,6160.005507748723,0.010644913,73.72655904769908,-72,145.72655904769908,True
78888,71330,1512.98,retry,0.7493068,1133.6861992096901,8,1125.6861992096901,payment_link,0.808134,1222.6906086337567,12,1210.6906086337567,0.05882722,89.00440942406658,4,85.00440942406658,True
85101,44181,2642.3,whatsapp,0.6498289,1717.0429310798647,18,1699.0429310798647,payment_link,0.7170442,1894.645822733641,12,1882.645822733641,0.067215264,177.60289165377617,-6,183.60289165377617,True
95852,15031,1725.65,email,0.3976791,686.2549225211144,5,681.2549225211144,payment_link,0.5883097,1015.2166428774595,12,1003.2166428774595,0.19063061,328.96172035634515,7,321.96172035634515,True
39401,75915,762.14,whatsapp,0.55774045,425.0763064908981,18,407.0763064908981,payment_link,0.63013273,480.2493624818325,12,468.2493624818325,0.072392285,55.173055990934415,-6,61.173055990934415,True
30940,34935,1405.61,payment_link,0.7435685,1045.1672911936043,12,1033.1672911936043,payment_link,0.7435685,1045.1672911936043,12,1033.1672911936043,0.0,0.0,0,0.0,False
61994,97308,4598.79,whatsapp,0.32960477,1515.7831419047714,18,1497.7831419047714,payment_link,0.47813866,2198.8592671778797,12,2186.8592671778797,0.14853388,683.0761252731083,-6,689.0761252731083,True
20574,9617,4928.11,email,0.594899,2931.727704667449,5,2926.727704667449,human_escalation,0.76987165,3794.0121875602003,250,3544.0121875602003,0.17497265,862.2844828927514,245,617.2844828927514,True
82040,63546,922.88,payment_link,0.602378,555.922618560791,12,543.922618560791,payment_link,0.602378,555.922618560791,12,543.922618560791,0.0,0.0,0,0.0,False
89232,8487,649.18,payment_link,0.48355868,313.9166268604994,12,301.9166268604994,payment_link,0.48355868,313.9166268604994,12,301.9166268604994,0.0,0.0,0,0.0,False
33514,47063,480.96,payment_link,0.9119245,438.5991985702515,12,426.5991985702515,payment_link,0.9119245,438.5991985702515,12,426.5991985702515,0.0,0.0,0,0.0,False
60702,62709,4322.92,whatsapp,0.8799722,3804.0495069789886,18,3786.0495069789886,payment_link,0.9349675,4041.789782276154,12,4029.789782276154,0.0549953,237.74027529716523,-6,243.74027529716523,True
96468,72083,3491.83,whatsapp,0.68184,2380.869376057982,18,2362.869376057982,payment_link,0.7098493,2478.673074236512,12,2466.673074236512,0.028009295,97.80369817852988,-6,103.80369817852988,True
87532,36655,1635.14,voice_call,0.64196163,1049.6971464788915,90,959.6971464788915,whatsapp,0.76395017,1249.1654794800281,18,1231.1654794800281,0.121988535,199.46833300113667,-72,271.46833300113667,True
46038,21695,1984.84,whatsapp,0.7622877,1513.019071495533,18,1495.019071495533,whatsapp,0.7622877,1513.019071495533,18,1495.019071495533,0.0,0.0,0,0.0,False
73261,62439,1448.5,whatsapp,0.4683074,678.3432771712542,18,660.3432771712542,payment_link,0.5061152,733.1078644990921,12,721.1078644990921,0.037807792,54.764587327837944,-6,60.764587327837944,True
35966,24837,687.86,voice_call,0.4989668,343.2193120503426,90,253.21931205034258,payment_link,0.64809453,445.7983067584038,12,433.7983067584038,0.14912772,102.5789947080612,-78,180.5789947080612,True
52210,98496,2370.74,payment_link,0.7980601,1891.993046878576,12,1879.993046878576,payment_link,0.7980601,1891.993046878576,12,1879.993046878576,0.0,0.0,0,0.0,False
90726,50392,1456.06,retry,0.89172685,1298.4077993416786,8,1290.4077993416786,payment_link,0.935903,1362.7309407484531,12,1350.7309407484531,0.04417616,64.32314140677454,4,60.32314140677454,True
96081,39511,2771.54,retry,0.72230715,2001.903146303892,8,1993.903146303892,human_escalation,0.9060436,2511.136048976183,250,2261.136048976183,0.18373644,509.2329026722907,242,267.2329026722907,True
12752,83521,674.35,voice_call,0.48457462,326.77289226949216,90,236.77289226949216,payment_link,0.6165247,415.75342898368837,12,403.75342898368837,0.13195008,88.9805367141962,-78,166.9805367141962,True
90164,23874,838.47,retry,0.66814184,560.21689016819,8,552.21689016819,payment_link,0.7104739,595.7110468018055,12,583.7110468018055,0.042332053,35.49415663361549,4,31.49415663361549,True
69115,79465,1227.74,retry,0.74206674,911.065020582676,8,903.065020582676,whatsapp,0.76751405,942.3076997554302,18,924.3076997554302,0.025447309,31.242679172754265,10,21.242679172754265,True
17259,78575,1356.57,whatsapp,0.45357227,615.302538728714,18,597.302538728714,payment_link,0.5159308,699.8962071382999,12,687.8962071382999,0.0623585,84.59366840958592,-6,90.59366840958592,True
85815,32970,2707.22,email,0.8363558,2264.1991634869573,5,2259.1991634869573,payment_link,0.9094094,2461.9713261580464,12,2449.9713261580464,0.0730536,197.77216267108906,7,190.77216267108906,True
81551,68060,2007.34,whatsapp,0.5872339,1178.7780988812447,18,1160.7780988812447,whatsapp,0.5872339,1178.7780988812447,18,1160.7780988812447,0.0,0.0,0,0.0,False
14924,62812,1339.14,voice_call,0.70113415,938.9167792832852,90,848.9167792832852,payment_link,0.85095423,1139.546853722334,12,1127.546853722334,0.14982009,200.6300744390487,-78,278.6300744390487,True
21607,19607,2543.86,retry,0.8526145,2168.9319778847694,8,2160.9319778847694,payment_link,0.89956856,2288.3764712905886,12,2276.3764712905886,0.046954036,119.44449340581923,4,115.44449340581923,True
4375,92832,1710.8,email,0.77267325,1321.8893948078155,5,1316.8893948078155,payment_link,0.8684662,1485.7719722986221,12,1473.7719722986221,0.09579295,163.88257749080663,7,156.88257749080663,True
57358,33954,1074.33,retry,0.66403013,713.3874945884943,8,705.3874945884943,payment_link,0.7695109,826.7086718577146,12,814.7086718577146,0.10548079,113.32117726922036,4,109.32117726922036,True
84418,10429,1173.5,voice_call,0.58462083,686.0525479912758,90,596.0525479912758,payment_link,0.7324193,859.4940626323223,12,847.4940626323223,0.14779848,173.44151464104652,-78,251.44151464104652,True
67718,99656,1032.8,payment_link,0.75159097,776.2431509017944,12,764.2431509017944,payment_link,0.75159097,776.2431509017944,12,764.2431509017944,0.0,0.0,0,0.0,False
74274,13700,2931.9,email,0.6254363,1833.7167055606842,5,1828.7167055606842,payment_link,0.6664784,1954.0480076551437,12,1942.0480076551437,0.04104209,120.33130209445949,7,113.33130209445949,True
93488,38374,956.96,voice_call,0.6234697,596.635574016571,90,506.635574016571,payment_link,0.7669586,733.948696422577,12,721.948696422577,0.14348888,137.31312240600596,-78,215.31312240600596,True
98688,72635,2654.02,email,0.5134554,1362.7208766365052,5,1357.7208766365052,payment_link,0.58610797,1555.5422726392746,12,1543.5422726392746,0.07265258,192.82139600276946,7,185.82139600276946,True
5235,31031,2963.09,retry,0.45057508,1335.0945241507889,8,1327.0945241507889,payment_link,0.5264208,1559.8321255296469,12,1547.8321255296469,0.07584569,224.73760137885802,4,220.73760137885802,True
55252,61404,511.26,voice_call,0.60123676,307.3883062326908,90,217.3883062326908,payment_link,0.7586586,387.87178966641426,12,375.87178966641426,0.15742183,80.48348343372345,-78,158.48348343372345,True
8615,29968,756.16,email,0.4782939,361.6667121887207,5,356.6667121887207,payment_link,0.568138,429.6032326126099,12,417.6032326126099,0.08984411,67.93652042388919,7,60.93652042388919,True
4738,14187,703.58,email,0.59398854,417.9184554171562,5,412.9184554171562,payment_link,0.68870646,484.56008944869046,12,472.56008944869046,0.09471792,66.64163403153424,7,59.64163403153424,True
94266,89851,1060.08,payment_link,0.6091039,645.6988814735412,12,633.6988814735412,payment_link,0.6091039,645.6988814735412,12,633.6988814735412,0.0,0.0,0,0.0,False
44828,49856,999.8,retry,0.715204,715.0609596729279,8,707.0609596729279,payment_link,0.75744325,757.2917605757713,12,745.2917605757713,0.04223925,42.230800902843384,4,38.230800902843384,True
89997,66159,725.19,email,0.8647595,627.11494528234,5,622.11494528234,payment_link,0.9250188,670.8143744230271,12,658.8143744230271,0.060259283,43.699429140687016,7,36.699429140687016,True
47915,3832,3641.49,email,0.5960331,2170.4485598945616,5,2165.4485598945616,payment_link,0.7204178,2623.3942056566475,12,2611.3942056566475,0.1243847,452.94564576208586,7,445.94564576208586,True
27353,41505,139.77,email,0.82313794,115.04998973071577,5,110.04998973071577,payment_link,0.94134724,131.57210393071176,12,119.57210393071176,0.1182093,16.522114199995997,7,9.522114199995997,True
26837,37073,4414.16,whatsapp,0.5538362,2444.721717405319,18,2426.721717405319,human_escalation,0.71210766,3143.357141342163,250,2893.357141342163,0.15827143,698.6354239368438,232,466.63542393684384,True
53124,13102,2551.96,voice_call,0.6535964,1667.9518720436097,90,1577.9518720436097,payment_link,0.7206635,1839.1043946099282,12,1827.1043946099282,0.06706709,171.15252256631857,-78,249.15252256631857,True
90999,1011,1293.81,whatsapp,0.7048518,911.9443153327703,18,893.9443153327703,payment_link,0.7442053,962.8602540689707,12,950.8602540689707,0.03935349,50.91593873620036,-6,56.91593873620036,True
67002,28305,3303.66,retry,0.51256,1693.3240024924278,8,1685.3240024924278,payment_link,0.58072865,1918.5300121665,12,1906.5300121665,0.06816864,225.20600967407222,4,221.20600967407222,True
40887,71082,775.56,whatsapp,0.83505285,647.6335866880416,18,629.6335866880416,payment_link,0.8592426,666.3942048811912,12,654.3942048811912,0.02418977,18.760618193149526,-6,24.760618193149526,True
47147,72838,723.98,email,0.7022691,508.4287665843964,5,503.4287665843964,payment_link,0.76653135,554.9533654904366,12,542.9533654904366,0.06426227,46.52459890604018,7,39.52459890604018,True
28852,96208,1389.79,human_escalation,0.9099544,1264.6455654251574,250,1014.6455654251574,payment_link,0.8794165,1222.2042927855252,12,1210.2042927855252,-0.030537903,-42.44127263963219,-238,195.5587273603678,True
12352,4795,607.62,retry,0.8713185,529.4305585849285,8,521.4305585849285,payment_link,0.922687,560.6430713403225,12,548.6430713403225,0.051368475,31.212512755394073,4,27.212512755394073,True
42621,83778,1168.61,retry,0.8595568,1004.4866652309894,8,996.4866652309894,payment_link,0.9056737,1058.3793223279713,12,1046.3793223279713,0.04611689,53.89265709698191,4,49.89265709698191,True
72537,38216,4085.25,whatsapp,0.58818406,2402.878925666213,18,2384.878925666213,payment_link,0.6735813,2751.7480146735907,12,2739.7480146735907,0.08539724,348.8690890073776,-6,354.8690890073776,True
16199,17002,3517.11,payment_link,0.77265966,2717.529014621973,12,2705.529014621973,payment_link,0.77265966,2717.529014621973,12,2705.529014621973,0.0,0.0,0,0.0,False
88699,65644,2079.77,email,0.8300224,1726.2556757360696,5,1721.2556757360696,payment_link,0.89968956,1871.1473461520673,12,1859.1473461520673,0.06966716,144.89167041599762,7,137.89167041599762,True
22348,68785,3805.29,whatsapp,0.7716219,2936.245034839511,18,2918.245034839511,payment_link,0.8126801,3092.483553761244,12,3080.483553761244,0.041058242,156.23851892173298,-6,162.23851892173298,True
55047,66015,681.91,voice_call,0.46125132,314.5318865674734,90,224.5318865674734,payment_link,0.6176519,421.18299334585663,12,409.18299334585663,0.15640056,106.65110677838322,-78,184.65110677838322,True
20797,6819,2350.07,voice_call,0.7012818,1648.0612867426873,90,1558.0612867426873,payment_link,0.7766673,1825.2225143939258,12,1813.2225143939258,0.07538551,177.1612276512385,-78,255.1612276512385,True
95149,15247,5426.83,email,0.74513394,4043.715200101733,5,4038.715200101733,human_escalation,0.86041754,4669.339744873643,250,4419.339744873643,0.11528361,625.6245447719102,245,380.6245447719102,True
48614,48258,1362.55,email,0.45837203,624.5548049554228,5,619.5548049554228,payment_link,0.5209927,709.8785983234644,12,697.8785983234644,0.06262067,85.3237933680416,7,78.3237933680416,True
95672,45755,591.03,payment_link,0.75922316,448.72366610348223,12,436.72366610348223,payment_link,0.75922316,448.72366610348223,12,436.72366610348223,0.0,0.0,0,0.0,False
54599,68979,925.06,payment_link,0.7144696,660.9272589480877,12,648.9272589480877,payment_link,0.7144696,660.9272589480877,12,648.9272589480877,0.0,0.0,0,0.0,False
93628,28703,3833.37,whatsapp,0.5906688,2264.2520482456684,18,2246.2520482456684,human_escalation,0.7048653,2702.0094061785935,250,2452.0094061785935,0.11419648,437.75735793292506,232,205.75735793292506,True
92487,18312,1837.69,whatsapp,0.75734544,1391.7661379647254,18,1373.7661379647254,payment_link,0.78527665,1443.0950494790077,12,1431.0950494790077,0.027931213,51.328911514282254,-6,57.328911514282254,True
23215,74711,3341.55,whatsapp,0.7203084,2406.9466110169888,18,2388.9466110169888,payment_link,0.7403599,2473.949631804228,12,2461.949631804228,0.02005148,67.00302078723917,-6,73.00302078723917,True
55924,8953,5074.97,voice_call,0.4574974,2321.785519810021,90,2231.785519810021,human_escalation,0.6850448,3476.5819359213115,250,3226.5819359213115,0.22754744,1154.7964161112905,160,994.7964161112905,True
63607,60410,7272.76,payment_link,0.7716532,5612.048347587585,12,5600.048347587585,human_escalation,0.8353335,6075.180255529881,250,5825.180255529881,0.06368035,463.1319079422956,238,225.13190794229558,True
67219,33935,2336.22,retry,0.87069803,2034.1421627748011,8,2026.1421627748011,payment_link,0.95147055,2222.844537373781,12,2210.844537373781,0.08077252,188.70237459897976,4,184.70237459897976,True
41020,92368,1426.05,retry,0.6576785,937.8824034154414,8,929.8824034154414,payment_link,0.7090849,1011.1905616253614,12,999.1905616253614,0.051406443,73.30815820991995,4,69.30815820991995,True
6401,61229,3257.76,human_escalation,0.9017945,2937.8300281620027,250,2687.8300281620027,payment_link,0.9091834,2961.901257762909,12,2949.901257762909,0.00738889,24.071229600906463,-238,262.07122960090646,True
93231,77069,1759.2,email,0.54467005,958.1835438251495,5,953.1835438251495,payment_link,0.6098337,1072.81947555542,12,1060.81947555542,0.06516367,114.6359317302705,7,107.6359317302705,True
93388,91795,2290.21,whatsapp,0.7076313,1620.6242565768957,18,1602.6242565768957,payment_link,0.72000295,1648.9579543739558,12,1636.9579543739558,0.012371659,28.33369779706004,-6,34.33369779706004,True
81094,63793,9512.52,email,0.4406938,4192.108545291424,5,4187.108545291424,payment_link,0.5800627,5517.857915117741,12,5505.857915117741,0.13936889,1325.749369826317,7,1318.749369826317,True
84493,39248,1733.89,whatsapp,0.8314281,1441.604886687398,18,1423.604886687398,whatsapp,0.8314281,1441.604886687398,18,1423.604886687398,0.0,0.0,0,0.0,False
38531,46892,2747.85,retry,0.7390276,2030.7370438635348,8,2022.7370438635348,payment_link,0.8278182,2274.7202817946672,12,2262.7202817946672,0.088790596,243.9832379311324,4,239.9832379311324,True
9978,30969,3406.03,whatsapp,0.9183269,3127.84901994884,18,3109.84901994884,payment_link,0.9270191,3157.454930782318,12,3145.454930782318,0.008692205,29.605910833477992,-6,35.60591083347799,True
19232,24039,6298.46,whatsapp,0.5762716,3629.6235812413693,18,3611.6235812413693,human_escalation,0.64249325,4046.718022708893,250,3796.718022708893,0.066221654,417.09444146752367,232,185.09444146752367,True
99637,54421,3268.18,payment_link,0.52428687,1713.463850338459,12,1701.463850338459,whatsapp,0.52733773,1723.4346222054958,18,1705.4346222054958,0.0030508637,9.970771867036774,6,3.970771867036774,True
98700,96008,4726.17,retry,0.43603468,2060.7740208005907,8,2052.7740208005907,human_escalation,0.7050889,3332.3700700360537,250,3082.3700700360537,0.26905423,1271.596049235463,242,1029.596049235463,True
76890,11434,672.08,payment_link,0.7845935,527.3096146345139,12,515.3096146345139,payment_link,0.7845935,527.3096146345139,12,515.3096146345139,0.0,0.0,0,0.0,False
1791,87756,1386.36,retry,0.7994256,1108.291677532196,8,1100.291677532196,payment_link,0.87042207,1206.718334391117,12,1194.718334391117,0.07099646,98.42665685892098,4,94.42665685892098,True
66287,14429,1121.92,retry,0.5062691,567.9934256744385,8,559.9934256744385,payment_link,0.60374194,677.3501616287232,12,665.3501616287232,0.09747285,109.35673595428466,4,105.35673595428466,True
45409,26699,1047.82,payment_link,0.76733756,804.0316428041458,12,792.0316428041458,payment_link,0.76733756,804.0316428041458,12,792.0316428041458,0.0,0.0,0,0.0,False
87000,86720,1293.44,retry,0.6555422,847.904496498108,8,839.904496498108,payment_link,0.69912004,904.2698306274415,12,892.2698306274415,0.04357785,56.36533412933352,4,52.36533412933352,True
62900,56245,5638.07,retry,0.68443984,3858.9197170525786,8,3850.9197170525786,human_escalation,0.79549843,4485.075837339758,250,4235.075837339758,0.11105859,626.1561202871799,242,384.1561202871799,True
90752,59208,2178.13,email,0.7871359,1714.4843158346416,5,1709.4843158346416,payment_link,0.8711614,1897.5027829521896,12,1885.5027829521896,0.0840255,183.01846711754797,7,176.01846711754797,True
20060,30655,209.24,payment_link,0.75275403,157.50625378370285,12,145.50625378370285,payment_link,0.75275403,157.50625378370285,12,145.50625378370285,0.0,0.0,0,0.0,False
48971,96264,966.92,retry,0.68993807,667.1149170875549,8,659.1149170875549,payment_link,0.7814632,755.6124029660225,12,743.6124029660225,0.09152514,88.49748587846761,4,84.49748587846761,True
30944,89606,2099.14,retry,0.83342254,1749.4705940127371,8,1741.4705940127371,payment_link,0.91318977,1916.9131712603569,12,1904.9131712603569,0.07976723,167.44257724761974,4,163.44257724761974,True
48327,9867,4936.03,email,0.46998048,2319.8377402377128,5,2314.8377402377128,human_escalation,0.62329775,3076.6163976210355,250,2826.6163976210355,0.15331727,756.7786573833228,245,511.77865738332275,True
6240,5357,4647.04,payment_link,0.7043625,3273.200766067505,12,3261.200766067505,human_escalation,0.81055164,3766.6659088134766,250,3516.6659088134766,0.10618913,493.46514274597166,238,255.46514274597166,True
74023,69642,2422.09,whatsapp,0.6446204,1561.3286695623399,18,1543.3286695623399,payment_link,0.70075893,1697.3012065029145,12,1685.3012065029145,0.056138515,135.97253694057463,-6,141.97253694057463,True
52440,54073,1433.65,payment_link,0.70927984,1016.859035769105,12,1004.859035769105,payment_link,0.70927984,1016.859035769105,12,1004.859035769105,0.0,0.0,0,0.0,False
62568,83812,4202.9,human_escalation,0.93220824,3917.978012031316,250,3667.978012031316,human_escalation,0.93220824,3917.978012031316,250,3667.978012031316,0.0,0.0,0,0.0,False
45111,89261,702.86,retry,0.8681055,610.1566114413738,8,602.1566114413738,payment_link,0.939058,660.0263099634648,12,648.0263099634648,0.070952535,49.86969852209097,4,45.86969852209097,True
67122,64726,1096.84,retry,0.5837064,640.2325046730041,8,632.2325046730041,payment_link,0.64115375,703.2430822253227,12,691.2430822253227,0.057447374,63.01057755231864,4,59.01057755231864,True
78889,32281,564.92,human_escalation,0.5224561,295.14590539216994,250,45.14590539216994,payment_link,0.52395016,295.98992413282394,12,283.98992413282394,0.00149405,0.8440187406540076,-238,238.844018740654,True
51127,76076,912.53,voice_call,0.67666775,617.4796217995881,90,527.4796217995881,payment_link,0.8044886,734.1199815195798,12,722.1199815195798,0.12782085,116.6403597199917,-78,194.6403597199917,True
47061,37772,922.15,whatsapp,0.9038796,833.5125573545694,18,815.5125573545694,payment_link,0.9056625,835.1566531807184,12,823.1566531807184,0.0017828941,1.644095826149055,-6,7.644095826149055,True
23428,70012,2633.65,payment_link,0.5257097,1384.5353215485811,12,1372.5353215485811,payment_link,0.5257097,1384.5353215485811,12,1372.5353215485811,0.0,0.0,0,0.0,False
19009,62831,5978.54,human_escalation,0.6763144,4043.3727739703654,250,3793.3727739703654,human_escalation,0.6763144,4043.3727739703654,250,3793.3727739703654,0.0,0.0,0,0.0,False
75806,41469,1793.45,email,0.5807021,1041.460227921605,5,1036.460227921605,payment_link,0.70819426,1270.1109881162645,12,1258.1109881162645,0.12749213,228.65076019465937,7,221.65076019465937,True
26377,52201,12450.82,retry,0.5264822,6555.135410006046,8,6547.135410006046,payment_link,0.6797075,8462.916073322296,12,8450.916073322296,0.1532253,1907.78066331625,4,1903.78066331625,True
52085,67831,9608.48,whatsapp,0.81029767,7785.728936834335,18,7767.728936834335,payment_link,0.8384793,8056.511396827697,12,8044.511396827697,0.028181612,270.78245999336195,-6,276.78245999336195,True
36394,1831,8477.11,retry,0.49397334,4187.466378940642,8,4179.466378940642,payment_link,0.6126177,5193.2273891621835,12,5181.2273891621835,0.11864433,1005.7610102215413,4,1001.7610102215413,True
87147,68457,891.34,retry,0.8260966,736.3329383933544,8,728.3329383933544,payment_link,0.83785623,746.8147748291493,12,734.8147748291493,0.011759639,10.48183643579489,4,6.481836435794889,True
95287,29789,1455.42,whatsapp,0.5034197,732.6870958220959,18,714.6870958220959,payment_link,0.5380946,783.1536138761044,12,771.1536138761044,0.034674883,50.466518054008475,-6,56.466518054008475,True
6463,27810,3345.94,email,0.49478567,1655.5231528544425,5,1650.5231528544425,payment_link,0.577384,1931.8922044181825,12,1919.8922044181825,0.08259833,276.36905156373996,7,269.36905156373996,True
8260,65530,2461.01,payment_link,0.7135231,1755.9874594396354,12,1743.9874594396354,payment_link,0.7135231,1755.9874594396354,12,1743.9874594396354,0.0,0.0,0,0.0,False
60393,62981,5868.37,payment_link,0.8290161,4864.973148783445,12,4852.973148783445,human_escalation,0.89092976,5228.3054671746495,250,4978.3054671746495,0.06191367,363.33231839120435,238,125.33231839120435,True
93612,89562,3957.58,retry,0.5270183,2085.7171179056168,8,2077.7171179056168,payment_link,0.6247543,2472.5151608014107,12,2460.5151608014107,0.097736,386.79804289579397,4,382.79804289579397,True
28026,62449,2038.24,human_escalation,0.8269344,1685.4907657909393,250,1435.4907657909393,payment_link,0.7555939,1540.0817024040223,12,1528.0817024040223,-0.0713405,-145.40906338691707,-238,92.59093661308293,True
11086,60899,2659.72,human_escalation,0.80060714,2129.390835254192,250,1879.390835254192,whatsapp,0.7580098,2016.0938023138044,18,1998.0938023138044,-0.042597353,-113.29703294038768,-232,118.70296705961232,True
94568,20342,340.17,retry,0.8967464,305.04622187376026,8,297.04622187376026,payment_link,0.922132,313.68164762020115,12,301.68164762020115,0.025385618,8.635425746440887,4,4.6354257464408875,True
29107,58825,2014.69,retry,0.62162066,1252.3729175424576,8,1244.3729175424576,payment_link,0.63800544,1285.3831707805396,12,1273.3831707805396,0.01638478,33.01025323808199,4,29.010253238081987,True
28854,58220,3194.49,whatsapp,0.4640114,1482.2797801825402,18,1464.2797801825402,payment_link,0.54456687,1739.6134197020529,12,1727.6134197020529,0.08055547,257.33363951951264,-6,263.33363951951264,True
9569,29660,1053.57,retry,0.6867501,723.5393175691365,8,715.5393175691365,payment_link,0.75904644,799.7085528981685,12,787.7085528981685,0.07229632,76.16923532903195,4,72.16923532903195,True
26714,1399,2669.38,email,0.68122566,1818.45014551878,5,1813.45014551878,human_escalation,0.82607317,2205.1031977558137,250,1955.1031977558137,0.14484751,386.65305223703376,245,141.65305223703376,True
17606,3848,5598.46,email,0.7332705,4105.185708611011,5,4100.185708611011,human_escalation,0.90343726,5057.857344777584,250,4807.857344777584,0.17016673,952.6716361665731,245,707.6716361665731,True
73475,53521,842.28,voice_call,0.4939089,416.009598351717,90,326.009598351717,payment_link,0.65009844,547.5649165964127,12,535.5649165964127,0.15618953,131.55531824469568,-78,209.55531824469568,True
23167,3801,909.77,payment_link,0.77323717,703.4679790490866,12,691.4679790490866,payment_link,0.77323717,703.4679790490866,12,691.4679790490866,0.0,0.0,0,0.0,False
74541,50504,629.06,payment_link,0.9237298,581.0814537310599,12,569.0814537310599,payment_link,0.9237298,581.0814537310599,12,569.0814537310599,0.0,0.0,0,0.0,False
20865,65321,1965.58,payment_link,0.7810469,1535.2102187240123,12,1523.2102187240123,whatsapp,0.7877383,1548.3626933383941,18,1530.3626933383941,0.0066913962,13.152474614381845,6,7.152474614381845,True
86441,5644,1483.41,payment_link,0.52558416,779.656800686717,12,767.656800686717,payment_link,0.52558416,779.656800686717,12,767.656800686717,0.0,0.0,0,0.0,False
12199,67429,5130.07,voice_call,0.5967241,3061.2363675731417,90,2971.2363675731417,human_escalation,0.7664675,3932.0319875103232,250,3682.0319875103232,0.16974342,870.7956199371815,160,710.7956199371815,True
82226,82826,2064.64,payment_link,0.7852259,1621.2088596343992,12,1609.2088596343992,payment_link,0.7852259,1621.2088596343992,12,1609.2088596343992,0.0,0.0,0,0.0,False
42242,16406,2898.85,whatsapp,0.5090087,1475.5398862749337,18,1457.5398862749337,payment_link,0.57957184,1680.0918375074864,12,1668.0918375074864,0.07056314,204.5519512325527,-6,210.5519512325527,True
29993,76009,1447.13,retry,0.46286318,669.8231894204021,8,661.8231894204021,payment_link,0.5288524,765.318178190589,12,753.318178190589,0.065989226,95.49498877018698,4,91.49498877018698,True
70872,14871,1499.46,retry,0.6176659,926.1652907395363,8,918.1652907395363,payment_link,0.6920867,1037.7563181209564,12,1025.7563181209564,0.07442081,111.59102738142008,4,107.59102738142008,True
35131,75142,2346.58,payment_link,0.70282215,1649.2283979308604,12,1637.2283979308604,payment_link,0.70282215,1649.2283979308604,12,1637.2283979308604,0.0,0.0,0,0.0,False
87686,26937,951.01,email,0.52679914,500.99125237643716,5,495.99125237643716,whatsapp,0.5781974,549.8715280550718,18,531.8715280550718,0.051398277,48.88027567863469,13,35.88027567863469,True
74408,10293,1067.29,voice_call,0.88322276,942.6548182076216,90,852.6548182076216,payment_link,0.93435204,997.2245890820026,12,985.2245890820026,0.05112928,54.56977087438099,-78,132.569770874381,True
26846,61064,3670.81,retry,0.52986294,1945.0261799246073,8,1937.0261799246073,payment_link,0.69313765,2544.3766012907026,12,2532.3766012907026,0.1632747,599.3504213660954,4,595.3504213660954,True
10169,16341,3222.24,retry,0.5100121,1643.3813575458526,8,1635.3813575458526,payment_link,0.6208819,2000.6305420875549,12,1988.6305420875549,0.110869825,357.24918454170233,4,353.24918454170233,True
68878,70932,7242.91,retry,0.7158713,5184.9912125808,8,5176.9912125808,payment_link,0.81603676,5910.480815216899,12,5898.480815216899,0.10016549,725.4896026360993,4,721.4896026360993,True
48587,53935,1944.44,payment_link,0.8063253,1567.8511982774735,12,1555.8511982774735,payment_link,0.8063253,1567.8511982774735,12,1555.8511982774735,0.0,0.0,0,0.0,False
74950,48857,2333.56,retry,0.8251902,1925.6308116102218,8,1917.6308116102218,payment_link,0.8484282,1979.8580864834785,12,1967.8580864834785,0.023238003,54.22727487325665,4,50.22727487325665,True
38260,54213,2034.25,retry,0.565588,1150.5473837852478,8,1142.5473837852478,whatsapp,0.59793866,1216.3567126095295,18,1198.3567126095295,0.03235066,65.80932882428169,10,55.80932882428169,True
4632,88281,1471.62,retry,0.53277606,784.0439020621776,8,776.0439020621776,payment_link,0.5851275,861.0852916359901,12,849.0852916359901,0.052351415,77.04138957381247,4,73.04138957381247,True
24049,19745,4725.44,payment_link,0.7619408,3600.5054266929624,12,3588.5054266929624,human_escalation,0.8516845,4024.584054279327,250,3774.584054279327,0.08974373,424.07862758636475,238,186.07862758636475,True
8266,13982,2346.83,retry,0.7265945,1705.1937884920835,8,1697.1937884920835,payment_link,0.77548176,1819.9238599985838,12,1807.9238599985838,0.048887253,114.73007150650028,4,110.73007150650028,True
42233,34169,796.34,whatsapp,0.5351212,426.1384183740616,18,408.1384183740616,payment_link,0.5972067,475.5795928502083,12,463.5795928502083,0.06208551,49.44117447614673,-6,55.44117447614673,True
21345,47985,1682.74,whatsapp,0.7048068,1186.0066024684907,18,1168.0066024684907,payment_link,0.7085659,1192.3321670663356,12,1180.3321670663356,0.0037590861,6.325564597844959,-6,12.32556459784496,True
32339,48192,650.42,retry,0.646456,420.4679135942459,8,412.4679135942459,payment_link,0.7201982,468.4313223850727,12,456.4313223850727,0.07374221,47.963408790826804,4,43.963408790826804,True
75548,26123,1676.2,voice_call,0.77460945,1298.4003542661667,90,1208.4003542661667,payment_link,0.9100377,1525.4051866412162,12,1513.4051866412162,0.13542825,227.00483237504955,-78,305.00483237504955,True
86033,7162,1114.43,whatsapp,0.47916317,533.9938113880157,18,515.9938113880157,payment_link,0.5306777,591.4031226885319,12,579.4031226885319,0.051514506,57.40931130051615,-6,63.40931130051615,True
5122,79592,713.18,voice_call,0.44167453,314.9934416663647,90,224.99344166636467,payment_link,0.5450345,388.7077245211601,12,376.7077245211601,0.10336,73.71428285479544,-78,151.71428285479544,True
36595,23418,4909.54,retry,0.4834478,2373.5062636327743,8,2365.5062636327743,payment_link,0.602662,2958.793327459097,12,2946.793327459097,0.11921424,585.2870638263225,4,581.2870638263225,True
16698,41387,2376.32,voice_call,0.6322537,1502.437127723694,90,1412.437127723694,payment_link,0.760082,1806.198073577881,12,1794.198073577881,0.1278283,303.76094585418696,-78,381.76094585418696,True
92029,1656,2526.71,email,0.8736932,2207.5694155335427,5,2202.5694155335427,payment_link,0.9153329,2312.7808256137373,12,2300.7808256137373,0.041639686,105.21141008019458,7,98.21141008019458,True
61548,94328,4642.62,email,0.63505626,2948.3248810243604,5,2943.3248810243604,payment_link,0.74628514,3464.718319054842,12,3452.718319054842,0.11122888,516.3934380304818,7,509.3934380304818,True
9221,40505,944.92,retry,0.67405903,636.931861834526,8,628.931861834526,payment_link,0.7357469,695.2219797492027,12,683.2219797492027,0.061687887,58.29011791467667,4,54.29011791467667,True
85867,70763,3997.31,human_escalation,0.81252545,3247.9161112695933,250,2997.9161112695933,payment_link,0.774816,3097.179651501775,12,3085.179651501775,-0.037709475,-150.73645976781836,-238,87.26354023218164,True
93953,49571,1733.47,payment_link,0.7569662,1312.1781530350447,12,1300.1781530350447,payment_link,0.7569662,1312.1781530350447,12,1300.1781530350447,0.0,0.0,0,0.0,False
91401,39529,1537.23,human_escalation,0.870321,1337.8835135990382,250,1087.8835135990382,payment_link,0.7844277,1205.8457970017196,12,1193.8457970017196,-0.08589327,-132.03771659731865,-238,105.96228340268135,True
41394,8819,3091.55,retry,0.5433422,1679.7694952458144,8,1671.7694952458144,payment_link,0.6625297,2048.2437155365947,12,2036.2437155365947,0.119187534,368.4742202907803,4,364.4742202907803,True
62555,98205,1824.5,email,0.5320266,970.6825114786625,5,965.6825114786625,payment_link,0.6893131,1257.6517759263515,12,1245.6517759263515,0.15728652,286.96926444768906,7,279.96926444768906,True
74725,19284,1446.95,retry,0.72502154,1049.06991892159,8,1041.06991892159,payment_link,0.8194293,1185.6731943428517,12,1173.6731943428517,0.09440774,136.60327542126174,4,132.60327542126174,True
63136,64453,1403.61,voice_call,0.3953216,554.8773616290092,90,464.8773616290092,payment_link,0.5118207,718.3966161525249,12,706.3966161525249,0.11649907,163.51925452351566,-78,241.51925452351566,True
26168,75359,1205.92,whatsapp,0.6854958,826.653087682724,18,808.653087682724,payment_link,0.7350851,886.4538596534729,12,874.4538596534729,0.049589336,59.80077197074888,-6,65.80077197074888,True
13065,16515,780.73,human_escalation,0.7321742,571.6303769856692,250,321.63037698566916,payment_link,0.6227279,486.1823306798935,12,474.1823306798935,-0.10944635,-85.44804630577568,-238,152.55195369422432,True
96743,60236,2039.34,payment_link,0.7316938,1492.1724427878855,12,1480.1724427878855,payment_link,0.7316938,1492.1724427878855,12,1480.1724427878855,0.0,0.0,0,0.0,False
61876,94073,6716.26,email,0.3911346,2626.9616008323433,5,2621.9616008323433,human_escalation,0.6848285,4599.486394534111,250,4349.486394534111,0.29369393,1972.524793701768,245,1727.524793701768,True
28793,4193,1856.98,retry,0.7570347,1405.7983324706554,8,1397.7983324706554,payment_link,0.8145194,1512.5462453746795,12,1500.5462453746795,0.057484686,106.74791290402413,4,102.74791290402413,True
7029,55301,906.72,retry,0.77083147,698.9283065986633,8,690.9283065986633,payment_link,0.8389498,760.6925622367859,12,748.6925622367859,0.068118334,61.76425563812256,4,57.76425563812256,True
45475,73968,879.76,email,0.5581513,491.03919184207916,5,486.03919184207916,payment_link,0.70236784,617.9151328516007,12,605.9151328516007,0.14421654,126.87594100952151,7,119.87594100952151,True
95349,55841,2455.32,whatsapp,0.7238107,1777.1868210411074,18,1759.1868210411074,payment_link,0.7798199,1914.707411005497,12,1902.707411005497,0.056009233,137.52058996438973,-6,143.52058996438973,True
7556,69166,6621.76,voice_call,0.50359863,3334.709267024994,90,3244.709267024994,human_escalation,0.71484834,4733.55414094925,250,4483.55414094925,0.21124971,1398.8448739242558,160,1238.8448739242558,True
41918,70234,816.38,voice_call,0.57417834,468.7477116179466,90,378.7477116179466,payment_link,0.67627406,552.0966180849075,12,540.0966180849075,0.10209572,83.3489064669609,-78,161.3489064669609,True
98151,7888,2254.45,email,0.8474197,1910.4652956932782,5,1905.4652956932782,payment_link,0.92625225,2088.189375776052,12,2076.189375776052,0.07883257,177.72408008277398,7,170.72408008277398,True
26527,50425,5581.25,voice_call,0.74282944,4145.916823297739,90,4055.916823297739,human_escalation,0.87317765,4873.422745615244,250,4623.422745615244,0.1303482,727.5059223175049,160,567.5059223175049,True
46987,58195,2355.4,whatsapp,0.713439,1680.4341917037964,18,1662.4341917037964,payment_link,0.73181146,1723.7087219119073,12,1711.7087219119073,0.018372476,43.274530208110946,-6,49.274530208110946,True
34666,88002,977.84,retry,0.6895762,674.2951998090745,8,666.2951998090745,payment_link,0.7500468,733.42575278759,12,721.42575278759,0.06047058,59.13055297851554,4,55.13055297851554,True
45526,63774,1184.85,email,0.4878568,578.0371357887983,5,573.0371357887983,payment_link,0.5754525,681.8249023765325,12,669.8249023765325,0.0875957,103.78776658773415,7,96.78776658773415,True
32944,21148,1133.01,email,0.7598142,860.8770898979902,5,855.8770898979902,payment_link,0.81191224,919.9046854537726,12,907.9046854537726,0.052098036,59.02759555578234,7,52.02759555578234,True
44201,29122,4899.91,voice_call,0.44231135,2167.285789980292,90,2077.285789980292,payment_link,0.5613441,2750.535505939126,12,2738.535505939126,0.11903274,583.2497159588338,-78,661.2497159588338,True
11809,18136,889.95,payment_link,0.79897386,711.0467852443458,12,699.0467852443458,payment_link,0.79897386,711.0467852443458,12,699.0467852443458,0.0,0.0,0,0.0,False
16600,95070,2875.34,human_escalation,0.6099822,1753.9061974298954,250,1503.9061974298954,payment_link,0.62512946,1797.459745221138,12,1785.459745221138,0.015147269,43.553547791242636,-238,281.55354779124264,True
23989,2583,2659.49,retry,0.6205248,1650.2795632904767,8,1642.2795632904767,human_escalation,0.7634764,2030.4577759456633,250,1780.4577759456633,0.14295155,380.1782126551866,242,138.1782126551866,True
24142,86293,1351.73,voice_call,0.5188691,701.3709312480688,90,611.3709312480688,payment_link,0.6246019,844.2931270676852,12,832.2931270676852,0.1057328,142.92219581961638,-78,220.92219581961638,True
3683,84962,5357.11,voice_call,0.65878934,3529.206943429112,90,3439.206943429112,human_escalation,0.81405944,4361.005946910977,250,4111.005946910977,0.1552701,831.7990034818654,160,671.7990034818654,True
45919,69755,1911.01,payment_link,0.72848886,1392.1495011538268,12,1380.1495011538268,payment_link,0.72848886,1392.1495011538268,12,1380.1495011538268,0.0,0.0,0,0.0,False
15635,85729,1555.56,whatsapp,0.8065468,1254.631951546669,18,1236.631951546669,payment_link,0.8052006,1252.5378092193603,12,1240.5378092193603,-0.0013462305,-2.0941423273086457,-6,3.9058576726913543,True
46012,89069,1500.93,whatsapp,0.8674691,1302.0103547501565,18,1284.0103547501565,payment_link,0.91727805,1376.770145652294,12,1364.770145652294,0.04980898,74.75979090213764,-6,80.75979090213764,True
61653,52691,1881.03,payment_link,0.68688065,1292.0431055635213,12,1280.0431055635213,payment_link,0.68688065,1292.0431055635213,12,1280.0431055635213,0.0,0.0,0,0.0,False
24568,13862,2332.28,whatsapp,0.75827855,1768.5178936028483,18,1750.5178936028483,payment_link,0.7640642,1782.0116355180742,12,1770.0116355180742,0.005785644,13.493741915225883,-6,19.493741915225883,True
74900,61370,1666.37,whatsapp,0.8705574,1450.6707803070544,18,1432.6707803070544,payment_link,0.9063636,1510.3371228849887,12,1498.3371228849887,0.03580618,59.6663425779343,-6,65.6663425779343,True
33511,2030,1268.08,payment_link,0.72951466,925.0829480886459,12,913.0829480886459,whatsapp,0.7403259,938.7925024414062,18,920.7925024414062,0.010811269,13.709554352760279,6,7.709554352760279,True
52149,28055,2157.26,whatsapp,0.7219797,1557.4978794658186,18,1539.4978794658186,payment_link,0.7812826,1685.4297097456456,12,1673.4297097456456,0.059302926,127.93183027982695,-6,133.93183027982695,True
63877,95864,2740.11,human_escalation,0.82093734,2249.4586023527386,250,1999.4586023527386,payment_link,0.7405345,2029.1459460121393,12,2017.1459460121393,-0.08040285,-220.31265634059923,-238,17.687343659400767,True
92108,84758,1284.68,whatsapp,0.56965506,731.824463467598,18,713.824463467598,payment_link,0.65493,841.3754666662217,12,829.3754666662217,0.085274935,109.55100319862368,-6,115.55100319862368,True
28833,46416,2500.78,payment_link,0.687022,1718.0908040094378,12,1706.0908040094378,payment_link,0.687022,1718.0908040094378,12,1706.0908040094378,0.0,0.0,0,0.0,False
18502,88053,8610.65,human_escalation,0.8885036,7650.593618813156,250,7400.593618813156,human_escalation,0.8885036,7650.593618813156,250,7400.593618813156,0.0,0.0,0,0.0,False
31301,26475,2079.83,voice_call,0.61433774,1277.7180666273832,90,1187.7180666273832,payment_link,0.6831419,1420.8189912301302,12,1408.8189912301302,0.068804145,143.100924602747,-78,221.100924602747,True
69939,22795,3246.25,whatsapp,0.47866812,1553.8763958588243,18,1535.8763958588243,human_escalation,0.6655696,2160.605325177312,250,1910.605325177312,0.18690148,606.7289293184876,232,374.72892931848764,True
75632,61498,841.21,email,0.7596147,638.9954868674279,5,633.9954868674279,payment_link,0.8019213,674.5842235368491,12,662.5842235368491,0.042306602,35.58873666942122,7,28.588736669421223,True
66515,47141,631.62,retry,0.8227553,519.6686881577969,8,511.66868815779685,payment_link,0.86018467,543.3098409461975,12,531.3098409461975,0.037429392,23.641152788400632,4,19.641152788400632,True
33190,93185,658.56,retry,0.56158787,369.8393077468872,8,361.8393077468872,payment_link,0.6163424,405.89846763610836,12,393.89846763610836,0.054754555,36.05915988922118,4,32.05915988922118,True
30575,69126,1547.8,retry,0.7192887,1113.315060353279,8,1105.315060353279,payment_link,0.7609172,1177.7476216316222,12,1165.7476216316222,0.04162848,64.4325612783432,4,60.4325612783432,True
24317,32588,1288.29,whatsapp,0.43756977,563.7167554333806,18,545.7167554333806,payment_link,0.5252903,676.7262539631129,12,664.7262539631129,0.08772054,113.00949852973224,-6,119.00949852973224,True
23134,89554,10740.66,retry,0.79749197,8565.59007756114,8,8557.59007756114,human_escalation,0.8882474,9540.363004796505,250,9290.363004796505,0.0907554,974.7729272353645,242,732.7729272353645,True
84064,63262,4398.18,payment_link,0.7679285,3377.4876870131493,12,3365.4876870131493,human_escalation,0.8370731,3681.5981128263475,250,3431.5981128263475,0.06914461,304.11042581319816,238,66.11042581319816,True
1801,93287,2021.77,whatsapp,0.90533227,1830.3736180275678,18,1812.3736180275678,payment_link,0.92755175,1875.2962942552567,12,1863.2962942552567,0.02221948,44.92267622768895,-6,50.92267622768895,True
61937,10825,1563.75,email,0.8923666,1395.4382521659136,5,1390.4382521659136,payment_link,0.9404402,1470.61332821846,12,1458.61332821846,0.04807359,75.1750760525465,7,68.1750760525465,True
64738,75528,3529.56,voice_call,0.6405256,2260.7734642124174,90,2170.7734642124174,human_escalation,0.8241122,2908.7533750820157,250,2658.7533750820157,0.1835866,647.9799108695984,160,487.97991086959837,True
71794,54258,1790.68,payment_link,0.68239987,1221.959797358513,12,1209.959797358513,payment_link,0.68239987,1221.959797358513,12,1209.959797358513,0.0,0.0,0,0.0,False
62399,10185,1486.9,retry,0.5399835,802.901482462883,8,794.901482462883,payment_link,0.62397945,927.7950431227684,12,915.7950431227684,0.08399594,124.89356065988545,4,120.89356065988545,True
3981,67978,4702.38,payment_link,0.7501432,3527.4582414221763,12,3515.4582414221763,human_escalation,0.83725643,3937.097898731232,250,3687.097898731232,0.08711326,409.63965730905556,238,171.63965730905556,True
74318,88418,1965.75,email,0.7055358,1386.9070559889078,5,1381.9070559889078,payment_link,0.7771026,1527.5894155204296,12,1515.5894155204296,0.07156676,140.6823595315218,7,133.6823595315218,True
67595,30632,6680.65,retry,0.60254675,4025.40395540297,8,4017.40395540297,payment_link,0.6833669,4565.335045224428,12,4553.335045224428,0.08082014,539.9310898214576,4,535.9310898214576,True
60141,95604,680.33,human_escalation,0.9255127,629.6540357816219,250,379.65403578162193,payment_link,0.9129895,621.1341446197033,12,609.1341446197033,-0.012523174,-8.519891161918622,-238,229.48010883808138,True
41211,65357,1995.2,whatsapp,0.8250566,1646.1529532432558,18,1628.1529532432558,payment_link,0.86505395,1725.9556445121766,12,1713.9556445121766,0.03999734,79.80269126892085,-6,85.80269126892085,True
67765,78878,531.71,retry,0.7057334,375.24551593184475,8,367.24551593184475,payment_link,0.72285646,384.3500094109774,12,372.3500094109774,0.017123044,9.104493479132657,4,5.104493479132657,True
7417,83257,2022.86,voice_call,0.8533067,1726.120012847185,90,1636.120012847185,payment_link,0.9341776,1889.7104544126987,12,1877.7104544126987,0.08087087,163.59044156551363,-78,241.59044156551363,True
89020,61958,600.24,retry,0.38012156,228.1641645169258,8,220.1641645169258,payment_link,0.5099393,306.08597319602967,12,294.08597319602967,0.12981775,77.92180867910386,4,73.92180867910386,True
99022,58493,1408.48,payment_link,0.78809863,1110.0211630153656,12,1098.0211630153656,payment_link,0.78809863,1110.0211630153656,12,1098.0211630153656,0.0,0.0,0,0.0,False
5607,93546,2008.04,payment_link,0.774527,1555.2812237906455,12,1543.2812237906455,payment_link,0.774527,1555.2812237906455,12,1543.2812237906455,0.0,0.0,0,0.0,False
69235,51219,1957.86,retry,0.4990668,977.102924811244,8,969.102924811244,payment_link,0.5990616,1172.8787604546546,12,1160.8787604546546,0.09999481,195.7758356434107,4,191.7758356434107,True
6866,59871,3196.4,retry,0.682771,2182.4093109846117,8,2174.4093109846117,human_escalation,0.8443837,2698.988111686707,250,2448.988111686707,0.16161269,516.5788007020951,242,274.5788007020951,True
38348,25238,3411.73,whatsapp,0.47620672,1624.688752400279,18,1606.688752400279,payment_link,0.5872727,2003.6159012156725,12,1991.6159012156725,0.111065984,378.92714881539337,-6,384.92714881539337,True
12425,51591,1426.76,whatsapp,0.5195201,741.2305034852028,18,723.2305034852028,payment_link,0.5755675,821.1966633319855,12,809.1966633319855,0.05604738,79.96615984678272,-6,85.96615984678272,True
96803,32399,3563.57,email,0.71100473,2533.715140080452,5,2528.715140080452,payment_link,0.768847,2739.840063443184,12,2727.840063443184,0.057842255,206.12492336273226,7,199.12492336273226,True
3306,33496,676.77,retry,0.7699594,521.0854164808989,8,513.0854164808989,whatsapp,0.80880415,547.3743875706195,18,529.3743875706195,0.038844764,26.28897108972069,10,16.28897108972069,True
70761,38202,1691.04,payment_link,0.7666112,1296.370234851837,12,1284.370234851837,whatsapp,0.78810215,1332.7122596740721,18,1314.7122596740721,0.021490932,36.34202482223509,6,30.34202482223509,True
13170,36040,1525.65,payment_link,0.7982635,1217.8706938236953,12,1205.8706938236953,payment_link,0.7982635,1217.8706938236953,12,1205.8706938236953,0.0,0.0,0,0.0,False
3189,5618,528.18,whatsapp,0.86573046,457.2615167176723,18,439.2615167176723,payment_link,0.91778195,484.7540698456764,12,472.7540698456764,0.052051485,27.49255312800409,-6,33.49255312800409,True
25276,84271,848.75,whatsapp,0.90337163,766.7366727441549,18,748.7366727441549,payment_link,0.9309691,790.1600398123264,12,778.1600398123264,0.027597487,23.4233670681715,-6,29.4233670681715,True
61064,11989,1094.23,email,0.613293,671.0835907620192,5,666.0835907620192,payment_link,0.72809184,796.6999296796322,12,784.6999296796322,0.114798844,125.616338917613,7,118.616338917613,True
63125,25626,2208.83,retry,0.87403613,1930.5972322934865,8,1922.5972322934865,whatsapp,0.90122193,1990.6460378080606,18,1972.6460378080606,0.027185798,60.04880551457404,10,50.04880551457404,True
54958,17985,3878.27,retry,0.50198644,1946.8389661580325,8,1938.8389661580325,payment_link,0.58116645,2253.9203933387994,12,2241.9203933387994,0.07918,307.0814271807669,4,303.0814271807669,True
31689,30516,895.81,whatsapp,0.8589256,769.4341246962547,18,751.4341246962547,payment_link,0.8707631,780.0383132463693,12,768.0383132463693,0.011837542,10.6041885501146,-6,16.6041885501146,True
48158,71007,1796.73,payment_link,0.84649414,1520.9214130014182,12,1508.9214130014182,payment_link,0.84649414,1520.9214130014182,12,1508.9214130014182,0.0,0.0,0,0.0,False
1210,61268,4942.51,voice_call,0.6561626,3243.0903089535236,90,3153.0903089535236,human_escalation,0.8373111,4138.418430685401,250,3888.4184306854013,0.18114847,895.3281217318777,160,735.3281217318777,True
59167,14595,1162.12,retry,0.89605606,1041.324663825035,8,1033.324663825035,payment_link,0.93978727,1092.1455806303022,12,1080.1455806303022,0.043731213,50.82091680526719,4,46.82091680526719,True
84648,50689,1447.41,voice_call,0.6972878,1009.2613315987587,90,919.2613315987587,payment_link,0.763149,1104.5895274615289,12,1092.5895274615289,0.065861225,95.32819586277014,-78,173.32819586277014,True
25253,54021,3123.52,retry,0.645684,2016.8068996429442,8,2008.8068996429442,payment_link,0.69303125,2164.696974468231,12,2152.696974468231,0.047347248,147.89007482528677,4,143.89007482528677,True
66091,1779,1994.06,voice_call,0.772426,1540.263807861805,90,1450.263807861805,payment_link,0.87516034,1745.1222205901145,12,1733.1222205901145,0.10273433,204.85841272830953,-78,282.85841272830953,True
4013,8718,2050.64,whatsapp,0.64372593,1320.0501444673537,18,1302.0501444673537,payment_link,0.7247,1486.0987548065184,12,1474.0987548065184,0.08097404,166.04861033916472,-6,172.04861033916472,True
15771,85593,1947.05,email,0.67107433,1306.615275797248,5,1301.615275797248,payment_link,0.75371647,1467.523650598526,12,1455.523650598526,0.08264214,160.90837480127811,7,153.90837480127811,True
7003,34116,5255.64,human_escalation,0.9159559,4813.9344722986225,250,4563.9344722986225,human_escalation,0.9159559,4813.9344722986225,250,4563.9344722986225,0.0,0.0,0,0.0,False
29618,72656,1011.41,payment_link,0.75702184,765.6594636315107,12,753.6594636315107,payment_link,0.75702184,765.6594636315107,12,753.6594636315107,0.0,0.0,0,0.0,False
85148,80880,697.71,human_escalation,0.8621779,601.5501484841109,250,351.5501484841109,payment_link,0.7974383,556.3806926876307,12,544.3806926876307,-0.064739585,-45.16945579648018,-238,192.83054420351982,True
84853,97453,2483.4,whatsapp,0.38417694,954.0650121152402,18,936.0650121152402,payment_link,0.47539568,1180.5976304054261,12,1168.5976304054261,0.09121874,226.53261829018595,-6,232.53261829018595,True
46173,98919,1936.68,human_escalation,0.60854846,1178.5636361432075,250,928.5636361432075,payment_link,0.6755104,1308.2474940490722,12,1296.2474940490722,0.066961944,129.68385790586467,-238,367.68385790586467,True
52828,12387,1345.8,retry,0.6364677,856.5582242488861,8,848.5582242488861,payment_link,0.7282359,980.0598747611045,12,968.0598747611045,0.091768205,123.50165051221848,4,119.50165051221848,True
62018,71165,1823.3,voice_call,0.6368139,1161.1027456045151,90,1071.1027456045151,payment_link,0.7057775,1286.8441629767417,12,1274.8441629767417,0.06896365,125.74141737222658,-78,203.74141737222658,True
31930,24384,2096.46,retry,0.8218258,1722.9249215447903,8,1714.9249215447903,payment_link,0.8644973,1812.3840178656578,12,1800.3840178656578,0.0426715,89.4590963208675,4,85.4590963208675,True
36040,17023,1493.96,whatsapp,0.89912665,1343.259248394966,18,1325.259248394966,payment_link,0.926806,1384.6110515022278,12,1372.6110515022278,0.027679324,41.35180310726173,-6,47.35180310726173,True
65824,17493,1877.59,whatsapp,0.5653051,1061.4112286055088,18,1043.4112286055088,human_escalation,0.72147655,1354.6371646595,250,1104.6371646595,0.15617144,293.2259360539913,232,61.22593605399129,True
67759,15822,1786.09,payment_link,0.8627743,1540.9925718063116,12,1528.9925718063116,payment_link,0.8627743,1540.9925718063116,12,1528.9925718063116,0.0,0.0,0,0.0,False
29027,93184,2352.12,voice_call,0.62545764,1471.1514346933363,90,1381.1514346933363,payment_link,0.7325588,1723.0661737704277,12,1711.0661737704277,0.10710114,251.91473907709133,-78,329.9147390770913,True
67454,29971,1149.27,retry,0.87359285,1003.9940587949752,8,995.9940587949752,payment_link,0.9132512,1049.572230965495,12,1037.572230965495,0.039658368,45.57817217051979,4,41.57817217051979,True
86216,56719,2487.87,email,0.5717194,1422.363563668728,5,1417.363563668728,payment_link,0.6597384,1641.3434265482424,12,1629.3434265482424,0.08801901,218.97986287951449,7,211.97986287951449,True
27084,48706,4088.84,human_escalation,0.9094104,3718.4336897730827,250,3468.4336897730827,payment_link,0.9140989,3737.6042216658593,12,3725.6042216658593,0.0046885014,19.17053189277658,-238,257.1705318927766,True
51087,41022,843.19,payment_link,0.75977,640.6304461807013,12,628.6304461807013,payment_link,0.75977,640.6304461807013,12,628.6304461807013,0.0,0.0,0,0.0,False
39974,63117,1689.8,retry,0.73066306,1234.674440717697,8,1226.674440717697,payment_link,0.8258033,1395.4423823356628,12,1383.4423823356628,0.09514022,160.7679416179658,4,156.7679416179658,True
17093,19256,1475.1,email,0.6493517,957.8587163329124,5,952.8587163329124,payment_link,0.73347175,1081.944180214405,12,1069.944180214405,0.084120035,124.0854638814925,7,117.0854638814925,True
48438,79715,926.44,whatsapp,0.54794365,507.63691665887836,18,489.63691665887836,payment_link,0.61127317,566.3079151678086,12,554.3079151678086,0.06332952,58.67099850893021,-6,64.67099850893021,True
21151,63131,1411.37,retry,0.73664135,1039.6734984916448,8,1031.6734984916448,payment_link,0.8149424,1150.18528265059,12,1138.18528265059,0.07830107,110.51178415894515,4,106.51178415894515,True
84176,17771,1741.26,voice_call,0.59423536,1034.7182640373708,90,944.7182640373708,payment_link,0.61023474,1062.5773388385774,12,1050.5773388385774,0.015999377,27.85907480120659,-78,105.85907480120659,True
63974,86004,9885.52,whatsapp,0.8693913,8594.385302801133,18,8576.385302801133,human_escalation,0.8993103,8890.149866042137,250,8640.149866042137,0.029918969,295.764563241004,232,63.764563241004,True
5552,47886,497.52,retry,0.93210256,463.739666147232,8,455.739666147232,payment_link,0.94194067,468.63431977272035,12,456.63431977272035,0.009838104,4.894653625488331,4,0.8946536254883313,True
40184,74964,765.85,email,0.6339512,485.5115166664124,5,480.5115166664124,payment_link,0.77152604,590.8732166975736,12,578.8732166975736,0.13757485,105.36170003116126,7,98.36170003116126,True
31048,25094,3151.82,payment_link,0.64311093,2026.9698942911625,12,2014.9698942911625,human_escalation,0.7696807,2425.8949571955204,250,2175.8949571955204,0.12656975,398.9250629043579,238,160.9250629043579,True
83412,65360,1638.26,payment_link,0.9050998,1482.7888133704662,12,1470.7888133704662,payment_link,0.9050998,1482.7888133704662,12,1470.7888133704662,0.0,0.0,0,0.0,False
35472,56473,1319.1,retry,0.6455742,851.5769431471824,8,843.5769431471824,payment_link,0.6720838,886.5457340776919,12,874.5457340776919,0.026509583,34.9687909305095,4,30.9687909305095,True
28331,88446,628.34,retry,0.6443264,404.8560431611538,8,396.8560431611538,payment_link,0.7252053,455.6754996085167,12,443.6754996085167,0.08087891,50.81945644736288,4,46.81945644736288,True
27860,93170,1759.55,email,0.48394814,851.5309520885348,5,846.5309520885348,payment_link,0.6221266,1094.6628225803374,12,1082.6628225803374,0.13817844,243.1318704918026,7,236.1318704918026,True
38160,99647,1776.26,human_escalation,0.8745624,1553.4501778912545,250,1303.4501778912545,payment_link,0.8655375,1537.4196827769279,12,1525.4196827769279,-0.0090248585,-16.03049511432664,-238,221.96950488567336,True
13233,7040,2143.09,payment_link,0.58373964,1251.006581505537,12,1239.006581505537,human_escalation,0.70830286,1517.9567665755749,250,1267.9567665755749,0.12456322,266.95018507003783,238,28.950185070037833,True
30783,35047,808.59,whatsapp,0.81088716,655.6752470201254,18,637.6752470201254,payment_link,0.83794963,677.5576942312717,12,665.5576942312717,0.027062476,21.882447211146314,-6,27.882447211146314,True
79355,40435,1003.25,payment_link,0.54106164,542.8200901150703,12,530.8200901150703,payment_link,0.54106164,542.8200901150703,12,530.8200901150703,0.0,0.0,0,0.0,False
82425,23531,1363.11,whatsapp,0.71315664,972.1109482723474,18,954.1109482723474,payment_link,0.75051737,1023.0377299261093,12,1011.0377299261093,0.037360728,50.92678165376185,-6,56.92678165376185,True
38619,54796,1765.97,payment_link,0.7560877,1335.2282315844298,12,1323.2282315844298,payment_link,0.7560877,1335.2282315844298,12,1323.2282315844298,0.0,0.0,0,0.0,False
61823,72943,570.52,whatsapp,0.8732761,498.2214888238907,18,480.2214888238907,payment_link,0.93248606,532.001945400238,12,520.001945400238,0.059209943,33.78045657634732,-6,39.78045657634732,True
99951,53906,2457.17,retry,0.5104678,1254.3062312561274,8,1246.3062312561274,payment_link,0.5826208,1431.5983500093223,12,1419.5983500093223,0.07215297,177.29211875319493,4,173.29211875319493,True
87465,64740,592.09,voice_call,0.80655724,477.5544751077891,90,387.5544751077891,payment_link,0.89421153,529.4537052035332,12,517.4537052035332,0.08765429,51.899230095744144,-78,129.89923009574414,True
54706,64954,1785.26,payment_link,0.8076433,1441.8532676434518,12,1429.8532676434518,payment_link,0.8076433,1441.8532676434518,12,1429.8532676434518,0.0,0.0,0,0.0,False
40866,12125,1623.54,whatsapp,0.6985206,1134.076136215925,18,1116.076136215925,payment_link,0.7008574,1137.8700246477126,12,1125.8700246477126,0.0023368,3.7938884317875363,-6,9.793888431787536,True
71513,35648,1866.43,payment_link,0.5703137,1064.450584332943,12,1052.450584332943,payment_link,0.5703137,1064.450584332943,12,1052.450584332943,0.0,0.0,0,0.0,False
88606,85293,1785.98,payment_link,0.9132973,1631.1307039427757,12,1619.1307039427757,payment_link,0.9132973,1631.1307039427757,12,1619.1307039427757,0.0,0.0,0,0.0,False
66618,8593,2738.54,whatsapp,0.4710128,1289.887395864129,18,1271.887395864129,payment_link,0.5162816,1413.8578259181977,12,1401.8578259181977,0.045268804,123.97043005406863,-6,129.97043005406863,True
21716,73736,3409.52,retry,0.45013502,1534.7443615794182,8,1526.7443615794182,payment_link,0.5320563,1814.0565006113052,12,1802.0565006113052,0.08192125,279.312139031887,4,275.312139031887,True
47024,30167,3316.52,payment_link,0.699603,2320.247411687374,12,2308.247411687374,payment_link,0.699603,2320.247411687374,12,2308.247411687374,0.0,0.0,0,0.0,False
21473,93639,579.05,voice_call,0.37312254,216.05660858005282,90,126.05660858005282,payment_link,0.50422907,291.97384226322174,12,279.97384226322174,0.13110653,75.91723368316892,-78,153.91723368316892,True
91079,1975,6758.89,payment_link,0.71196103,4812.0662925457955,12,4800.0662925457955,human_escalation,0.7559191,5109.174038053751,250,4859.174038053751,0.043958068,297.10774550795577,238,59.10774550795577,True
61733,72768,1538.05,whatsapp,0.7997548,1230.0628676980734,18,1212.0628676980734,payment_link,0.855036,1315.0881509900094,12,1303.0881509900094,0.055281222,85.02528329193592,-6,91.02528329193592,True
65859,332,443.7,email,0.85799336,380.69165575504303,5,375.69165575504303,payment_link,0.9035719,400.91485367417334,12,388.91485367417334,0.04557854,20.223197919130314,7,13.223197919130314,True
15861,91185,2808.73,retry,0.8484038,2382.9372373473643,8,2374.9372373473643,whatsapp,0.8883715,2495.1957595783474,18,2477.1957595783474,0.039967716,112.25852223098309,10,102.25852223098309,True
25908,12797,1449.33,retry,0.57783794,837.4778674221038,8,829.4778674221038,payment_link,0.6955779,1008.1219460445642,12,996.1219460445642,0.117739975,170.64407862246037,4,166.64407862246037,True
95723,83009,1598.73,retry,0.46152082,737.8471819272637,8,729.8471819272637,payment_link,0.50133485,801.4990583771468,12,789.4990583771468,0.039814025,63.65187644988305,4,59.65187644988305,True
46699,43962,569.01,payment_link,0.77023894,438.2736569434404,12,426.2736569434404,payment_link,0.77023894,438.2736569434404,12,426.2736569434404,0.0,0.0,0,0.0,False
42561,3401,2906.47,voice_call,0.53436023,1553.101977598071,90,1463.101977598071,payment_link,0.64531416,1875.5862379223106,12,1863.5862379223106,0.11095393,322.4842603242396,-78,400.4842603242396,True
482,64737,1203.12,voice_call,0.73424715,883.3874287462233,90,793.3874287462233,payment_link,0.8291357,997.5497625875472,12,985.5497625875472,0.09488857,114.16233384132386,-78,192.16233384132386,True
43391,31281,3720.79,human_escalation,0.915558,3406.5989784038065,250,3156.5989784038065,human_escalation,0.915558,3406.5989784038065,250,3156.5989784038065,0.0,0.0,0,0.0,False
14914,84234,2064.97,whatsapp,0.81459737,1682.1191274952887,18,1664.1191274952887,payment_link,0.85847574,1772.7266585832833,12,1760.7266585832833,0.043878376,90.60753108799463,-6,96.60753108799463,True
34678,12483,1461.9,whatsapp,0.6172858,902.4100935637952,18,884.4100935637952,payment_link,0.687697,1005.3442345798017,12,993.3442345798017,0.070411205,102.93414101600649,-6,108.93414101600649,True
81361,1066,4201.09,retry,0.75340444,3165.1198525196314,8,3157.1198525196314,payment_link,0.802112,3369.744631918669,12,3357.744631918669,0.048707545,204.62477939903738,4,200.62477939903738,True
48492,51088,2712.4,payment_link,0.62847435,1704.6738398075104,12,1692.6738398075104,payment_link,0.62847435,1704.6738398075104,12,1692.6738398075104,0.0,0.0,0,0.0,False
91141,7385,1893.72,retry,0.47181764,893.490505861044,8,885.490505861044,payment_link,0.54890895,1039.479854707718,12,1027.479854707718,0.07709131,145.98934884667403,4,141.98934884667403,True
83330,41253,3470.6,retry,0.8458025,2935.4421077132224,8,2927.4421077132224,payment_link,0.9261738,3214.378811764717,12,3202.378811764717,0.08037132,278.9367040514944,4,274.9367040514944,True
98754,79248,3411.13,email,0.6279709,2142.0902884835004,5,2137.0902884835004,payment_link,0.7266346,2478.6451568472385,12,2466.6451568472385,0.09866375,336.554868363738,7,329.554868363738,True
98372,48204,2706.56,voice_call,0.40836996,1105.2777946090698,90,1015.2777946090698,payment_link,0.5670136,1534.6563869476317,12,1522.6563869476317,0.15864366,429.37859233856193,-78,507.37859233856193,True
17812,80380,1454.12,retry,0.3249047,472.45043698430055,8,464.45043698430055,payment_link,0.45604602,663.1456313669681,12,651.1456313669681,0.1311413,190.69519438266758,4,186.69519438266758,True
4137,38988,1397.58,voice_call,0.6511123,909.9815534448624,90,819.9815534448624,whatsapp,0.77202344,1078.9645184469223,18,1060.9645184469223,0.12091112,168.98296500205993,-72,240.98296500205993,True
90961,33500,1494.22,whatsapp,0.5340276,797.9546852779389,18,779.9546852779389,payment_link,0.55388254,827.6223678314686,12,815.6223678314686,0.019854963,29.667682553529744,-6,35.667682553529744,True
56987,48527,1721.28,voice_call,0.3609633,621.3189344501495,90,531.3189344501495,payment_link,0.5006216,861.7099766349793,12,849.7099766349793,0.1396583,240.39104218482976,-78,318.39104218482976,True
21832,6746,8485.78,retry,0.8050642,6831.597698574066,8,6823.597698574066,human_escalation,0.8663032,7351.258415083886,250,7101.258415083886,0.061239004,519.6607165098194,242,277.6607165098194,True
83621,47142,5606.0,payment_link,0.6469239,3626.6553814411163,12,3614.6553814411163,human_escalation,0.718474,4027.765080809593,250,3777.765080809593,0.07155007,401.10969936847687,238,163.10969936847687,True
32367,30656,2463.58,whatsapp,0.8002207,1971.4077808904647,18,1953.4077808904647,payment_link,0.8455378,2083.049968278408,12,2071.049968278408,0.045317054,111.6421873879433,-6,117.6421873879433,True
45280,18003,958.13,voice_call,0.6351411,608.5477178615332,90,518.5477178615332,payment_link,0.7352577,704.4724459058046,12,692.4724459058046,0.10011661,95.92472804427143,-78,173.92472804427143,True
77691,7876,264.08,payment_link,0.70437336,186.0109168243408,12,174.0109168243408,payment_link,0.70437336,186.0109168243408,12,174.0109168243408,0.0,0.0,0,0.0,False
63463,67419,2578.65,whatsapp,0.8941621,2305.7311467021705,18,2287.7311467021705,payment_link,0.9414097,2427.5661411345004,12,2415.5661411345004,0.04724759,121.83499443232995,-6,127.83499443232995,True
15555,97696,962.71,retry,0.39048252,375.9214221087098,8,367.9214221087098,payment_link,0.43332896,417.1701195827127,12,405.1701195827127,0.04284644,41.24869747400288,4,37.24869747400288,True
39039,25672,727.89,voice_call,0.6692372,487.1310629206896,90,397.1310629206896,payment_link,0.70678836,514.4641801410913,12,502.46418014109133,0.037551165,27.333117220401732,-78,105.33311722040173,True
89966,4287,1120.66,payment_link,0.5688486,637.4858831977845,12,625.4858831977845,payment_link,0.5688486,637.4858831977845,12,625.4858831977845,0.0,0.0,0,0.0,False
5208,38255,2068.22,whatsapp,0.785573,1624.737801799774,18,1606.737801799774,payment_link,0.79183257,1637.6839501929283,12,1625.6839501929283,0.0062595606,12.946148393154317,-6,18.946148393154317,True
46244,21386,666.2,retry,0.58533436,389.9497510313988,8,381.9497510313988,payment_link,0.62166435,414.1527868151665,12,402.1527868151665,0.036329985,24.20303578376769,4,20.20303578376769,True
51196,9790,495.28,payment_link,0.82643944,409.31892596721644,12,397.31892596721644,payment_link,0.82643944,409.31892596721644,12,397.31892596721644,0.0,0.0,0,0.0,False
77928,53364,877.83,voice_call,0.44355989,389.3701738715172,90,299.3701738715172,payment_link,0.56385154,494.96579325020315,12,482.96579325020315,0.12029165,105.59561937868597,-78,183.59561937868597,True
65747,49518,3209.6,whatsapp,0.43731728,1403.613548183441,18,1385.613548183441,payment_link,0.5129098,1646.235389137268,12,1634.235389137268,0.07559255,242.6218409538269,-6,248.6218409538269,True
85516,68741,625.7,whatsapp,0.8387018,524.7757066309453,18,506.77570663094525,payment_link,0.8688625,543.6472723364831,12,531.6472723364831,0.030160725,18.87156570553782,-6,24.87156570553782,True
19309,75539,1078.36,retry,0.6105078,658.3471764063835,8,650.3471764063835,payment_link,0.6851981,738.8902535510063,12,726.8902535510063,0.07469034,80.54307714462277,4,76.54307714462277,True
79491,13936,4143.69,email,0.6526994,2704.584022015929,5,2699.584022015929,human_escalation,0.8045166,3333.6674461251496,250,3083.6674461251496,0.1518172,629.0834241092207,245,384.0834241092207,True
5017,21293,2044.94,retry,0.55280066,1130.444172182083,8,1122.444172182083,payment_link,0.57970005,1185.4518258464336,12,1173.4518258464336,0.026899397,55.00765366435053,4,51.00765366435053,True
429,58721,3809.61,payment_link,0.9214434,3510.340001615882,12,3498.340001615882,payment_link,0.9214434,3510.340001615882,12,3498.340001615882,0.0,0.0,0,0.0,False
20552,93245,1542.81,retry,0.9234266,1424.6718361186981,8,1416.6718361186981,payment_link,0.9355191,1443.3282214915753,12,1431.3282214915753,0.012092471,18.65638537287714,4,14.65638537287714,True
56236,4323,883.35,whatsapp,0.62060595,548.2122620344162,18,530.2122620344162,payment_link,0.6948183,613.7677611082793,12,601.7677611082793,0.07421237,65.55549907386307,-6,71.55549907386307,True
51622,1790,5072.9,whatsapp,0.48748133,2472.9440179795024,18,2454.9440179795024,human_escalation,0.62254417,3158.1043170809744,250,2908.1043170809744,0.13506284,685.160299101472,232,453.160299101472,True
50087,57690,1894.88,whatsapp,0.8023434,1520.3445151042938,18,1502.3445151042938,payment_link,0.8547264,1619.6039118480683,12,1607.6039118480683,0.052382946,99.25939674377446,-6,105.25939674377446,True
27095,18844,2170.96,payment_link,0.63146317,1370.8812836551667,12,1358.8812836551667,payment_link,0.63146317,1370.8812836551667,12,1358.8812836551667,0.0,0.0,0,0.0,False
44638,29950,1068.66,whatsapp,0.5355183,572.2869743084908,18,554.2869743084908,payment_link,0.56886995,607.9285590434075,12,595.9285590434075,0.03335166,35.641584734916705,-6,41.641584734916705,True
21401,35569,2400.47,retry,0.68862766,1653.0300396591424,8,1645.0300396591424,human_escalation,0.8548142,2051.9557749593255,250,1801.9557749593255,0.16618651,398.9257353001831,242,156.92573530018308,True
72098,88748,543.48,retry,0.6758895,367.332421131134,8,359.332421131134,payment_link,0.76674014,416.70793308019637,12,404.70793308019637,0.09085065,49.37551194906234,4,45.37551194906234,True
67345,73911,2599.05,payment_link,0.75233036,1955.34422942698,12,1943.34422942698,human_escalation,0.84721434,2201.9524334013463,250,1951.9524334013463,0.09488398,246.60820397436623,238,8.608203974366234,True
72129,37692,2789.16,whatsapp,0.5030454,1403.0740524029732,18,1385.0740524029732,human_escalation,0.64707005,1804.7819013261794,250,1554.7819013261794,0.14402467,401.70784892320626,232,169.70784892320626,True
3715,71592,1569.81,voice_call,0.58428735,917.2201176971197,90,827.2201176971197,payment_link,0.7469632,1172.5903056281804,12,1160.5903056281804,0.16267586,255.37018793106074,-78,333.37018793106074,True
57615,10716,1534.35,human_escalation,0.41921592,643.2239431500434,250,393.2239431500434,payment_link,0.519755,797.4860932052135,12,785.4860932052135,0.10053909,154.26215005517008,-238,392.2621500551701,True
76069,19745,866.93,voice_call,0.48068526,416.72047580868,90,326.72047580868,payment_link,0.60122883,521.2233123648166,12,509.2233123648166,0.12054357,104.50283655613657,-78,182.50283655613657,True
23375,4304,1517.45,email,0.603399,915.6277802437544,5,910.6277802437544,payment_link,0.62477344,948.0624606937171,12,936.0624606937171,0.021374464,32.434680449962684,7,25.434680449962684,True
57143,76026,2008.15,human_escalation,0.9302872,1868.156205198169,250,1618.156205198169,payment_link,0.9215257,1850.5618681550027,12,1838.5618681550027,-0.008761466,-17.594337043166206,-238,220.4056629568338,True
75997,59984,2590.72,retry,0.45437324,1177.1538415527343,8,1169.1538415527343,payment_link,0.513619,1330.6430303955078,12,1318.6430303955078,0.059245765,153.4891888427735,4,149.4891888427735,True
14853,3631,2828.7,payment_link,0.5020629,1420.1853726267814,12,1408.1853726267814,payment_link,0.5020629,1420.1853726267814,12,1408.1853726267814,0.0,0.0,0,0.0,False
20052,63389,5150.19,retry,0.77435565,3988.0787248063084,8,3980.0787248063084,payment_link,0.8682716,4471.763656389713,12,4459.763656389713,0.09391594,483.6849315834047,4,479.6849315834047,True
3371,73945,2234.49,email,0.47905678,1070.447574443221,5,1065.447574443221,payment_link,0.6272424,1401.5668398553132,12,1389.5668398553132,0.14818561,331.1192654120923,7,324.1192654120923,True
64704,42720,5076.17,email,0.70610756,3584.321996702552,5,3579.321996702552,human_escalation,0.82151467,4170.1481025177245,250,3920.1481025177245,0.11540711,585.8261058151725,245,340.82610581517247,True
66503,68258,5877.36,payment_link,0.52995443,3114.7329889297484,12,3102.7329889297484,human_escalation,0.5882788,3457.526114273071,250,3207.526114273071,0.058324337,342.7931253433226,238,104.79312534332257,True
9607,29135,747.83,whatsapp,0.6370499,476.40503674268723,18,458.40503674268723,payment_link,0.71924096,537.8699697035552,12,525.8699697035552,0.08219105,61.46493296086794,-6,67.46493296086794,True
12240,97321,2785.79,voice_call,0.8076864,2250.044664198756,90,2160.044664198756,whatsapp,0.8580197,2390.2627267706393,18,2372.2627267706393,0.05033332,140.21806257188337,-72,212.21806257188337,True
13407,53111,2912.11,whatsapp,0.67140007,1955.1908584022524,18,1937.1908584022524,human_escalation,0.80506676,2344.4429751449825,250,2094.4429751449825,0.1336667,389.2521167427301,232,157.2521167427301,True
34838,4089,1319.95,retry,0.6866482,906.3412784188986,8,898.3412784188986,payment_link,0.75817883,1000.7581468522549,12,988.7581468522549,0.07153064,94.41686843335629,4,90.41686843335629,True
37132,29213,560.3,whatsapp,0.8434301,472.5738860785961,18,454.5738860785961,payment_link,0.8966997,502.42085680365557,12,490.42085680365557,0.053269625,29.846970725059464,-6,35.846970725059464,True
54051,80892,3303.48,whatsapp,0.8508176,2810.6589938092234,18,2792.6589938092234,payment_link,0.8866281,2928.958167164326,12,2916.958167164326,0.03581047,118.29917335510254,-6,124.29917335510254,True
12966,19177,2583.58,whatsapp,0.8850491,2286.5951658964154,18,2268.5951658964154,payment_link,0.91692954,2368.9608287513256,12,2356.9608287513256,0.03188044,82.36566285491017,-6,88.36566285491017,True
90918,71767,4386.59,email,0.7269852,3188.9860792708396,5,3183.9860792708396,payment_link,0.79429597,3484.250744238496,12,3472.250744238496,0.06731075,295.26466496765624,7,288.26466496765624,True
22721,15347,5931.67,human_escalation,0.78384286,4649.497187177539,250,4399.497187177539,human_escalation,0.78384286,4649.497187177539,250,4399.497187177539,0.0,0.0,0,0.0,False
39190,98309,701.63,payment_link,0.92253065,647.2751807260513,12,635.2751807260513,payment_link,0.92253065,647.2751807260513,12,635.2751807260513,0.0,0.0,0,0.0,False
34777,94500,2512.99,retry,0.6757276,1698.0967161488531,8,1690.0967161488531,human_escalation,0.8418482,2115.556094545722,250,1865.5560945457219,0.16612059,417.4593783968687,242,175.45937839686871,True
17230,30156,904.1,whatsapp,0.6388915,577.6218215286732,18,559.6218215286732,payment_link,0.7051292,637.5073153078556,12,625.5073153078556,0.06623769,59.88549377918241,-6,65.88549377918241,True
46984,77896,1599.17,retry,0.8122734,1298.9632261168958,8,1290.9632261168958,payment_link,0.88367087,1413.1399395638705,12,1401.1399395638705,0.07139748,114.17671344697465,4,110.17671344697465,True
12745,27088,754.75,retry,0.6837181,516.0362248718739,8,508.03622487187386,payment_link,0.76072466,574.1569399535656,12,562.1569399535656,0.07700658,58.12071508169174,4,54.12071508169174,True
4080,73473,1646.6,voice_call,0.6241529,1027.7301631450653,90,937.7301631450653,payment_link,0.75290257,1239.7293674588202,12,1227.7293674588202,0.12874967,211.99920431375494,-78,289.99920431375494,True
12488,28172,2224.12,retry,0.6961741,1548.3747062420844,8,1540.3747062420844,payment_link,0.7450776,1657.1420139884947,12,1645.1420139884947,0.048903525,108.76730774641032,4,104.76730774641032,True
43032,46136,2048.5,payment_link,0.72525775,1485.690509736538,12,1473.690509736538,payment_link,0.72525775,1485.690509736538,12,1473.690509736538,0.0,0.0,0,0.0,False
2860,76522,1093.31,retry,0.6969227,761.952578433156,8,753.952578433156,payment_link,0.7773117,849.8426358139515,12,837.8426358139515,0.08038896,87.8900573807955,4,83.8900573807955,True
74926,80919,2245.06,voice_call,0.6273053,1408.338101578951,90,1318.338101578951,payment_link,0.70495903,1582.6753309369087,12,1570.6753309369087,0.077653706,174.33722935795777,-78,252.33722935795777,True
37403,43087,4894.62,retry,0.6924876,3389.4636443066597,8,3381.4636443066597,human_escalation,0.83122814,4068.5458640027045,250,3818.5458640027045,0.13874054,679.0822196960448,242,437.08221969604483,True
27707,32729,1636.74,retry,0.6495512,1063.1464520180225,8,1055.1464520180225,payment_link,0.6901957,1129.6708767342568,12,1117.6708767342568,0.040644467,66.52442471623431,4,62.52442471623431,True
49323,30882,2595.44,retry,0.87132794,2261.4793798971177,8,2253.4793798971177,payment_link,0.9314133,2417.4273168849945,12,2405.4273168849945,0.060085356,155.9479369878768,4,151.9479369878768,True
35397,10956,3366.91,whatsapp,0.5051952,1700.9467723244427,18,1682.9467723244427,payment_link,0.5956392,2005.4636759090422,12,1993.4636759090422,0.09044403,304.5169035845995,-6,310.5169035845995,True
33472,993,1713.71,voice_call,0.6470859,1108.9175863862038,90,1018.9175863862038,payment_link,0.78296584,1341.776387796998,12,1329.776387796998,0.13587993,232.85880141079429,-78,310.8588014107943,True
95013,96089,1091.38,voice_call,0.48136273,525.3496565562488,90,435.34965655624876,payment_link,0.56429595,615.8613112390042,12,603.8613112390042,0.08293322,90.51165468275542,-78,168.51165468275542,True
4148,1537,395.9,whatsapp,0.6619276,262.05712925195695,18,244.05712925195695,payment_link,0.756002,299.3011953294277,12,287.3011953294277,0.09407443,37.244066077470734,-6,43.244066077470734,True
27886,65073,2512.44,human_escalation,0.55380654,1391.4057117748262,250,1141.4057117748262,whatsapp,0.51915646,1304.349446296692,18,1286.349446296692,-0.034650087,-87.05626547813426,-232,144.94373452186574,True
9039,76257,3523.7,retry,0.8559914,3016.2569776833056,8,3008.2569776833056,payment_link,0.91961163,3240.4355105817317,12,3228.4355105817317,0.06362021,224.17853289842606,4,220.17853289842606,True
62821,53314,439.15,retry,0.52264786,229.52080669403074,8,221.52080669403074,payment_link,0.5628042,247.15547413825988,12,235.15547413825988,0.040156364,17.634667444229137,4,13.634667444229137,True
26587,86625,1178.72,retry,0.6927848,816.5992832183838,8,808.5992832183838,payment_link,0.75981456,895.6086186504364,12,883.6086186504364,0.067029774,79.00933543205258,4,75.00933543205258,True
91333,67398,4599.02,retry,0.5109214,2349.737822877169,8,2341.737822877169,human_escalation,0.68754244,3162.021425542832,250,2912.021425542832,0.17662102,812.2836026656628,242,570.2836026656628,True
49397,26139,4172.35,payment_link,0.61470604,2564.7687436103824,12,2552.7687436103824,human_escalation,0.6985959,2914.786526018381,250,2664.786526018381,0.08388984,350.01778240799877,238,112.01778240799877,True
80802,17660,1953.55,retry,0.8419239,1644.7404201895,8,1636.7404201895,payment_link,0.91268593,1782.9775999754668,12,1770.9775999754668,0.07076204,138.23717978596687,4,134.23717978596687,True
78101,57542,870.74,payment_link,0.67611337,588.7189532518387,12,576.7189532518387,payment_link,0.67611337,588.7189532518387,12,576.7189532518387,0.0,0.0,0,0.0,False
55885,56399,659.28,payment_link,0.9131333,602.0105373144149,12,590.0105373144149,payment_link,0.9131333,602.0105373144149,12,590.0105373144149,0.0,0.0,0,0.0,False
60029,99519,372.31,human_escalation,0.856984,319.06372021794317,250,69.06372021794317,payment_link,0.7349838,273.6418192636967,12,261.6418192636967,-0.12200022,-45.421900954246496,-238,192.5780990457535,True
95911,94634,965.34,retry,0.86537796,835.3839624059201,8,827.3839624059201,payment_link,0.9280414,895.8754836523533,12,883.8754836523533,0.062663436,60.491521246433194,4,56.491521246433194,True
7412,11148,2543.5,retry,0.47440556,1206.6505340188742,8,1198.6505340188742,payment_link,0.6015329,1529.9988713562489,12,1517.9988713562489,0.12712732,323.3483373373747,4,319.3483373373747,True
8707,26628,1266.87,payment_link,0.9188433,1164.0550481504201,12,1152.0550481504201,payment_link,0.9188433,1164.0550481504201,12,1152.0550481504201,0.0,0.0,0,0.0,False
99932,45812,985.85,retry,0.49164614,484.6893479213119,8,476.6893479213119,payment_link,0.54497844,537.2669948846102,12,525.2669948846102,0.0533323,52.57764696329832,4,48.57764696329832,True
73470,90724,1099.09,payment_link,0.7207514,792.1706614601611,12,780.1706614601611,payment_link,0.7207514,792.1706614601611,12,780.1706614601611,0.0,0.0,0,0.0,False
64057,4617,229.45,whatsapp,0.85153764,195.38531261384486,18,177.38531261384486,payment_link,0.86225235,197.843802767992,12,185.843802767992,0.01071471,2.4584901541471424,-6,8.458490154147142,True
1845,21685,1374.87,whatsapp,0.68853205,946.6420656663179,18,928.6420656663179,payment_link,0.7310899,1005.1535570687055,12,993.1535570687055,0.042557836,58.511491402387605,-6,64.5114914023876,True
53135,711,2831.14,whatsapp,0.9012782,2551.644756821394,18,2533.644756821394,payment_link,0.9186711,2600.8864174497126,12,2588.8864174497126,0.017392874,49.24166062831864,-6,55.24166062831864,True
10093,6319,1252.46,human_escalation,0.82981753,1039.3132679986954,250,789.3132679986954,payment_link,0.81911975,1025.914723905325,12,1013.914723905325,-0.010697782,-13.398544093370447,-238,224.60145590662955,True
88939,65479,3234.89,email,0.4803312,1553.8186352995037,5,1548.8186352995037,payment_link,0.60086673,1943.7377923244237,12,1931.7377923244237,0.12053552,389.91915702491997,7,382.91915702491997,True
8834,90698,1954.56,email,0.5685482,1111.2615747070313,5,1106.2615747070313,payment_link,0.63775873,1246.5377069091796,12,1234.5377069091796,0.06921053,135.27613220214835,7,128.27613220214835,True
13088,86426,3984.13,retry,0.45158973,1799.1922043803336,8,1791.1922043803336,payment_link,0.57772493,2301.7312398004533,12,2289.7312398004533,0.1261352,502.5390354201197,4,498.5390354201197,True
58369,87353,4102.66,payment_link,0.765691,3141.3697656142713,12,3129.3697656142713,payment_link,0.765691,3141.3697656142713,12,3129.3697656142713,0.0,0.0,0,0.0,False
44190,62621,914.4,payment_link,0.8680632,793.757000541687,12,781.757000541687,payment_link,0.8680632,793.757000541687,12,781.757000541687,0.0,0.0,0,0.0,False
90726,50392,1456.06,whatsapp,0.91280794,1329.1031312084197,18,1311.1031312084197,payment_link,0.935903,1362.7309407484531,12,1350.7309407484531,0.023095071,33.62780954003347,-6,39.62780954003347,True
38972,4617,1327.81,voice_call,0.6412631,851.4755930960177,90,761.4755930960177,payment_link,0.780158,1035.9015718096493,12,1023.9015718096493,0.13889486,184.4259787136316,-78,262.4259787136316,True
36158,66917,2753.48,payment_link,0.503697,1386.9195552372933,12,1374.9195552372933,whatsapp,0.509369,1402.5373973321914,18,1384.5373973321914,0.0056720376,15.617842094898151,6,9.617842094898151,True
14248,6127,766.45,human_escalation,0.7392539,566.6011352479458,250,316.60113524794576,payment_link,0.6602597,506.0560652017594,12,494.0560652017594,-0.078994155,-60.54507004618637,-238,177.45492995381363,True
99433,70969,1531.07,whatsapp,0.4331475,663.1791275519132,18,645.1791275519132,payment_link,0.51027685,781.2695829123259,12,769.2695829123259,0.077129364,118.09045536041265,-6,124.09045536041265,True
66028,34157,3347.96,whatsapp,0.72517836,2427.868145289421,18,2409.868145289421,payment_link,0.75429374,2525.345269086361,12,2513.345269086361,0.029115379,97.47712379693985,-6,103.47712379693985,True
61188,41865,992.17,whatsapp,0.523358,519.2600943624973,18,501.2600943624973,payment_link,0.6041143,599.3840791296959,12,587.3840791296959,0.08075631,80.12398476719864,-6,86.12398476719864,True
51140,87944,7044.45,human_escalation,0.93167305,6563.124216556549,250,6313.124216556549,payment_link,0.91909504,6474.5190500736235,12,6462.5190500736235,-0.012578011,-88.6051664829256,-238,149.3948335170744,True
51245,3289,222.75,retry,0.37624988,83.80966068059206,8,75.80966068059206,payment_link,0.5269802,117.38484428822994,12,105.38484428822994,0.15073034,33.57518360763788,4,29.575183607637882,True
88147,85903,917.33,payment_link,0.8855691,812.3590984773637,12,800.3590984773637,payment_link,0.8855691,812.3590984773637,12,800.3590984773637,0.0,0.0,0,0.0,False
32125,6985,1654.03,whatsapp,0.76479065,1264.9866857373713,18,1246.9866857373713,payment_link,0.7786499,1287.910337408781,12,1275.910337408781,0.013859272,22.923651671409743,-6,28.923651671409743,True
95648,55631,512.86,payment_link,0.7187381,368.6120112323761,12,356.6120112323761,email,0.73517287,377.04075696706775,5,372.04075696706775,0.016434789,8.428745734691631,-7,15.428745734691631,True
65867,72004,1286.86,whatsapp,0.79343563,1021.0405789172648,18,1003.0405789172648,payment_link,0.852896,1097.5577145338057,12,1085.5577145338057,0.059460342,76.51713561654083,-6,82.51713561654083,True
58205,26344,2105.11,voice_call,0.57014805,1200.2243631881477,90,1110.2243631881477,payment_link,0.69535154,1463.7914825636149,12,1451.7914825636149,0.12520349,263.5671193754672,-78,341.5671193754672,True
64835,51181,1626.2,email,0.6018532,978.7336605906487,5,973.7336605906487,payment_link,0.67599726,1099.3067397117616,12,1087.3067397117616,0.074144065,120.57307912111287,7,113.57307912111287,True
62043,87179,2979.98,email,0.47570944,1417.604612016678,5,1412.604612016678,human_escalation,0.6767566,2016.7211936807632,250,1766.7211936807632,0.20104718,599.1165816640853,245,354.1165816640853,True
25069,63753,300.73,whatsapp,0.8807021,264.8535360199213,18,246.8535360199213,email,0.88952637,267.5072644042969,5,262.5072644042969,0.008824289,2.653728384375597,-13,15.653728384375597,True
54133,85980,2976.63,whatsapp,0.8962639,2667.846004974246,18,2649.846004974246,whatsapp,0.8962639,2667.846004974246,18,2649.846004974246,0.0,0.0,0,0.0,False
26873,45797,1491.54,retry,0.5281193,787.7110989618301,8,779.7110989618301,payment_link,0.59529966,887.9132566058636,12,875.9132566058636,0.067180336,100.20215764403349,4,96.20215764403349,True
60867,95502,4613.75,retry,0.5245173,2419.991682469845,8,2411.991682469845,payment_link,0.5690604,2625.5023523420095,12,2613.5023523420095,0.044543087,205.51066987216473,4,201.51066987216473,True
16097,86451,2638.94,email,0.7752178,2045.7531860017777,5,2040.7531860017777,payment_link,0.84090936,2219.1093513321875,12,2207.1093513321875,0.06569159,173.3561653304098,7,166.3561653304098,True
12844,8510,11429.39,email,0.5440735,6218.428472650647,5,6213.428472650647,payment_link,0.605309,6918.312740683556,12,6906.312740683556,0.061235487,699.884268032909,7,692.884268032909,True
49336,55123,3167.74,email,0.4525256,1433.4833994466064,5,1428.4833994466064,human_escalation,0.6424583,2035.1409175324438,250,1785.1409175324438,0.18993273,601.6575180858374,245,356.6575180858374,True
77211,11025,1691.82,email,0.45937502,777.179852836132,5,772.179852836132,payment_link,0.5333974,902.4123495733737,12,890.4123495733737,0.07402235,125.23249673724172,7,118.23249673724172,True
70431,56989,4670.94,payment_link,0.69581544,3250.112189962864,12,3238.112189962864,human_escalation,0.76032734,3551.4433816337582,250,3301.4433816337582,0.064511895,301.33119167089444,238,63.33119167089444,True
16666,604,7206.07,whatsapp,0.6634214,4780.660993425846,18,4762.660993425846,human_escalation,0.75587857,5446.91387031436,250,5196.91387031436,0.092457175,666.252876888514,232,434.25287688851404,True
34515,1055,8916.32,email,0.6806639,6069.016999387741,5,6064.016999387741,human_escalation,0.8138097,7256.187640638351,250,7006.187640638351,0.13314581,1187.17064125061,245,942.1706412506101,True
5090,96274,5586.33,payment_link,0.7367784,4115.887159091234,12,4103.887159091234,human_escalation,0.8091583,4520.22542678833,250,4270.22542678833,0.07237995,404.33826769709594,238,166.33826769709594,True
18046,25359,698.98,email,0.73036087,510.5076378321648,5,505.5076378321648,payment_link,0.7751306,541.8008074355125,12,529.8008074355125,0.044769764,31.293169603347735,7,24.293169603347735,True
66393,33919,1286.16,human_escalation,0.8836657,1136.5354521274567,250,886.5354521274567,whatsapp,0.81916595,1053.5784718894959,18,1035.5784718894959,-0.064499736,-82.9569802379608,-232,149.0430197620392,True
18033,12712,1052.65,whatsapp,0.82551205,868.9752610981465,18,850.9752610981465,payment_link,0.8341809,878.1005154520274,12,866.1005154520274,0.00866884,9.125254353880905,-6,15.125254353880905,True
36150,27715,970.79,voice_call,0.61354643,595.6247398132085,90,505.6247398132085,payment_link,0.73493665,713.4691548877954,12,701.4691548877954,0.12139022,117.84441507458689,-78,195.8444150745869,True
25126,92413,1010.43,voice_call,0.3475154,351.1399898904562,90,261.1399898904562,whatsapp,0.47839016,483.37976656258104,18,465.37976656258104,0.13087475,132.23977667212483,-72,204.23977667212483,True
38556,60884,621.47,email,0.5717742,355.3405025678873,5,350.3405025678873,payment_link,0.69598556,432.53414326906204,12,420.53414326906204,0.12421137,77.19364070117473,7,70.19364070117473,True
12784,15515,2825.41,retry,0.5326857,1505.0554953831434,8,1497.0554953831434,whatsapp,0.5836016,1648.9137796223163,18,1630.9137796223163,0.050915897,143.85828423917292,10,133.85828423917292,True
79474,54744,4968.51,retry,0.8121148,4035.0003816336393,8,4027.0003816336393,payment_link,0.87023884,4323.790381810069,12,4311.790381810069,0.058124065,288.7900001764301,4,284.7900001764301,True
11131,78711,4876.66,voice_call,0.63187176,3081.423736592531,90,2991.423736592531,human_escalation,0.8008307,3905.379148042202,250,3655.379148042202,0.16895896,823.9554114496709,160,663.9554114496709,True
7730,58025,1598.13,email,0.543684,868.8777200889588,5,863.8777200889588,payment_link,0.6107941,976.1284181624652,12,964.1284181624652,0.06711012,107.25069807350644,7,100.25069807350644,True
38205,59351,881.95,whatsapp,0.53530544,472.1126331835985,18,454.1126331835985,payment_link,0.63593036,560.8587804406882,12,548.8587804406882,0.10062492,88.74614725708966,-6,94.74614725708966,True
38798,33398,480.3,retry,0.771849,370.71906346678736,8,362.71906346678736,payment_link,0.8244514,395.98400114178656,12,383.98400114178656,0.05260241,25.264937674999203,4,21.264937674999203,True
86642,1563,388.62,retry,0.5766813,224.1098929846287,8,216.1098929846287,payment_link,0.649752,252.5066303372383,12,240.5066303372383,0.073070705,28.39673735260962,4,24.39673735260962,True
57277,51337,3581.2,payment_link,0.73183805,2620.858415722847,12,2608.858415722847,payment_link,0.73183805,2620.858415722847,12,2608.858415722847,0.0,0.0,0,0.0,False
38865,9071,2104.37,whatsapp,0.88578856,1864.0268718254565,18,1846.0268718254565,payment_link,0.91496056,1925.4155603450536,12,1913.4155603450536,0.029172003,61.38868851959705,-6,67.38868851959705,True
30768,5969,5226.92,retry,0.7393884,3864.724048535824,8,3856.724048535824,payment_link,0.86683244,4530.863791835308,12,4518.863791835308,0.12744403,666.139743299484,4,662.139743299484,True
18204,43641,586.5,voice_call,0.5921763,347.31141060590744,90,257.31141060590744,payment_link,0.69786096,409.29545080661774,12,397.29545080661774,0.10568464,61.9840402007103,-78,139.9840402007103,True
207,38517,836.91,human_escalation,0.8618981,721.3311591392755,250,471.33115913927554,payment_link,0.7939945,664.5019255560636,12,652.5019255560636,-0.06790364,-56.82923358321193,-238,181.17076641678807,True
44602,22227,1724.93,retry,0.6952159,1199.198729390502,8,1191.198729390502,payment_link,0.7435855,1282.6329829901458,12,1270.6329829901458,0.048369646,83.43425359964385,4,79.43425359964385,True
50144,39207,3293.2,voice_call,0.69872314,2301.0350360155103,90,2211.0350360155103,payment_link,0.8392208,2763.722010540962,12,2751.722010540962,0.14049768,462.68697452545166,-78,540.6869745254517,True
98158,61831,1090.01,payment_link,0.5901324,643.2502339953184,12,631.2502339953184,payment_link,0.5901324,643.2502339953184,12,631.2502339953184,0.0,0.0,0,0.0,False
2057,6954,4659.69,email,0.7344881,3422.4869926893707,5,3417.4869926893707,payment_link,0.7861185,3663.0685476779936,12,3651.0685476779936,0.051630378,240.58155498862288,7,233.58155498862288,True
81128,88312,419.78,retry,0.6495685,272.67586414694784,8,264.67586414694784,payment_link,0.68031317,285.5818624842167,12,273.5818624842167,0.030744672,12.90599833726884,4,8.90599833726884,True
50007,12054,1612.06,retry,0.45760465,737.6861467313767,8,729.6861467313767,whatsapp,0.51752836,834.2867601573467,18,816.2867601573467,0.05992371,96.6006134259701,10,86.6006134259701,True
77187,61808,773.41,payment_link,0.868184,671.4621645867825,12,659.4621645867825,payment_link,0.868184,671.4621645867825,12,659.4621645867825,0.0,0.0,0,0.0,False
82050,5981,1370.21,retry,0.7768264,1064.4152764463424,8,1056.4152764463424,payment_link,0.8643739,1184.3737921404838,12,1172.3737921404838,0.08754754,119.9585156941414,4,115.9585156941414,True
49384,42408,4915.89,whatsapp,0.8844374,4347.796882887483,18,4329.796882887483,payment_link,0.94406855,4640.937149487734,12,4628.937149487734,0.05963117,293.1402666002514,-6,299.1402666002514,True
10809,12539,1298.48,human_escalation,0.7695405,999.2329337930679,250,749.2329337930679,payment_link,0.7432868,965.1430290842056,12,953.1430290842056,-0.0262537,-34.089904708862264,-238,203.91009529113774,True
65533,31455,4788.18,whatsapp,0.71378225,3417.7178980243207,18,3399.7178980243207,payment_link,0.7526342,3603.748154357672,12,3591.748154357672,0.038851976,186.0302563333512,-6,192.0302563333512,True
36157,1845,2753.41,retry,0.67235017,1851.2556767010688,8,1843.2556767010688,payment_link,0.7666265,2110.837008701563,12,2098.837008701563,0.09427631,259.58133200049406,4,255.58133200049406,True
81927,89256,2082.68,payment_link,0.90264124,1879.9128510212897,12,1867.9128510212897,payment_link,0.90264124,1879.9128510212897,12,1867.9128510212897,0.0,0.0,0,0.0,False
76924,45009,3638.71,payment_link,0.8472587,3082.9286570441723,12,3070.9286570441723,human_escalation,0.917521,3338.5928375768663,250,3088.5928375768663,0.07026231,255.664180532694,238,17.66418053269399,True
89224,12229,1770.4,email,0.71401787,1264.097233581543,5,1259.097233581543,whatsapp,0.7674079,1358.6189357757569,18,1340.6189357757569,0.053390026,94.52170219421396,13,81.52170219421396,True
40254,66635,1261.28,retry,0.59801304,754.2618913841247,8,746.2618913841247,payment_link,0.6626067,835.732598953247,12,823.732598953247,0.06459367,81.47070756912228,4,77.47070756912228,True
30336,99829,3392.05,voice_call,0.7355636,2495.0684287220242,90,2405.0684287220242,payment_link,0.799307,2711.2892710745336,12,2699.2892710745336,0.06374341,216.2208423525094,-78,294.2208423525094,True
98998,23931,1073.76,payment_link,0.6653914,714.4706541538238,12,702.4706541538238,payment_link,0.6653914,714.4706541538238,12,702.4706541538238,0.0,0.0,0,0.0,False
62578,9891,1055.3,payment_link,0.8028143,847.2099358856677,12,835.2099358856677,payment_link,0.8028143,847.2099358856677,12,835.2099358856677,0.0,0.0,0,0.0,False
26055,7604,1018.47,payment_link,0.759542,773.5707288980484,12,761.5707288980484,payment_link,0.759542,773.5707288980484,12,761.5707288980484,0.0,0.0,0,0.0,False
68249,79829,3290.96,email,0.6436518,2118.2322733163833,5,2113.2322733163833,human_escalation,0.7839083,2579.810883822441,250,2329.810883822441,0.14025652,461.5786105060579,245,216.57861050605788,True
41370,31629,5023.69,email,0.8229259,4134.124741443396,5,4129.124741443396,payment_link,0.85816705,4311.1652388131615,12,4299.1652388131615,0.035241127,177.04049736976594,7,170.04049736976594,True
27685,2977,2161.95,retry,0.7212196,1559.2407125920056,8,1551.2407125920056,payment_link,0.76609826,1656.2661351084707,12,1644.2661351084707,0.04487866,97.02542251646514,4,93.02542251646514,True
62778,6058,1623.63,retry,0.51489353,835.9965850353242,8,827.9965850353242,payment_link,0.5692917,924.3191004931928,12,912.3191004931928,0.05439818,88.32251545786858,4,84.32251545786858,True
44829,81049,3096.54,payment_link,0.5634449,1744.7297091472149,12,1732.7297091472149,human_escalation,0.7680666,2378.3489033138753,250,2128.3489033138753,0.20462167,633.6191941666605,238,395.61919416666046,True
75743,6119,1586.89,retry,0.64831674,1028.8073531091213,8,1020.8073531091213,payment_link,0.68369746,1084.952665603161,12,1072.952665603161,0.03538072,56.14531249403967,4,52.14531249403967,True
74130,46189,7470.13,whatsapp,0.64746326,4836.634737970233,18,4818.634737970233,human_escalation,0.75969553,5675.024369053841,250,5425.024369053841,0.11223227,838.389631083608,232,606.389631083608,True
88782,33926,1345.94,retry,0.7561937,1017.7913451492786,8,1009.7913451492786,payment_link,0.78754586,1059.9894745576382,12,1047.9894745576382,0.031352162,42.19812940835959,4,38.19812940835959,True
92884,49903,1369.12,payment_link,0.6060955,829.8174611568451,12,817.8174611568451,payment_link,0.6060955,829.8174611568451,12,817.8174611568451,0.0,0.0,0,0.0,False
75467,79352,1950.88,whatsapp,0.5409992,1055.4244688034057,18,1037.4244688034057,payment_link,0.5538311,1080.4580172729493,12,1068.4580172729493,0.012831926,25.033548469543575,-6,31.033548469543575,True
25825,21588,805.14,whatsapp,0.7061561,568.5545022261142,18,550.5545022261142,payment_link,0.7385815,594.661491676569,12,582.661491676569,0.032425404,26.106989450454762,-6,32.10698945045476,True
20547,23685,1606.73,retry,0.69888246,1122.9154159104824,8,1114.9154159104824,payment_link,0.7547769,1212.7226805776359,12,1200.7226805776359,0.055894434,89.8072646671535,4,85.8072646671535,True
53872,85977,2172.88,retry,0.60431004,1313.0931903839112,8,1305.0931903839112,payment_link,0.69661486,1513.6605002307892,12,1501.6605002307892,0.092304826,200.56730984687806,4,196.56730984687806,True
87226,27632,1068.93,retry,0.5347486,571.608835785985,8,563.608835785985,payment_link,0.5647951,603.7264014941454,12,591.7264014941454,0.030046463,32.11756570816044,4,28.11756570816044,True
30031,80880,895.5,voice_call,0.7971596,713.8564327061176,90,623.8564327061176,payment_link,0.9169077,821.0908701717854,12,809.0908701717854,0.119748116,107.23443746566772,-78,185.23443746566772,True
64339,71859,2224.03,retry,0.60840636,1353.114007768035,8,1345.114007768035,payment_link,0.6497419,1445.0454512715341,12,1433.0454512715341,0.041335523,91.93144350349917,4,87.93144350349917,True
40411,42061,2711.63,human_escalation,0.5800714,1572.938982384801,250,1322.938982384801,payment_link,0.6071643,1646.404994071126,12,1634.404994071126,0.027092934,73.46601168632515,-238,311.46601168632515,True
17289,92606,773.47,retry,0.7249172,560.7016860985756,8,552.7016860985756,payment_link,0.78403914,606.4307534205914,12,594.4307534205914,0.059121966,45.729067322015794,4,41.729067322015794,True
14900,25878,2728.59,retry,0.49123132,1340.3688736832144,8,1332.3688736832144,human_escalation,0.6898033,1882.1903925901652,250,1632.1903925901652,0.19857198,541.8215189069508,242,299.8215189069508,True
11263,11584,1615.29,whatsapp,0.8123794,1312.2283530145883,18,1294.2283530145883,payment_link,0.84791785,1369.6332316571475,12,1357.6332316571475,0.035538435,57.4048786425592,-6,63.4048786425592,True
86213,64792,4256.64,retry,0.9396629,3999.8065748977665,8,3991.8065748977665,payment_link,0.97440165,4147.677051429749,12,4135.677051429749,0.03473878,147.87047653198215,4,143.87047653198215,True
82321,40661,605.03,payment_link,0.61911434,374.58274873793124,12,362.58274873793124,payment_link,0.61911434,374.58274873793124,12,362.58274873793124,0.0,0.0,0,0.0,False
86081,60959,2078.19,payment_link,0.58084446,1207.1051523131132,12,1195.1051523131132,payment_link,0.58084446,1207.1051523131132,12,1195.1051523131132,0.0,0.0,0,0.0,False
62294,67854,2042.22,retry,0.7833517,1599.7765483510495,8,1591.7765483510495,payment_link,0.84854347,1732.9124353730679,12,1720.9124353730679,0.065191746,133.13588702201832,4,129.13588702201832,True
48403,21996,1741.31,retry,0.66629905,1160.2331901985406,8,1152.2331901985406,payment_link,0.71036065,1236.9580969178676,12,1224.9580969178676,0.0440616,76.72490671932701,4,72.72490671932701,True
33412,40118,876.42,payment_link,0.7791855,682.8937330520152,12,670.8937330520152,payment_link,0.7791855,682.8937330520152,12,670.8937330520152,0.0,0.0,0,0.0,False
61030,79711,804.91,human_escalation,0.7992001,643.2841666477918,250,393.28416664779184,payment_link,0.7371296,593.3230094033479,12,581.3230094033479,-0.06207049,-49.96115724444394,-238,188.03884275555606,True
16991,63946,1194.4,human_escalation,0.7910908,944.8788353443147,250,694.8788353443147,payment_link,0.69661045,832.0315223693848,12,820.0315223693848,-0.094480336,-112.84731297492988,-238,125.15268702507012,True
8260,65530,2461.01,retry,0.64599323,1589.7958056735995,8,1581.7958056735995,payment_link,0.7135231,1755.9874594396354,12,1743.9874594396354,0.06752986,166.19165376603587,4,162.19165376603587,True
67544,80785,949.75,voice_call,0.42292112,401.6693347841501,90,311.6693347841501,payment_link,0.5622857,534.0308638066053,12,522.0308638066053,0.1393646,132.36152902245522,-78,210.36152902245522,True
84605,15216,1830.12,email,0.699585,1280.32453779459,5,1275.32453779459,payment_link,0.7635245,1397.3414080023765,12,1385.3414080023765,0.06393945,117.0168702077865,7,110.0168702077865,True
57839,62765,3501.75,whatsapp,0.61700755,2160.6062007397413,18,2142.6062007397413,human_escalation,0.7528547,2636.3089627325535,250,2386.3089627325535,0.13584715,475.70276199281216,232,243.70276199281216,True
21198,39582,1131.15,retry,0.8095047,915.6712275892497,8,907.6712275892497,payment_link,0.83643997,946.1390688478947,12,934.1390688478947,0.02693528,30.467841258644967,4,26.467841258644967,True
57748,86712,1833.91,payment_link,0.5629867,1032.4668875092268,12,1020.4668875092268,payment_link,0.5629867,1032.4668875092268,12,1020.4668875092268,0.0,0.0,0,0.0,False
12184,85107,3792.2,payment_link,0.89346224,3388.187509167194,12,3376.187509167194,payment_link,0.89346224,3388.187509167194,12,3376.187509167194,0.0,0.0,0,0.0,False
21519,13676,1260.58,human_escalation,0.74884856,943.9835145783424,250,693.9835145783424,payment_link,0.6842287,862.5250376904011,12,850.5250376904011,-0.06461984,-81.45847688794129,-238,156.5415231120587,True
94184,89056,1557.78,email,0.4967284,773.793552083373,5,768.793552083373,payment_link,0.6179979,962.7047449064255,12,950.7047449064255,0.121269494,188.9111928230525,7,181.9111928230525,True
15146,53553,3737.53,retry,0.44524494,1664.1163136282564,8,1656.1163136282564,payment_link,0.5422474,2026.665979448557,12,2014.665979448557,0.09700248,362.54966582030056,4,358.54966582030056,True
72346,9946,536.57,payment_link,0.48969057,262.75327023059134,12,250.75327023059134,payment_link,0.48969057,262.75327023059134,12,250.75327023059134,0.0,0.0,0,0.0,False
16582,43111,3445.54,whatsapp,0.7590962,2615.496338983774,18,2597.496338983774,payment_link,0.77651733,2675.521526721716,12,2663.521526721716,0.017421126,60.025187737941906,-6,66.0251877379419,True
41076,96371,1427.56,payment_link,0.5899853,842.2394306159019,12,830.2394306159019,payment_link,0.5899853,842.2394306159019,12,830.2394306159019,0.0,0.0,0,0.0,False
56542,46264,8068.06,payment_link,0.6921099,5583.984061278105,12,5571.984061278105,human_escalation,0.79581743,6420.702812913657,250,6170.702812913657,0.10370755,836.7187516355516,238,598.7187516355516,True
77212,54988,1694.28,retry,0.59332633,1005.2609347057343,8,997.2609347057343,payment_link,0.6568631,1112.9100018453598,12,1100.9100018453598,0.06353676,107.64906713962557,4,103.64906713962557,True
70339,12198,2070.47,retry,0.48994008,1014.4062313637137,8,1006.4062313637137,payment_link,0.5400752,1118.209463969469,12,1106.209463969469,0.050135106,103.80323260575528,4,99.80323260575528,True
55413,50042,1252.22,whatsapp,0.79597086,996.730626732111,18,978.730626732111,payment_link,0.82178044,1029.0499065732956,12,1017.0499065732956,0.025809586,32.31927984118465,-6,38.31927984118465,True
84337,55065,4239.27,retry,0.6891916,2921.6691885781293,8,2913.6691885781293,payment_link,0.73714674,3124.9640400946146,12,3112.9640400946146,0.047955155,203.29485151648532,4,199.29485151648532,True
24198,65706,1996.77,retry,0.77668923,1550.8697565740347,8,1542.8697565740347,payment_link,0.85258096,1702.4080926150084,12,1690.4080926150084,0.07589173,151.53833604097372,4,147.53833604097372,True
6269,98586,429.9,retry,0.87895393,377.86229610443115,8,369.86229610443115,payment_link,0.946191,406.76751642823217,12,394.76751642823217,0.06723708,28.905220323801018,4,24.905220323801018,True
98426,11635,753.48,retry,0.5625885,423.89919269800185,8,415.89919269800185,payment_link,0.62658757,472.1212020277977,12,460.1212020277977,0.06399906,48.22200932979587,4,44.22200932979587,True
75872,32886,2631.38,retry,0.79680496,2096.6966475975514,8,2088.6966475975514,payment_link,0.8744814,2301.092813667059,12,2289.092813667059,0.077676415,204.39616606950767,4,200.39616606950767,True
31338,27342,1824.92,payment_link,0.8979066,1638.6077150797844,12,1626.6077150797844,payment_link,0.8979066,1638.6077150797844,12,1626.6077150797844,0.0,0.0,0,0.0,False
51441,36033,2529.18,retry,0.76599604,1937.3418616998194,8,1929.3418616998194,payment_link,0.8416477,2128.6784908711907,12,2116.6784908711907,0.075651646,191.33662917137121,4,187.33662917137121,True
9930,35623,1092.7,human_escalation,0.59916127,654.7035167574883,250,404.7035167574883,payment_link,0.6019222,657.7204032719136,12,645.7204032719136,0.0027609468,3.016886514425323,-238,241.01688651442532,True
32341,37209,973.84,email,0.47904298,466.51121281385423,5,461.51121281385423,payment_link,0.5821455,566.9165855073929,12,554.9165855073929,0.103102535,100.40537269353871,7,93.40537269353871,True
25759,31352,2889.14,retry,0.89769346,2593.5620692121984,8,2585.5620692121984,payment_link,0.94371825,2726.5341579973697,12,2714.5341579973697,0.0460248,132.9720887851713,4,128.9720887851713,True
94001,55863,3057.31,retry,0.65726656,2009.4676180440188,8,2001.4676180440188,payment_link,0.70722306,2162.200126680136,12,2150.200126680136,0.0499565,152.73250863611702,4,148.73250863611702,True
28075,23482,1062.88,payment_link,0.4899323,520.7392416000366,12,508.7392416000366,payment_link,0.4899323,520.7392416000366,12,508.7392416000366,0.0,0.0,0,0.0,False
99820,59178,849.54,payment_link,0.54530686,463.2599910342693,12,451.2599910342693,payment_link,0.54530686,463.2599910342693,12,451.2599910342693,0.0,0.0,0,0.0,False
46378,78860,2184.96,voice_call,0.67204463,1468.3906452941894,90,1378.3906452941894,payment_link,0.7849626,1715.1118704986573,12,1703.1118704986573,0.11291796,246.72122520446783,-78,324.7212252044678,True
23554,97679,2638.08,human_escalation,0.83063495,2191.2814530944825,250,1941.2814530944825,human_escalation,0.83063495,2191.2814530944825,250,1941.2814530944825,0.0,0.0,0,0.0,False
47123,20301,573.18,whatsapp,0.8191892,469.5428604197502,18,451.5428604197502,payment_link,0.84177905,482.4909177196025,12,470.4909177196025,0.022589862,12.948057299852337,-6,18.948057299852337,True
95512,12830,680.51,voice_call,0.5140185,349.7947131091356,90,259.7947131091356,payment_link,0.6535883,444.7733706188202,12,432.7733706188202,0.13956982,94.97865750968458,-78,172.97865750968458,True
27793,15070,2949.13,human_escalation,0.6312863,1861.7454339569808,250,1611.7454339569808,payment_link,0.5730028,1689.8597925281526,12,1677.8597925281526,-0.058283508,-171.8856414288282,-238,66.1143585711718,True
46139,67318,1292.47,voice_call,0.62802655,811.7054686778783,90,721.7054686778783,whatsapp,0.7514555,971.2336717587709,18,953.2336717587709,0.12342894,159.52820308089258,-72,231.52820308089258,True
97738,709,1341.83,retry,0.48921677,656.4457447984814,8,648.4457447984814,whatsapp,0.50408816,676.4006202626229,18,658.4006202626229,0.014871389,19.954875464141423,10,9.954875464141423,True
77428,76227,2054.25,email,0.46694106,959.2136697024107,5,954.2136697024107,payment_link,0.5524063,1134.7806644439697,12,1122.7806644439697,0.08546525,175.56699474155903,7,168.56699474155903,True
96399,98821,1125.06,payment_link,0.42871395,482.3289138132333,12,470.3289138132333,payment_link,0.42871395,482.3289138132333,12,470.3289138132333,0.0,0.0,0,0.0,False
85126,85323,3291.96,retry,0.5468967,1800.362047662735,8,1792.362047662735,payment_link,0.64916414,2137.0223830533027,12,2125.0223830533027,0.102267444,336.66033539056775,4,332.66033539056775,True
97675,51365,7900.98,human_escalation,0.69536704,5494.0810618722435,250,5244.0810618722435,human_escalation,0.69536704,5494.0810618722435,250,5244.0810618722435,0.0,0.0,0,0.0,False
49956,28893,938.03,retry,0.8138727,763.4370040619373,8,755.4370040619373,payment_link,0.896638,841.0733207863569,12,829.0733207863569,0.08276528,77.63631672441966,4,73.63631672441966,True
39987,35247,3927.45,payment_link,0.4900314,1924.5737880840898,12,1912.5737880840898,payment_link,0.4900314,1924.5737880840898,12,1912.5737880840898,0.0,0.0,0,0.0,False
87777,69492,1763.01,whatsapp,0.6668615,1175.6834481829405,18,1157.6834481829405,payment_link,0.6957363,1226.5900349128246,12,1214.5900349128246,0.028874815,50.90658672988411,-6,56.90658672988411,True
22451,30824,1576.55,email,0.5272564,831.2461234480143,5,826.2461234480143,payment_link,0.6260816,987.0489242255687,12,975.0489242255687,0.09882516,155.80280077755447,7,148.80280077755447,True
85240,87699,3261.79,human_escalation,0.518106,1689.9529166841508,250,1439.9529166841508,payment_link,0.5911795,1928.3033489787579,12,1916.3033489787579,0.07307351,238.35043229460712,-238,476.3504322946071,True
29081,26950,5766.1,whatsapp,0.8403554,4845.573250436783,18,4827.573250436783,whatsapp,0.8403554,4845.573250436783,18,4827.573250436783,0.0,0.0,0,0.0,False
91946,82567,1279.08,retry,0.7196399,920.4769998979568,8,912.4769998979568,payment_link,0.7944485,1016.1631808710098,12,1004.1631808710098,0.0748086,95.68618097305296,4,91.68618097305296,True
90941,48183,2603.72,whatsapp,0.5654752,1472.3391540050507,18,1454.3391540050507,payment_link,0.5987382,1558.9466092109678,12,1546.9466092109678,0.033262968,86.60745520591718,-6,92.60745520591718,True
27017,48167,3727.98,payment_link,0.58185226,2169.1335779893398,12,2157.1335779893398,payment_link,0.58185226,2169.1335779893398,12,2157.1335779893398,0.0,0.0,0,0.0,False
66534,61953,1936.34,voice_call,0.6126025,1186.2066712236403,90,1096.2066712236403,payment_link,0.73564494,1424.4587164616585,12,1412.4587164616585,0.123042464,238.25204523801813,-78,316.2520452380181,True
13198,41216,3620.73,payment_link,0.7398947,2678.958894150853,12,2666.958894150853,payment_link,0.7398947,2678.958894150853,12,2666.958894150853,0.0,0.0,0,0.0,False
65495,81864,5475.13,retry,0.53195053,2912.498323879838,8,2904.498323879838,human_escalation,0.76232636,4173.835922051669,250,3923.8359220516686,0.23037583,1261.3375981718305,242,1019.3375981718305,True
17359,19934,1023.52,payment_link,0.5481154,561.0070462226868,12,549.0070462226868,payment_link,0.5481154,561.0070462226868,12,549.0070462226868,0.0,0.0,0,0.0,False
10509,15114,470.42,retry,0.6918085,325.4405648005009,8,317.4405648005009,payment_link,0.79608786,374.4956516003609,12,362.4956516003609,0.10427934,49.055086799859964,4,45.055086799859964,True
94822,91229,1916.56,human_escalation,0.8430984,1615.8486733818054,250,1365.8486733818054,payment_link,0.753157,1443.4706175136566,12,1431.4706175136566,-0.08994138,-172.37805586814875,-238,65.62194413185125,True
96909,16764,8981.49,voice_call,0.3115407,2798.0996191737054,90,2708.0996191737054,human_escalation,0.63928896,5741.767418301702,250,5491.767418301702,0.32774827,2943.667799127996,160,2783.667799127996,True
27906,25434,3571.33,payment_link,0.93399155,3335.5920472586154,12,3323.5920472586154,payment_link,0.93399155,3335.5920472586154,12,3323.5920472586154,0.0,0.0,0,0.0,False
87441,69794,2573.53,payment_link,0.67182577,1728.963765023947,12,1716.963765023947,payment_link,0.67182577,1728.963765023947,12,1716.963765023947,0.0,0.0,0,0.0,False
65119,10972,1360.69,payment_link,0.50452954,686.5082940274477,12,674.5082940274477,whatsapp,0.5140659,699.4843584626914,18,681.4843584626914,0.009536386,12.976064435243643,6,6.976064435243643,True
71462,73234,1972.83,whatsapp,0.61092854,1205.2581426143645,18,1187.2581426143645,payment_link,0.64073384,1264.058937782049,12,1252.058937782049,0.029805303,58.800795167684555,-6,64.80079516768456,True
27338,14785,2576.05,voice_call,0.5878905,1514.4353374421598,90,1424.4353374421598,payment_link,0.7400409,1906.3823561251165,12,1894.3823561251165,0.15215039,391.9470186829567,-78,469.9470186829567,True
59363,1667,1009.9,payment_link,0.6113776,617.4302350640297,12,605.4302350640297,payment_link,0.6113776,617.4302350640297,12,605.4302350640297,0.0,0.0,0,0.0,False
78404,93393,1355.33,email,0.7134124,966.9092335951328,5,961.9092335951328,payment_link,0.7683222,1041.3301671528816,12,1029.3301671528816,0.054909825,74.42093355774875,7,67.42093355774875,True
31589,62021,3410.47,email,0.6308326,2151.4357000023124,5,2146.4357000023124,human_escalation,0.8310745,2834.3545689892767,250,2584.3545689892767,0.20024186,682.9188689869643,245,437.9188689869643,True
17392,11241,1599.27,voice_call,0.68746394,1099.4404540282487,90,1009.4404540282487,payment_link,0.7798312,1247.1605969023703,12,1235.1605969023703,0.09236723,147.72014287412162,-78,225.72014287412162,True
94721,77471,941.93,retry,0.58210903,548.3059624534845,8,540.3059624534845,payment_link,0.66700155,628.2687656861543,12,616.2687656861543,0.08489251,79.96280323266978,4,75.96280323266978,True
46170,81329,2223.52,payment_link,0.9372475,2083.988593940735,12,2071.988593940735,payment_link,0.9372475,2083.988593940735,12,2071.988593940735,0.0,0.0,0,0.0,False
33699,75859,3358.32,payment_link,0.51896244,1742.8419511556626,12,1730.8419511556626,payment_link,0.51896244,1742.8419511556626,12,1730.8419511556626,0.0,0.0,0,0.0,False
91359,24063,1194.52,whatsapp,0.54454154,650.4657576870918,18,632.4657576870918,payment_link,0.6143128,733.8089588093758,12,721.8089588093758,0.06977129,83.34320112228397,-6,89.34320112228397,True
84479,57178,2747.4,payment_link,0.74143916,2037.029958307743,12,2025.029958307743,human_escalation,0.8298039,2279.8031909823417,250,2029.8031909823417,0.08836472,242.7732326745986,238,4.773232674598603,True
59176,99986,6201.89,payment_link,0.61258125,3799.1615474891664,12,3787.1615474891664,human_escalation,0.67941344,4213.647406026125,250,3963.6474060261253,0.066832185,414.48585853695886,238,176.48585853695886,True
27932,37244,1576.33,email,0.56643873,892.8943704038858,5,887.8943704038858,payment_link,0.6661039,1049.999559865594,12,1037.999559865594,0.099665165,157.10518946170816,7,150.10518946170816,True
72490,71002,1762.62,human_escalation,0.8397052,1480.0812303972243,250,1230.0812303972243,payment_link,0.74611294,1315.1135950541495,12,1303.1135950541495,-0.093592286,-164.9676353430748,-238,73.03236465692521,True
21963,29379,1349.77,voice_call,0.5013133,676.6576917374134,90,586.6576917374134,payment_link,0.63123035,852.0157953357697,12,840.0157953357697,0.12991703,175.35810359835625,-78,253.35810359835625,True
47003,6786,2331.04,voice_call,0.5888825,1372.7086765384674,90,1282.7086765384674,human_escalation,0.8105817,1889.4983289337158,250,1639.4983289337158,0.22169918,516.7896523952484,160,356.78965239524837,True
22472,55850,2010.94,voice_call,0.72237974,1452.6623225057126,90,1362.6623225057126,payment_link,0.7771583,1562.8187519204616,12,1550.8187519204616,0.054778576,110.15642941474903,-78,188.15642941474903,True
52813,3753,4279.06,payment_link,0.50184864,2147.4404331672195,12,2135.4404331672195,human_escalation,0.6865919,2937.9680350458625,250,2687.9680350458625,0.18474329,790.527601878643,238,552.527601878643,True
56043,20159,1997.48,retry,0.5348058,1068.2638388252258,8,1060.2638388252258,payment_link,0.63497,1268.3398942303659,12,1256.3398942303659,0.100164235,200.0760554051401,4,196.0760554051401,True
91919,93032,1505.16,email,0.6879417,1035.4622846460343,5,1030.4622846460343,payment_link,0.75438166,1135.46509431839,12,1123.46509431839,0.066439986,100.00280967235562,7,93.00280967235562,True
27917,43266,1065.13,voice_call,0.42809898,455.9810629588366,90,365.9810629588366,payment_link,0.58938384,627.7704100966454,12,615.7704100966454,0.16128486,171.78934713780876,-78,249.78934713780876,True
32670,14520,4564.08,email,0.6661927,3040.556825680733,5,3035.556825680733,payment_link,0.74761534,3412.1762089920044,12,3400.1762089920044,0.08142263,371.6193833112716,7,364.6193833112716,True
44296,50254,963.74,whatsapp,0.51104033,492.5100075697899,18,474.5100075697899,payment_link,0.5639414,543.4929032671452,12,531.4929032671452,0.05290109,50.982895697355275,-6,56.982895697355275,True
89549,63060,4120.97,retry,0.4540367,1871.0716717147827,8,1863.0716717147827,payment_link,0.55938166,2305.1950550669435,12,2293.1950550669435,0.10534495,434.1233833521608,4,430.1233833521608,True
51416,28150,3176.15,email,0.5033919,1598.8482515364885,5,1593.8482515364885,payment_link,0.642553,2040.8446215093136,12,2028.8446215093136,0.13916105,441.99636997282505,7,434.99636997282505,True
24860,43883,6521.98,retry,0.7928445,5170.915804597139,8,5162.915804597139,payment_link,0.9281066,6053.09272224307,12,6041.09272224307,0.13526213,882.1769176459311,4,878.1769176459311,True
78778,11268,1285.44,retry,0.44818798,576.1187532520295,8,568.1187532520295,payment_link,0.49450928,635.6620085334778,12,623.6620085334778,0.046321303,59.543255281448296,4,55.543255281448296,True
50985,50355,3533.89,payment_link,0.552594,1952.8064320808649,12,1940.8064320808649,payment_link,0.552594,1952.8064320808649,12,1940.8064320808649,0.0,0.0,0,0.0,False
74042,96978,2410.45,email,0.7029536,1694.4344497799873,5,1689.4344497799873,payment_link,0.77197886,1860.8164313554762,12,1848.8164313554762,0.06902528,166.3819815754889,7,159.3819815754889,True
81678,16646,2234.03,payment_link,0.7414606,1656.4452719300987,12,1644.4452719300987,payment_link,0.7414606,1656.4452719300987,12,1644.4452719300987,0.0,0.0,0,0.0,False
88699,65644,2079.77,retry,0.85832995,1785.1288837784527,8,1777.1288837784527,payment_link,0.89968956,1871.1473461520673,12,1859.1473461520673,0.041359603,86.01846237361451,4,82.01846237361451,True
11664,55907,1741.1,payment_link,0.842027,1466.053224557638,12,1454.053224557638,payment_link,0.842027,1466.053224557638,12,1454.053224557638,0.0,0.0,0,0.0,False
78808,92998,3095.29,payment_link,0.6859681,2123.27020342052,12,2111.27020342052,payment_link,0.6859681,2123.27020342052,12,2111.27020342052,0.0,0.0,0,0.0,False
50970,18245,1935.71,email,0.49943024,966.7521083229781,5,961.7521083229781,payment_link,0.6507572,1259.6772071564199,12,1247.6772071564199,0.15132695,292.9250988334418,7,285.9250988334418,True
46956,12834,1522.44,whatsapp,0.89987254,1370.001951971054,18,1352.001951971054,payment_link,0.9259349,1409.6803455591203,12,1397.6803455591203,0.02606237,39.67839358806623,-6,45.67839358806623,True
42971,52870,1838.66,whatsapp,0.49961144,918.6155653440952,18,900.6155653440952,payment_link,0.57414377,1055.6551792883874,12,1043.6551792883874,0.07453233,137.03961394429223,-6,143.03961394429223,True
372,28934,2191.25,human_escalation,0.57888025,1268.4713488072157,250,1018.4713488072157,payment_link,0.58157665,1274.3798241764307,12,1262.3798241764307,0.002696395,5.908475369215012,-238,243.908475369215,True
45409,26699,1047.82,email,0.6941248,727.3178666377067,5,722.3178666377067,payment_link,0.76733756,804.0316428041458,12,792.0316428041458,0.07321274,76.71377616643906,7,69.71377616643906,True
51860,46308,2160.85,whatsapp,0.7535388,1628.2842886775732,18,1610.2842886775732,payment_link,0.76735485,1658.1387189805507,12,1646.1387189805507,0.013816059,29.854430302977562,-6,35.85443030297756,True
60888,5018,2321.65,email,0.8008023,1859.1826375991106,5,1854.1826375991106,payment_link,0.870653,2021.3514762789011,12,2009.3514762789011,0.06985068,162.1688386797905,7,155.1688386797905,True
70001,65468,2959.29,whatsapp,0.48330072,1430.2269749191403,18,1412.2269749191403,payment_link,0.51733035,1530.9305269879103,12,1518.9305269879103,0.034029633,100.70355206877002,-6,106.70355206877002,True
44465,42456,819.9,whatsapp,0.6433026,527.443817692995,18,509.443817692995,payment_link,0.6625019,543.185284513235,12,531.185284513235,0.019199252,15.74146682024002,-6,21.74146682024002,True
14266,3449,978.19,voice_call,0.39349723,384.9150540661812,90,294.9150540661812,payment_link,0.51431316,503.0959913235903,12,491.0959913235903,0.12081593,118.18093725740908,-78,196.18093725740908,True
65657,66638,2829.43,whatsapp,0.47845042,1353.7419648396967,18,1335.7419648396967,human_escalation,0.66440475,1879.8867314255237,250,1629.8867314255237,0.18595433,526.144766585827,232,294.144766585827,True
21710,69709,2149.98,retry,0.6140206,1320.1319795179368,8,1312.1319795179368,payment_link,0.6689534,1438.2364712047577,12,1426.2364712047577,0.054932833,118.1044916868209,4,114.1044916868209,True
19215,16826,800.82,voice_call,0.832183,666.4287928032876,90,576.4287928032876,payment_link,0.9236094,739.6448604512215,12,727.6448604512215,0.09142637,73.21606764793387,-78,151.21606764793387,True
63819,31172,1207.06,voice_call,0.62572986,755.293483453989,90,665.293483453989,payment_link,0.75887936,916.0129245507717,12,904.0129245507717,0.1331495,160.7194410967827,-78,238.7194410967827,True
17429,34879,1195.5,retry,0.8784127,1050.142410993576,8,1042.142410993576,payment_link,0.93103606,1113.0536038577557,12,1101.0536038577557,0.05262333,62.91119286417961,4,58.91119286417961,True
46485,59179,5528.64,whatsapp,0.56528366,3125.249832572937,18,3107.249832572937,payment_link,0.6525737,3607.845086860657,12,3595.845086860657,0.08729005,482.59525428771985,-6,488.59525428771985,True
83602,61726,5061.17,payment_link,0.6948154,3516.5788441634177,12,3504.5788441634177,payment_link,0.6948154,3516.5788441634177,12,3504.5788441634177,0.0,0.0,0,0.0,False
53487,36684,2488.72,whatsapp,0.6949113,1729.4396533632278,18,1711.4396533632278,payment_link,0.73610663,1831.9633025169371,12,1819.9633025169371,0.041195333,102.52364915370936,-6,108.52364915370936,True
66817,78094,1440.05,whatsapp,0.7633494,1099.2613234460352,18,1081.2613234460352,payment_link,0.7613223,1096.3422062069178,12,1084.3422062069178,-0.0020270944,-2.9191172391174405,-6,3.0808827608825595,True
62784,89150,2146.77,payment_link,0.6605976,1418.1511578279733,12,1406.1511578279733,payment_link,0.6605976,1418.1511578279733,12,1406.1511578279733,0.0,0.0,0,0.0,False
33462,82330,1786.5,retry,0.597026,1066.586932003498,8,1058.586932003498,payment_link,0.6537304,1167.8893461227417,12,1155.8893461227417,0.056704402,101.30241411924362,4,97.30241411924362,True
84478,67400,2868.09,human_escalation,0.62124026,1781.772972189188,250,1531.772972189188,payment_link,0.62506866,1792.7531861114503,12,1780.7531861114503,0.0038284063,10.980213922262237,-238,248.98021392226224,True
17790,4345,3858.14,email,0.6820956,2631.6202690064906,5,2626.6202690064906,human_escalation,0.83733666,3230.5620592188834,250,2980.5620592188834,0.15524107,598.9417902123928,245,353.9417902123928,True
21084,60532,1410.57,retry,0.7655392,1079.8466701322793,8,1071.8466701322793,payment_link,0.85242665,1202.4074570667742,12,1190.4074570667742,0.08688742,122.5607869344949,4,118.5607869344949,True
77224,11249,2355.17,retry,0.4760021,1121.0658590972423,8,1113.0658590972423,payment_link,0.53656733,1263.707279444933,12,1251.707279444933,0.060565233,142.64142034769066,4,138.64142034769066,True
22090,67901,2604.48,human_escalation,0.8721653,2271.537138633728,250,2021.5371386337279,payment_link,0.81201446,2114.8754222488406,12,2102.8754222488406,-0.06015086,-156.6617163848873,-238,81.33828361511269,True
31959,24653,562.16,retry,0.7542652,424.01771874427794,8,416.01771874427794,payment_link,0.83771646,470.93068528175354,12,458.93068528175354,0.08345127,46.9129665374756,4,42.9129665374756,True
42555,15449,1520.16,payment_link,0.42221916,641.8406740379334,12,629.8406740379334,whatsapp,0.4401227,669.0569141721726,18,651.0569141721726,0.017903537,27.21624013423923,6,21.21624013423923,True
11935,43024,3218.95,whatsapp,0.78608626,2530.3723707228896,18,2512.3723707228896,whatsapp,0.78608626,2530.3723707228896,18,2512.3723707228896,0.0,0.0,0,0.0,False
9704,4264,2273.64,retry,0.8648621,1966.3850295495986,8,1958.3850295495986,payment_link,0.93580675,2127.687661914825,12,2115.687661914825,0.07094467,161.3026323652266,4,157.3026323652266,True
97925,40576,2492.67,payment_link,0.6770966,1687.7783951354027,12,1675.7783951354027,payment_link,0.6770966,1687.7783951354027,12,1675.7783951354027,0.0,0.0,0,0.0,False
17092,46680,882.35,voice_call,0.40271893,355.3390491530299,90,265.3390491530299,payment_link,0.8858809,781.65700109303,12,769.65700109303,0.48316196,426.31795194000006,-78,504.31795194000006,True
28160,5333,1013.67,payment_link,0.70420486,713.831337749362,12,701.831337749362,payment_link,0.70420486,713.831337749362,12,701.831337749362,0.0,0.0,0,0.0,False
74325,5025,1097.14,voice_call,0.86507446,949.1077883684636,90,859.1077883684636,payment_link,0.93678385,1027.783033400774,12,1015.783033400774,0.071709394,78.67524503231039,-78,156.6752450323104,True
59702,25539,1130.48,voice_call,0.73012453,825.3911822652817,90,735.3911822652817,payment_link,0.92297256,1043.402019548416,12,1031.402019548416,0.19284803,218.01083728313438,-78,296.0108372831344,True
66756,66819,1426.12,retry,0.56305766,802.9877915859222,8,794.9877915859222,whatsapp,0.611972,872.7454720926285,18,854.7454720926285,0.048914313,69.75768050670627,10,59.757680506706265,True
76498,57386,1767.32,retry,0.5066372,895.390083899498,8,887.390083899498,payment_link,0.6090261,1076.3439618253708,12,1064.3439618253708,0.10238886,180.9538779258728,4,176.9538779258728,True
46290,21886,2098.71,voice_call,0.7029104,1475.2051344394683,90,1385.2051344394683,whatsapp,0.78166157,1640.4809537261724,18,1622.4809537261724,0.07875115,165.27581928670406,-72,237.27581928670406,True
59022,44282,7196.49,whatsapp,0.69701385,5016.053237228393,18,4998.053237228393,human_escalation,0.7781682,5600.079680027961,250,5350.079680027961,0.08115435,584.026442799568,232,352.02644279956803,True
98018,65841,1421.83,retry,0.68253225,970.4448302704095,8,962.4448302704095,payment_link,0.79335284,1128.01287181139,12,1116.01287181139,0.11082059,157.5680415409804,4,153.5680415409804,True
43291,710,7911.09,retry,0.68589133,5426.148043765425,8,5418.148043765425,human_escalation,0.79073215,6255.553167436123,250,6005.553167436123,0.104840815,829.4051236706973,242,587.4051236706973,True
43433,32711,2337.07,payment_link,0.46560583,1088.153405866921,12,1076.153405866921,payment_link,0.46560583,1088.153405866921,12,1076.153405866921,0.0,0.0,0,0.0,False
8093,35563,3559.06,retry,0.693001,2466.432040370703,8,2458.432040370703,human_escalation,0.84371823,3002.843806241751,250,2752.843806241751,0.15071726,536.4117658710479,242,294.4117658710479,True
19291,34826,1820.52,payment_link,0.5848286,1064.6921905231475,12,1052.6921905231475,payment_link,0.5848286,1064.6921905231475,12,1052.6921905231475,0.0,0.0,0,0.0,False
80222,96580,3447.32,whatsapp,0.76229024,2627.858387861252,18,2609.858387861252,whatsapp,0.76229024,2627.858387861252,18,2609.858387861252,0.0,0.0,0,0.0,False
93901,50139,7254.78,payment_link,0.5572016,4042.3751971578595,12,4030.3751971578595,payment_link,0.5572016,4042.3751971578595,12,4030.3751971578595,0.0,0.0,0,0.0,False
37668,71874,2594.22,retry,0.6848055,1776.536156451702,8,1768.536156451702,human_escalation,0.84040356,2180.191715183258,250,1930.191715183258,0.15559804,403.6555587315561,242,161.65555873155608,True
90408,77440,553.88,payment_link,0.6521941,361.2372585463524,12,349.2372585463524,payment_link,0.6521941,361.2372585463524,12,349.2372585463524,0.0,0.0,0,0.0,False
1993,56030,3675.33,voice_call,0.52581507,1932.5439000302554,90,1842.5439000302554,payment_link,0.63731045,2342.3261989563703,12,2330.3261989563703,0.111495376,409.7822989261149,-78,487.7822989261149,True
52721,71721,1177.7,whatsapp,0.8790831,1035.296163314581,18,1017.296163314581,payment_link,0.9060236,1067.0240191102027,12,1055.0240191102027,0.026940525,31.727855795621736,-6,37.727855795621736,True
9172,15229,1568.04,whatsapp,0.68400174,1072.5420943379402,18,1054.5420943379402,payment_link,0.69886684,1095.8511663436889,12,1083.8511663436889,0.0148651,23.309072005748703,-6,29.309072005748703,True
24026,61115,1135.14,voice_call,0.63869065,725.0033049666882,90,635.0033049666882,whatsapp,0.6957447,789.7676311290264,18,771.7676311290264,0.057054043,64.7643261623382,-72,136.7643261623382,True
45332,35,1570.71,payment_link,0.60987735,957.9404491925239,12,945.9404491925239,payment_link,0.60987735,957.9404491925239,12,945.9404491925239,0.0,0.0,0,0.0,False
72469,66719,1366.84,retry,0.88499993,1209.6533054947852,8,1201.6533054947852,payment_link,0.92726606,1267.4243432354926,12,1255.4243432354926,0.04226613,57.77103774070747,4,53.77103774070747,True
65769,69693,3643.84,retry,0.89204204,3250.458470039368,8,3242.458470039368,payment_link,0.94297856,3436.06299943924,12,3424.06299943924,0.05093652,185.6045293998718,4,181.6045293998718,True
7739,89152,1397.76,payment_link,0.93144286,1301.9335675048828,12,1289.9335675048828,payment_link,0.93144286,1301.9335675048828,12,1289.9335675048828,0.0,0.0,0,0.0,False
64194,50015,1152.05,retry,0.54503644,627.9092250883579,8,619.9092250883579,payment_link,0.6202799,714.5934682190418,12,702.5934682190418,0.07524347,86.68424313068397,4,82.68424313068397,True
97024,79545,1490.75,payment_link,0.572698,853.7495391666889,12,841.7495391666889,payment_link,0.572698,853.7495391666889,12,841.7495391666889,0.0,0.0,0,0.0,False
43854,49924,275.56,email,0.7926286,218.41673323869705,5,213.41673323869705,payment_link,0.90021735,248.0638941502571,12,236.0638941502571,0.10758877,29.647160911560064,7,22.647160911560064,True
35968,71229,1161.78,voice_call,0.76837796,892.6861460530757,90,802.6861460530757,whatsapp,0.87480754,1016.333899873495,18,998.333899873495,0.10642958,123.64775382041933,-72,195.64775382041933,True
90036,26863,2563.97,email,0.5803742,1488.0619895523785,5,1483.0619895523785,payment_link,0.68067193,1745.2224091649055,12,1733.2224091649055,0.10029775,257.160419612527,7,250.160419612527,True
21658,90792,14262.66,retry,0.716869,10224.458763334751,8,10216.458763334751,human_escalation,0.8558901,12207.269425688983,250,11957.269425688983,0.1390211,1982.8106623542317,242,1740.8106623542317,True
63126,97193,3320.0,retry,0.56457126,1874.3765878677368,8,1866.3765878677368,payment_link,0.625264,2075.876443386078,12,2063.876443386078,0.060692728,201.49985551834106,4,197.49985551834106,True
78564,9374,1380.54,retry,0.47387934,654.2093803310394,8,646.2093803310394,payment_link,0.5411245,747.0440485489369,12,735.0440485489369,0.067245185,92.8346682178975,4,88.8346682178975,True
45547,96257,1316.96,payment_link,0.61461395,809.4219879245758,12,797.4219879245758,payment_link,0.61461395,809.4219879245758,12,797.4219879245758,0.0,0.0,0,0.0,False
32516,36247,917.32,email,0.6231657,571.6423843812943,5,566.6423843812943,payment_link,0.7009171,642.9652968740463,12,630.9652968740463,0.0777514,71.32291249275204,7,64.32291249275204,True
65024,23864,1128.35,whatsapp,0.60583735,683.5965683698654,18,665.5965683698654,payment_link,0.6597188,744.3937209695576,12,732.3937209695576,0.053881466,60.797152599692254,-6,66.79715259969225,True
19909,67605,18210.13,payment_link,0.75930834,13827.10354807377,12,13815.10354807377,human_escalation,0.82212776,14971.053376314045,250,14721.053376314045,0.06281942,1143.9498282402747,238,905.9498282402747,True
31589,62021,3410.47,retry,0.6786953,2314.6700316941738,8,2306.6700316941738,human_escalation,0.8310745,2834.3545689892767,250,2584.3545689892767,0.15237916,519.6845372951029,242,277.6845372951029,True
91539,1797,1555.32,retry,0.5322318,827.7907751655579,8,819.7907751655579,payment_link,0.61422145,955.3109113168716,12,943.3109113168716,0.081989646,127.52013615131375,4,123.52013615131375,True
3917,70475,3790.04,payment_link,0.74842006,2836.541962993145,12,2824.541962993145,payment_link,0.74842006,2836.541962993145,12,2824.541962993145,0.0,0.0,0,0.0,False
17813,72221,1829.2,payment_link,0.90474284,1654.9555973529816,12,1642.9555973529816,payment_link,0.90474284,1654.9555973529816,12,1642.9555973529816,0.0,0.0,0,0.0,False
30592,95033,723.69,retry,0.7045767,509.8950911253691,8,501.8950911253691,whatsapp,0.7286972,527.35086273551,18,509.35086273550996,0.02412051,17.455771610140857,10,7.455771610140857,True
93012,75944,1448.26,whatsapp,0.9045857,1310.0753135561943,18,1292.0753135561943,payment_link,0.9257915,1340.786800684929,12,1328.786800684929,0.021205783,30.71148712873469,-6,36.71148712873469,True
24574,71717,2481.77,retry,0.6829071,1694.818364715576,8,1686.818364715576,payment_link,0.73867184,1833.2136104637384,12,1821.2136104637384,0.055764735,138.39524574816232,4,134.39524574816232,True
10593,83777,1530.46,payment_link,0.7933129,1214.1336719822884,12,1202.1336719822884,payment_link,0.7933129,1214.1336719822884,12,1202.1336719822884,0.0,0.0,0,0.0,False
15432,50997,1545.74,payment_link,0.7635224,1180.2070937871933,12,1168.2070937871933,payment_link,0.7635224,1180.2070937871933,12,1168.2070937871933,0.0,0.0,0,0.0,False
75840,71468,3072.4,email,0.63567543,1953.0491920471193,5,1948.0491920471193,human_escalation,0.8557868,2629.319365501404,250,2379.319365501404,0.22011137,676.2701734542845,245,431.27017345428453,True
84437,41019,795.82,retry,0.61660296,490.7049654376507,8,482.7049654376507,payment_link,0.70092833,557.8127839159965,12,545.8127839159965,0.08432537,67.10781847834585,4,63.10781847834585,True
21812,60086,469.92,email,0.7183741,337.57834462165835,5,332.57834462165835,email,0.7183741,337.57834462165835,5,332.57834462165835,0.0,0.0,0,0.0,False
52877,40735,1442.6,whatsapp,0.8717305,1257.5584285616874,18,1239.5584285616874,payment_link,0.89333904,1288.7308960676191,12,1276.7308960676191,0.021608531,31.172467505931763,-6,37.17246750593176,True
62165,44664,6079.63,retry,0.6121421,3721.59739048481,8,3713.59739048481,human_escalation,0.7317101,4448.526531370879,250,4198.526531370879,0.11956799,726.9291408860686,242,484.9291408860686,True
34209,251,2550.79,retry,0.52721906,1344.825098617077,8,1336.825098617077,payment_link,0.58508676,1492.433463950753,12,1480.433463950753,0.057867706,147.60836533367615,4,143.60836533367615,True
53374,81004,1553.72,retry,0.6573945,1021.4070266485214,8,1013.4070266485214,payment_link,0.70880574,1101.2856541657447,12,1089.2856541657447,0.05141121,79.87862751722332,4,75.87862751722332,True
50366,99669,1814.23,payment_link,0.92932266,1686.0050493961573,12,1674.0050493961573,payment_link,0.92932266,1686.0050493961573,12,1674.0050493961573,0.0,0.0,0,0.0,False
45529,14032,3523.03,retry,0.8392939,2956.857578483224,8,2948.857578483224,payment_link,0.90383244,3184.228785619736,12,3172.228785619736,0.06453854,227.37120713651166,4,223.37120713651166,True
89858,58959,1001.88,human_escalation,0.683628,684.9132433533669,250,434.91324335336685,payment_link,0.5725529,573.6293188762664,12,561.6293188762664,-0.1110751,-111.28392447710041,-238,126.71607552289959,True
57076,44114,2137.14,retry,0.7068027,1510.5363773989677,8,1502.5363773989677,payment_link,0.74440056,1590.8882146275043,12,1578.8882146275043,0.037597835,80.35183722853662,4,76.35183722853662,True
24324,7836,1300.72,voice_call,0.45316702,589.4434079122543,90,499.4434079122543,whatsapp,0.5360414,697.2397424602509,18,679.2397424602509,0.08287436,107.7963345479966,-72,179.7963345479966,True
30260,18739,4471.52,retry,0.68252385,3051.919030666352,8,3043.919030666352,payment_link,0.72881824,3258.9253266048436,12,3246.9253266048436,0.04629439,207.0062959384918,4,203.0062959384918,True
7708,70973,1137.62,human_escalation,0.6510372,740.6329578781127,250,490.63295787811273,payment_link,0.54071075,615.1233602774142,12,603.1233602774142,-0.11032647,-125.5095976006985,-238,112.4904023993015,True
57292,24971,1292.68,voice_call,0.73861945,954.7985864305497,90,864.7985864305497,payment_link,0.8321141,1075.6572553777696,12,1063.6572553777696,0.09349465,120.85866894721994,-78,198.85866894721994,True
75188,64518,1146.52,retry,0.6592704,755.8667056226731,8,747.8667056226731,payment_link,0.7756263,889.2710675001144,12,877.2710675001144,0.116355896,133.40436187744137,4,129.40436187744137,True
30148,38788,1206.21,whatsapp,0.8848031,1067.2583669382334,18,1049.2583669382334,payment_link,0.9135352,1101.9152667027713,12,1089.9152667027713,0.028732061,34.65689976453791,-6,40.65689976453791,True
41724,85913,1683.23,payment_link,0.73349965,1234.6486094510556,12,1222.6486094510556,whatsapp,0.7530393,1267.5383416825532,18,1249.5383416825532,0.019539654,32.889732231497646,6,26.889732231497646,True
51920,42832,4173.2,retry,0.82390696,3438.3285175561905,8,3430.3285175561905,payment_link,0.8940757,3731.1566766023634,12,3719.1566766023634,0.07016873,292.8281590461729,4,288.8281590461729,True
35506,80316,1241.18,email,0.6575118,816.0904595887662,5,811.0904595887662,whatsapp,0.6974772,865.6947777676583,18,847.6947777676583,0.03996545,49.60431817889207,13,36.60431817889207,True
83437,66790,2537.77,whatsapp,0.72760546,1846.495313488245,18,1828.495313488245,human_escalation,0.83371645,2115.7806007009744,250,1865.7806007009744,0.10611099,269.2852872127294,232,37.28528721272937,True
65094,97692,1040.06,human_escalation,0.6499075,675.9428249800205,250,425.94282498002053,payment_link,0.60196084,626.0753890049457,12,614.0753890049457,-0.04794669,-49.86743597507484,-238,188.13256402492516,True
37027,51431,982.53,whatsapp,0.53111535,521.8367678886652,18,503.83676788866524,payment_link,0.582288,572.115454981327,12,560.115454981327,0.051172674,50.27868709266181,-6,56.27868709266181,True
84862,73345,2452.21,payment_link,0.8945112,2193.529365758896,12,2181.529365758896,payment_link,0.8945112,2193.529365758896,12,2181.529365758896,0.0,0.0,0,0.0,False
69869,34667,662.85,email,0.55469155,367.6772959828377,5,362.6772959828377,payment_link,0.7086534,469.73089983165266,12,457.73089983165266,0.15396184,102.05360384881499,7,95.05360384881499,True
85730,29551,2487.84,whatsapp,0.51661325,1285.2510954666138,18,1267.2510954666138,human_escalation,0.65973675,1641.3194823646547,250,1391.3194823646547,0.14312351,356.0683868980409,232,124.0683868980409,True
63714,27919,5071.41,human_escalation,0.78357315,3973.8207118606565,250,3723.8207118606565,human_escalation,0.78357315,3973.8207118606565,250,3723.8207118606565,0.0,0.0,0,0.0,False
86951,81596,671.72,payment_link,0.58611757,393.7068911862373,12,381.7068911862373,payment_link,0.58611757,393.7068911862373,12,381.7068911862373,0.0,0.0,0,0.0,False
87937,27360,1398.69,human_escalation,0.9415298,1316.9083305484057,250,1066.9083305484057,payment_link,0.93108183,1302.2948468381167,12,1290.2948468381167,-0.010447979,-14.613483710289074,-238,223.38651628971093,True
95905,76689,2690.45,voice_call,0.6625788,1782.635189449787,90,1692.635189449787,payment_link,0.786197,2115.223736682534,12,2103.223736682534,0.123618186,332.5885472327468,-78,410.5885472327468,True
50941,21364,9582.54,email,0.8532466,8176.269954539538,5,8171.269954539538,payment_link,0.9005917,8629.955715497734,12,8617.955715497734,0.047345042,453.6857609581957,7,446.6857609581957,True
26983,85440,1821.28,email,0.57129675,1040.4913475704193,5,1035.4913475704193,payment_link,0.7023183,1279.1182929801942,12,1267.1182929801942,0.13102156,238.62694540977486,7,231.62694540977486,True
59904,73701,990.71,payment_link,0.7236186,716.8962095534802,12,704.8962095534802,payment_link,0.7236186,716.8962095534802,12,704.8962095534802,0.0,0.0,0,0.0,False
88583,5526,801.16,retry,0.5958571,477.3768612551689,8,469.3768612551689,payment_link,0.6212721,497.73834529876706,12,485.73834529876706,0.025415003,20.361484043598182,4,16.361484043598182,True
47642,99483,1266.12,voice_call,0.6572767,832.1911627507209,90,742.1911627507209,payment_link,0.7998446,1012.6992735815047,12,1000.6992735815047,0.14256793,180.50811083078383,-78,258.50811083078383,True
3336,37730,2299.56,email,0.8453387,1943.9070660352706,5,1938.9070660352706,payment_link,0.8953762,2058.971306991577,12,2046.971306991577,0.050037503,115.06424095630632,7,108.06424095630632,True
81614,56851,1867.23,email,0.5136378,959.0798740839958,5,954.0798740839958,whatsapp,0.5617682,1048.9503878581525,18,1030.9503878581525,0.048130393,89.87051377415662,13,76.87051377415662,True
30030,16206,2278.52,payment_link,0.78520244,1789.0994717907906,12,1777.0994717907906,payment_link,0.78520244,1789.0994717907906,12,1777.0994717907906,0.0,0.0,0,0.0,False
46613,31277,1434.62,payment_link,0.78528786,1126.5896654891967,12,1114.5896654891967,payment_link,0.78528786,1126.5896654891967,12,1114.5896654891967,0.0,0.0,0,0.0,False
98140,42491,1891.26,whatsapp,0.6973648,1318.8981651306153,18,1300.8981651306153,payment_link,0.71008927,1342.9634257829189,12,1330.9634257829189,0.012724459,24.06526065230355,-6,30.06526065230355,True
21745,73412,856.06,retry,0.88330287,756.1602526772022,8,748.1602526772022,payment_link,0.93323594,798.9059616363048,12,786.9059616363048,0.049933076,42.74570895910267,4,38.74570895910267,True
8226,55026,2240.39,payment_link,0.6162455,1380.6302741026877,12,1368.6302741026877,payment_link,0.6162455,1380.6302741026877,12,1368.6302741026877,0.0,0.0,0,0.0,False
35251,89611,1111.05,payment_link,0.47163522,524.010313886404,12,512.010313886404,payment_link,0.47163522,524.010313886404,12,512.010313886404,0.0,0.0,0,0.0,False
71157,77222,2465.84,voice_call,0.68663996,1693.1442902612687,90,1603.1442902612687,payment_link,0.766977,1891.2425956583024,12,1879.2425956583024,0.08033705,198.09830539703376,-78,276.09830539703376,True
2310,7262,501.66,voice_call,0.38464013,192.95856632173061,90,102.95856632173061,payment_link,0.5353331,268.55520143151284,12,256.55520143151284,0.15069297,75.59663510978223,-78,153.59663510978223,True
79311,22583,1424.61,email,0.4505431,641.8482136720419,5,636.8482136720419,payment_link,0.53643906,764.2164509260654,12,752.2164509260654,0.085895956,122.36823725402348,7,115.36823725402348,True
63088,7135,1968.58,retry,0.8532929,1679.7753025186062,8,1671.7753025186062,payment_link,0.9006899,1773.0801231873036,12,1761.0801231873036,0.047397017,93.3048206686974,4,89.3048206686974,True
75246,32205,1028.67,retry,0.59790415,615.0460575753451,8,607.0460575753451,payment_link,0.71492964,735.4266730803251,12,723.4266730803251,0.117025495,120.38061550498003,4,116.38061550498003,True
30644,60042,6625.65,retry,0.80143046,5309.997752416133,8,5301.997752416133,human_escalation,0.89936155,5958.854859110713,250,5708.854859110713,0.09793109,648.8571066945797,242,406.85710669457967,True
32012,61595,1565.77,whatsapp,0.5643414,883.6288744246959,18,865.6288744246959,payment_link,0.61463827,962.3821623700857,12,950.3821623700857,0.050296843,78.75328794538973,-6,84.75328794538973,True
27721,35016,2376.54,retry,0.6935655,1648.286124522686,8,1640.286124522686,payment_link,0.7339081,1744.1619959414004,12,1732.1619959414004,0.04034263,95.8758714187145,4,91.8758714187145,True
4000,4155,3554.84,payment_link,0.6129547,2178.9558009696007,12,2166.9558009696007,payment_link,0.6129547,2178.9558009696007,12,2166.9558009696007,0.0,0.0,0,0.0,False
70526,25564,2713.5,retry,0.4532866,1229.9931570589542,8,1221.9931570589542,payment_link,0.55867124,1515.9543989896774,12,1503.9543989896774,0.10538465,285.9612419307232,4,281.9612419307232,True
22787,97973,2764.35,voice_call,0.6371741,1761.3723048448562,90,1671.3723048448562,payment_link,0.7205273,1991.7896176993847,12,1979.7896176993847,0.08335316,230.41731285452852,-78,308.4173128545285,True
60646,3622,2693.02,payment_link,0.38695106,1042.0669411855936,12,1030.0669411855936,whatsapp,0.39403677,1061.1489019870758,18,1043.1489019870758,0.0070857108,19.081960801482182,6,13.081960801482182,True
62311,54633,1785.12,retry,0.65339625,1166.3907116889952,8,1158.3907116889952,payment_link,0.7053321,1259.1024390506743,12,1247.1024390506743,0.05193585,92.7117273616791,4,88.7117273616791,True
72287,80382,1964.48,voice_call,0.59839296,1175.5310087585449,90,1085.5310087585449,payment_link,0.70532703,1385.6008517456055,12,1373.6008517456055,0.10693407,210.0698429870606,-78,288.0698429870606,True
44343,92457,1390.52,retry,0.68676114,954.9551015377044,8,946.9551015377044,payment_link,0.736661,1024.3418772768973,12,1012.3418772768973,0.049899876,69.3867757391929,4,65.3867757391929,True
13328,16814,4261.75,retry,0.87447786,3726.8060339689255,8,3718.8060339689255,payment_link,0.91329336,3892.227984070778,12,3880.227984070778,0.0388155,165.42195010185242,4,161.42195010185242,True
80749,23481,1554.08,whatsapp,0.8866097,1377.862361392975,18,1359.862361392975,payment_link,0.91517365,1422.253065662384,12,1410.253065662384,0.028563976,44.39070426940907,-6,50.39070426940907,True
3189,5618,528.18,voice_call,0.65497386,345.9440957808494,90,255.9440957808494,payment_link,0.91778195,484.7540698456764,12,472.7540698456764,0.26280808,138.80997406482697,-78,216.80997406482697,True
68891,58264,2220.39,retry,0.6792782,1508.2625111836194,8,1500.2625111836194,payment_link,0.72834545,1617.2109620279073,12,1605.2109620279073,0.04906726,108.94845084428789,4,104.94845084428789,True
15881,5069,536.87,retry,0.62368435,334.8374151998758,8,326.8374151998758,payment_link,0.7008722,376.27724880456924,12,364.27724880456924,0.077187836,41.43983360469343,4,37.43983360469343,True
86068,95853,1316.81,email,0.6065022,798.6481294977665,5,793.6481294977665,payment_link,0.70575243,929.3418604379892,12,917.3418604379892,0.09925026,130.69373094022274,7,123.69373094022274,True
49419,738,10582.84,whatsapp,0.32952368,3487.2964091062545,18,3469.2964091062545,human_escalation,0.52911144,5599.501764075756,250,5349.501764075756,0.19958776,2112.2053549695015,232,1880.2053549695015,True
81599,87954,2599.36,payment_link,0.7584075,1971.3740504837037,12,1959.3740504837037,payment_link,0.7584075,1971.3740504837037,12,1959.3740504837037,0.0,0.0,0,0.0,False
47601,32287,4613.06,whatsapp,0.7852833,3622.559104924202,18,3604.559104924202,payment_link,0.8053538,3715.145494383574,12,3703.145494383574,0.020070493,92.58638945937173,-6,98.58638945937173,True
46753,68619,2055.85,retry,0.7246085,1489.6863455206155,8,1481.6863455206155,payment_link,0.7974401,1639.4172535091639,12,1627.4172535091639,0.07283163,149.73090798854832,4,145.73090798854832,True
38826,39453,1035.64,human_escalation,0.5344006,553.4466190671922,250,303.44661906719216,payment_link,0.46623546,482.8520906043053,12,470.8520906043053,-0.06816512,-70.59452846288684,-238,167.40547153711316,True
92541,14785,5827.88,voice_call,0.5976137,3482.820884985924,90,3392.820884985924,human_escalation,0.77036047,4489.568374843598,250,4239.568374843598,0.17274678,1006.7474898576738,160,846.7474898576738,True
42028,55621,5207.9,payment_link,0.8711471,4536.846962076425,12,4524.846962076425,payment_link,0.8711471,4536.846962076425,12,4524.846962076425,0.0,0.0,0,0.0,False
30954,9063,3237.28,whatsapp,0.43180045,1397.8589764928818,18,1379.8589764928818,payment_link,0.5372022,1739.0738714313509,12,1727.0738714313509,0.105401725,341.2148949384691,-6,347.2148949384691,True
41655,30745,1242.36,email,0.5503028,683.6741909766197,5,678.6741909766197,payment_link,0.6868003,853.2532220435141,12,841.2532220435141,0.1364975,169.57903106689446,7,162.57903106689446,True
78960,29773,1483.33,voice_call,0.49080297,728.0227746948599,90,638.0227746948599,payment_link,0.6028797,894.2695499175786,12,882.2695499175786,0.11207673,166.24677522271872,-78,244.24677522271872,True
8439,8747,657.8,whatsapp,0.54821134,360.6134169101715,18,342.6134169101715,payment_link,0.66880727,439.9414209842682,12,427.9414209842682,0.12059593,79.32800407409667,-6,85.32800407409667,True
15671,63966,2129.64,payment_link,0.9279867,1976.2775563073158,12,1964.2775563073158,payment_link,0.9279867,1976.2775563073158,12,1964.2775563073158,0.0,0.0,0,0.0,False
37207,55182,6800.03,retry,0.70607483,4801.330052560567,8,4793.330052560567,human_escalation,0.8567865,5826.173832104206,250,5576.173832104206,0.15071166,1024.8437795436384,242,782.8437795436384,True
14852,60529,2057.7,retry,0.43608442,897.3309099823235,8,889.3309099823235,payment_link,0.50992453,1049.2717074036598,12,1037.2717074036598,0.07384011,151.94079742133624,4,147.94079742133624,True
70493,35230,4477.33,retry,0.6761113,3027.173321393132,8,3019.173321393132,payment_link,0.7321291,3277.983569803238,12,3265.983569803238,0.056017816,250.81024841010594,4,246.81024841010594,True
79116,81494,4798.45,retry,0.5509869,2643.8830232441424,8,2635.8830232441424,payment_link,0.68324006,3278.4932468950747,12,3266.4932468950747,0.13225317,634.6102236509323,4,630.6102236509323,True
81910,35251,5442.94,whatsapp,0.6647751,3618.330838710069,18,3600.330838710069,human_escalation,0.77397895,4212.720978455543,250,3962.7209784555434,0.109203875,594.3901397454742,232,362.39013974547424,True
80873,29922,1719.87,retry,0.5424279,932.9054679930209,8,924.9054679930209,payment_link,0.65043205,1118.6585702258349,12,1106.6585702258349,0.10800415,185.75310223281394,4,181.75310223281394,True
64783,11048,7963.3,whatsapp,0.6725666,5355.849547594786,18,5337.849547594786,human_escalation,0.77484274,6170.305184316635,250,5920.305184316635,0.10227615,814.4556367218493,232,582.4556367218493,True
72856,76087,2294.69,payment_link,0.91473055,2099.0230431604386,12,2087.0230431604386,payment_link,0.91473055,2099.0230431604386,12,2087.0230431604386,0.0,0.0,0,0.0,False
63611,93813,1063.55,retry,0.6964206,740.6781397134065,8,732.6781397134065,payment_link,0.77045435,819.416720893979,12,807.416720893979,0.07403374,78.73858118057251,4,74.73858118057251,True
84308,37480,1305.02,voice_call,0.74433607,971.3734562838077,90,881.3734562838077,payment_link,0.8440005,1101.4375564205645,12,1089.4375564205645,0.09966445,130.0641001367568,-78,208.0641001367568,True
81232,26662,2275.25,retry,0.8758101,1992.6868998259306,8,1984.6868998259306,whatsapp,0.91025907,2071.0669444948435,18,2053.0669444948435,0.03444898,78.38004466891289,10,68.38004466891289,True
30462,76453,987.32,voice_call,0.6192024,611.3508892917633,90,521.3508892917633,payment_link,0.73363674,724.3342230463028,12,712.3342230463028,0.11443436,112.98333375453944,-78,190.98333375453944,True
81737,36594,2967.44,retry,0.66922015,1985.8706404829027,8,1977.8706404829027,payment_link,0.7066428,2096.9201298093794,12,2084.9201298093794,0.037422657,111.04948932647676,4,107.04948932647676,True
97289,56642,820.79,payment_link,0.79710424,654.2551887094975,12,642.2551887094975,payment_link,0.79710424,654.2551887094975,12,642.2551887094975,0.0,0.0,0,0.0,False
86679,49289,1679.48,payment_link,0.91760033,1541.0914084267617,12,1529.0914084267617,payment_link,0.91760033,1541.0914084267617,12,1529.0914084267617,0.0,0.0,0,0.0,False
26619,97650,4294.51,email,0.691298,2968.78620818615,5,2963.78620818615,payment_link,0.73707193,3165.362779954076,12,3153.362779954076,0.045773923,196.576571767926,7,189.576571767926,True
8791,78262,1412.7,retry,0.68684214,970.301896172762,8,962.301896172762,payment_link,0.73987854,1045.2264067769052,12,1033.2264067769052,0.05303639,74.92451060414317,4,70.92451060414317,True
17266,66838,2074.32,payment_link,0.91458774,1897.1476328086856,12,1885.1476328086856,payment_link,0.91458774,1897.1476328086856,12,1885.1476328086856,0.0,0.0,0,0.0,False
7370,22287,1003.68,whatsapp,0.7730852,775.9301303958893,18,757.9301303958893,payment_link,0.7902009,793.108828382492,12,781.108828382492,0.017115712,17.178697986602742,-6,23.178697986602742,True
13541,43338,3708.02,retry,0.50990385,1890.7336670958996,8,1882.7336670958996,payment_link,0.57874435,2145.995631598234,12,2133.995631598234,0.0688405,255.26196450233442,4,251.26196450233442,True
39712,81200,1359.18,whatsapp,0.6700687,910.7439501678944,18,892.7439501678944,whatsapp,0.6700687,910.7439501678944,18,892.7439501678944,0.0,0.0,0,0.0,False
1962,81281,2050.11,payment_link,0.70919186,1453.921321579814,12,1441.921321579814,payment_link,0.70919186,1453.921321579814,12,1441.921321579814,0.0,0.0,0,0.0,False
34901,12863,1497.46,email,0.88863796,1330.699799517393,5,1325.699799517393,payment_link,0.92171407,1380.2299474573135,12,1368.2299474573135,0.033076108,49.530147939920425,7,42.530147939920425,True
11489,11060,1204.12,retry,0.829313,998.5923456883429,8,990.5923456883429,payment_link,0.87787604,1057.0681012821196,12,1045.0681012821196,0.048563063,58.47575559377674,4,54.47575559377674,True
34130,76408,1920.01,retry,0.5072133,973.8545975846052,8,965.8545975846052,whatsapp,0.55203557,1059.9138150334359,18,1041.9138150334359,0.044822276,86.05921744883062,10,76.05921744883062,True
72927,8840,2593.98,human_escalation,0.8222417,2132.8785860216617,250,1882.8785860216617,payment_link,0.7881982,2044.5702969181539,12,2032.5702969181539,-0.03404355,-88.30828910350783,-238,149.69171089649217,True
63127,52288,1795.12,email,0.80093217,1437.7693551445007,5,1432.7693551445007,payment_link,0.86343306,1549.9659601068495,12,1537.9659601068495,0.062500894,112.19660496234883,7,105.19660496234883,True
44888,1604,1336.41,retry,0.74332964,993.39316980958,8,985.39316980958,whatsapp,0.7860982,1050.5494716757537,18,1032.5494716757537,0.042768538,57.15630186617375,10,47.15630186617375,True
67647,97760,2269.61,payment_link,0.7484706,1698.7363684970142,12,1686.7363684970142,payment_link,0.7484706,1698.7363684970142,12,1686.7363684970142,0.0,0.0,0,0.0,False
59622,7957,3413.97,email,0.4931187,1683.4924597281217,5,1678.4924597281217,payment_link,0.57489854,1962.6863719278572,12,1950.6863719278572,0.08177984,279.19391219973545,7,272.19391219973545,True
91533,44225,4476.36,payment_link,0.7828198,3504.183273632526,12,3492.183273632526,payment_link,0.7828198,3504.183273632526,12,3492.183273632526,0.0,0.0,0,0.0,False
28156,47413,3688.47,retry,0.68890524,2541.006307282448,8,2533.006307282448,human_escalation,0.8358977,3083.1835308623313,250,2833.1835308623313,0.14699244,542.1772235798835,242,300.1772235798835,True
74157,91728,980.3,retry,0.5365932,526.0223127603531,8,518.0223127603531,payment_link,0.6322511,619.7957374989986,12,607.7957374989986,0.095657885,93.77342473864553,4,89.77342473864553,True
76127,47443,1064.36,voice_call,0.4979843,530.0345590353012,90,440.0345590353012,payment_link,0.5794746,616.7696150279045,12,604.7696150279045,0.08149034,86.7350559926033,-78,164.7350559926033,True
48146,43160,2671.98,payment_link,0.9140807,2442.4052937877177,12,2430.4052937877177,payment_link,0.9140807,2442.4052937877177,12,2430.4052937877177,0.0,0.0,0,0.0,False
86943,37235,2212.65,payment_link,0.602653,1333.4602192640305,12,1321.4602192640305,whatsapp,0.61159456,1353.2446982324125,18,1335.2446982324125,0.008941531,19.784478968382018,6,13.784478968382018,True
90925,43245,1557.89,email,0.59662193,929.4713394612074,5,924.4713394612074,payment_link,0.68350965,1064.8328452831508,12,1052.8328452831508,0.08688772,135.3615058219434,7,128.3615058219434,True
10469,77230,1047.33,human_escalation,0.56666416,593.4843739575148,250,343.4843739575148,whatsapp,0.48899686,512.141084908247,18,494.14108490824697,-0.077667296,-81.34328904926781,-232,150.6567109507322,True
533,87237,1439.22,human_escalation,0.9026531,1299.1163918566704,250,1049.1163918566704,payment_link,0.88585114,1274.9346846055985,12,1262.9346846055985,-0.016801953,-24.181707251071884,-238,213.81829274892812,True
45701,83888,680.67,retry,0.5128418,349.07604210734365,8,341.07604210734365,whatsapp,0.53974634,367.3891440314054,18,349.3891440314054,0.026904523,18.313101924061755,10,8.313101924061755,True
55790,49958,1418.59,payment_link,0.56647307,803.5930278414487,12,791.5930278414487,payment_link,0.56647307,803.5930278414487,12,791.5930278414487,0.0,0.0,0,0.0,False
6579,5998,969.74,whatsapp,0.8673452,841.099347717762,18,823.099347717762,payment_link,0.90036154,873.1165977954864,12,861.1165977954864,0.033016324,32.017250077724384,-6,38.017250077724384,True
12497,62465,5840.92,email,0.48329982,2822.9155940687656,5,2817.9155940687656,human_escalation,0.6881937,4019.68422270298,250,3769.68422270298,0.20489386,1196.7686286342146,245,951.7686286342146,True
11165,36022,1300.29,retry,0.84224576,1095.1637361234427,8,1087.1637361234427,payment_link,0.89394814,1162.3918240481614,12,1150.3918240481614,0.05170238,67.2280879247187,4,63.22808792471869,True
92429,41773,682.29,retry,0.55848086,381.04590515255927,8,373.04590515255927,payment_link,0.58161384,396.8293059879541,12,384.8293059879541,0.02313298,15.783400835394843,4,11.783400835394843,True
67503,37055,631.46,payment_link,0.38692284,244.3262942123413,12,232.3262942123413,payment_link,0.38692284,244.3262942123413,12,232.3262942123413,0.0,0.0,0,0.0,False
54542,2555,2363.24,payment_link,0.7747297,1830.8722840499877,12,1818.8722840499877,payment_link,0.7747297,1830.8722840499877,12,1818.8722840499877,0.0,0.0,0,0.0,False
26890,96948,756.49,whatsapp,0.6693094,506.32585111379626,18,488.32585111379626,payment_link,0.6767005,511.91714069247246,12,499.91714069247246,0.007391095,5.5912895786761965,-6,11.591289578676196,True
14065,88737,889.99,retry,0.39409623,350.74169973284006,8,342.74169973284006,payment_link,0.4992708,444.34601642251016,12,432.34601642251016,0.10517457,93.6043166896701,4,89.6043166896701,True
17205,913,1917.64,whatsapp,0.5303586,1017.0368897461892,18,999.0368897461892,payment_link,0.5652525,1083.950771291256,12,1071.950771291256,0.03489387,66.91388154506672,-6,72.91388154506672,True
11389,63465,530.06,whatsapp,0.5493237,291.17450876951216,18,273.17450876951216,payment_link,0.6221452,329.77427195549006,12,317.77427195549006,0.0728215,38.599763185977906,-6,44.599763185977906,True
29936,59155,1550.03,retry,0.7010733,1086.6846300208567,8,1078.6846300208567,payment_link,0.7642697,1184.6409779512883,12,1172.6409779512883,0.06319642,97.95634793043155,4,93.95634793043155,True
12130,28426,1153.75,retry,0.8575074,989.3491715937853,8,981.3491715937853,payment_link,0.9174921,1058.5565007477999,12,1046.5565007477999,0.059984684,69.20732915401459,4,65.20732915401459,True
7016,99350,1592.47,retry,0.4274752,680.7414540457726,8,672.7414540457726,payment_link,0.50259376,800.3654781746865,12,788.3654781746865,0.07511854,119.6240241289139,4,115.6240241289139,True
70598,12922,2698.93,whatsapp,0.4869694,1314.2963534373043,18,1296.2963534373043,payment_link,0.6058924,1635.2612286114693,12,1623.2612286114693,0.11892301,320.96487517416494,-6,326.96487517416494,True
21096,96635,1034.96,whatsapp,0.5072243,524.9568836402893,18,506.95688364028933,payment_link,0.57738185,597.5671187400818,12,585.5671187400818,0.07015753,72.61023509979248,-6,78.61023509979248,True
46742,33559,3384.71,retry,0.87004334,2944.8443843454124,8,2936.8443843454124,payment_link,0.9328978,3157.588533513546,12,3145.588533513546,0.06285447,212.7441491681334,4,208.7441491681334,True
20517,72015,2106.13,email,0.6238226,1313.8515545672178,5,1308.8515545672178,payment_link,0.7259856,1529.020023596883,12,1517.020023596883,0.10216296,215.16846902966518,7,208.16846902966518,True
79910,24685,1184.37,retry,0.8835469,1046.4464287215471,8,1038.4464287215471,payment_link,0.93441993,1106.6989324718713,12,1094.6989324718713,0.05087304,60.252503750324195,4,56.252503750324195,True
97395,77118,792.61,payment_link,0.76198184,603.9544300878048,12,591.9544300878048,whatsapp,0.7747286,614.0576326423884,18,596.0576326423884,0.012746751,10.103202554583618,6,4.103202554583618,True
53210,76026,1142.7,email,0.593365,678.0382010400295,5,673.0382010400295,payment_link,0.67744285,774.1139431893826,12,762.1139431893826,0.084077835,96.075742149353,7,89.075742149353,True
76932,89318,1224.05,human_escalation,0.6352495,777.5771449744701,250,527.5771449744701,payment_link,0.5786797,708.3328633129596,12,696.3328633129596,-0.056569815,-69.24428166151051,-238,168.7557183384895,True
5152,12223,1689.13,retry,0.7123015,1203.1698203492165,8,1195.1698203492165,payment_link,0.7863988,1328.3298523896933,12,1316.3298523896933,0.074097335,125.16003204047684,4,121.16003204047684,True
94704,52818,5013.94,retry,0.6730573,3374.6690076780314,8,3366.6690076780314,human_escalation,0.83261657,4174.689513010979,250,3924.6895130109788,0.15955925,800.0205053329473,242,558.0205053329473,True
99444,23997,1705.92,payment_link,0.7110881,1213.0594472694397,12,1201.0594472694397,whatsapp,0.7398364,1262.1017025947572,18,1244.1017025947572,0.028748274,49.042255325317456,6,43.042255325317456,True
50051,57453,4238.96,voice_call,0.44509664,1886.7468606352807,90,1796.7468606352807,human_escalation,0.6820303,2891.0992459774016,250,2641.0992459774016,0.23693368,1004.3523853421209,160,844.3523853421209,True
84803,94193,2171.92,human_escalation,0.8171747,1774.8380159568787,250,1524.8380159568787,payment_link,0.7771757,1687.963499569893,12,1675.963499569893,-0.03999895,-86.87451638698576,-238,151.12548361301424,True
72988,90850,3126.02,voice_call,0.8401588,2626.3532749724386,90,2536.3532749724386,payment_link,0.91736305,2867.6952340579032,12,2855.6952340579032,0.07720423,241.34195908546462,-78,319.3419590854646,True
6902,10275,1874.42,retry,0.5524623,1035.5463464963436,8,1027.5463464963436,payment_link,0.6240733,1169.7755248224735,12,1157.7755248224735,0.07161105,134.22917832612984,4,130.22917832612984,True
93117,44599,2242.7,retry,0.69305027,1554.3038300156593,8,1546.3038300156593,payment_link,0.7508764,1683.9905621528624,12,1671.9905621528624,0.05782616,129.68673213720308,4,125.68673213720308,True
58492,26992,390.99,retry,0.55886376,218.51014114737512,8,210.51014114737512,payment_link,0.63404393,247.90483695745468,12,235.90483695745468,0.07518017,29.394695810079554,4,25.394695810079554,True
75523,59250,4069.98,voice_call,0.46223742,1881.2970452821255,90,1791.2970452821255,payment_link,0.59955734,2440.1863832437994,12,2428.1863832437994,0.13731992,558.8893379616738,-78,636.8893379616738,True
51134,27721,6790.22,retry,0.46522644,3158.989888429046,8,3150.989888429046,human_escalation,0.57800436,3924.7767667102817,250,3674.7767667102817,0.11277792,765.7868782812357,242,523.7868782812357,True
71997,60792,1097.47,whatsapp,0.789659,866.6270882844925,18,848.6270882844925,whatsapp,0.789659,866.6270882844925,18,848.6270882844925,0.0,0.0,0,0.0,False
15718,73038,1353.47,whatsapp,0.5311744,718.9286440110207,18,700.9286440110207,payment_link,0.58325976,789.4245891720057,12,777.4245891720057,0.05208534,70.495945160985,-6,76.495945160985,True
12293,28069,992.32,retry,0.7759279,769.9687749862671,8,761.9687749862671,payment_link,0.84624743,839.7482543182374,12,827.7482543182374,0.07031953,69.77947933197026,4,65.77947933197026,True
88333,56654,3537.63,retry,0.5954987,2106.6539991080763,8,2098.6539991080763,human_escalation,0.7465523,2641.0257724803687,250,2391.0257724803687,0.15105361,534.3717733722924,242,292.3717733722924,True
71685,8852,3079.31,email,0.9045596,2785.419459671974,5,2780.419459671974,payment_link,0.93100643,2866.857414827347,12,2854.857414827347,0.02644682,81.43795515537295,7,74.43795515537295,True
41142,12087,2118.12,voice_call,0.84244686,1784.4035508370398,90,1694.4035508370398,payment_link,0.9213829,1951.5995567321777,12,1939.5995567321777,0.07893604,167.1960058951379,-78,245.1960058951379,True
15697,14371,1460.38,payment_link,0.81755227,1193.9369818794728,12,1181.9369818794728,whatsapp,0.8222744,1200.8330691158772,18,1182.8330691158772,0.0047221184,6.896087236404355,6,0.8960872364043553,True
97401,83877,2038.91,retry,0.7217908,1471.6664607763291,8,1463.6664607763291,payment_link,0.77478147,1579.7096778845787,12,1567.7096778845787,0.052990675,108.04321710824956,4,104.04321710824956,True
79294,46295,3642.32,payment_link,0.80000526,2913.875148148537,12,2901.875148148537,payment_link,0.80000526,2913.875148148537,12,2901.875148148537,0.0,0.0,0,0.0,False
12682,26610,1767.21,email,0.4803048,848.7994587287307,5,843.7994587287307,payment_link,0.55464303,980.1707177674771,12,968.1707177674771,0.07433823,131.37125903874642,7,124.37125903874642,True
50454,97306,1446.25,retry,0.81013584,1171.6589605808258,8,1163.6589605808258,payment_link,0.87603754,1266.969289407134,12,1254.969289407134,0.0659017,95.31032882630825,4,91.31032882630825,True
22093,35427,1079.13,email,0.54119635,584.0212131643295,5,579.0212131643295,payment_link,0.64225084,693.0721445399523,12,681.0721445399523,0.10105449,109.05093137562278,7,102.05093137562278,True
13889,19362,906.01,whatsapp,0.87303334,790.9769406729937,18,772.9769406729937,payment_link,0.9129147,827.1098413270712,12,815.1098413270712,0.03988135,36.1329006540775,-6,42.1329006540775,True
28285,71430,13037.96,payment_link,0.33337796,4346.568472733497,12,4334.568472733497,payment_link,0.33337796,4346.568472733497,12,4334.568472733497,0.0,0.0,0,0.0,False
803,37913,1530.09,payment_link,0.71477497,1093.6700280940531,12,1081.6700280940531,payment_link,0.71477497,1093.6700280940531,12,1081.6700280940531,0.0,0.0,0,0.0,False
90280,33918,1401.22,voice_call,0.6576369,921.4939502191544,90,831.4939502191544,payment_link,0.7277551,1019.7450423300266,12,1007.7450423300266,0.07011825,98.25109211087226,-78,176.25109211087226,True
17502,69186,2677.19,payment_link,0.92248315,2469.662654150128,12,2457.662654150128,payment_link,0.92248315,2469.662654150128,12,2457.662654150128,0.0,0.0,0,0.0,False
32532,77611,823.48,whatsapp,0.60969144,502.068707883358,18,484.068707883358,payment_link,0.7115746,585.9674631762505,12,573.9674631762505,0.10188317,83.89875529289247,-6,89.89875529289247,True
73055,85872,6466.87,retry,0.84072816,5436.879740110636,8,5428.879740110636,payment_link,0.8890666,5749.477974530459,12,5737.477974530459,0.048338413,312.5982344198228,4,308.5982344198228,True
62107,57868,450.27,payment_link,0.80977,364.61513252377506,12,352.61513252377506,payment_link,0.80977,364.61513252377506,12,352.61513252377506,0.0,0.0,0,0.0,False
8390,85866,2513.6,retry,0.6851332,1722.1508586883544,8,1714.1508586883544,whatsapp,0.7310758,1837.6321894645691,18,1819.6321894645691,0.045942605,115.48133077621469,10,105.48133077621469,True
32414,25509,2396.35,retry,0.8892458,2130.944192299247,8,2122.944192299247,payment_link,0.92294407,2211.6970195293425,12,2199.6970195293425,0.03369826,80.75282723009559,4,76.75282723009559,True
4630,7569,1785.12,payment_link,0.73387796,1310.0602183628082,12,1298.0602183628082,payment_link,0.73387796,1310.0602183628082,12,1298.0602183628082,0.0,0.0,0,0.0,False
132,57770,3320.7,email,0.42609456,1414.93221141994,5,1409.93221141994,human_escalation,0.63128585,2096.3109095871446,250,1846.3109095871446,0.20519128,681.3786981672047,245,436.3786981672047,True
47873,10631,1252.94,whatsapp,0.513931,643.9246775591374,18,625.9246775591374,payment_link,0.57299036,717.9225389969349,12,705.9225389969349,0.05905938,73.9978614377975,-6,79.9978614377975,True
25766,47436,2482.45,retry,0.6172285,1532.2389096736906,8,1524.2389096736906,payment_link,0.68727547,1706.1269887715578,12,1694.1269887715578,0.07004696,173.88807909786715,4,169.88807909786715,True
6621,14297,998.48,whatsapp,0.8286211,827.3615854024887,18,809.3615854024887,payment_link,0.87615705,874.825286655426,12,862.825286655426,0.047535956,47.46370125293731,-6,53.46370125293731,True
48217,70858,2743.52,payment_link,0.6670348,1830.0233277225495,12,1818.0233277225495,payment_link,0.6670348,1830.0233277225495,12,1818.0233277225495,0.0,0.0,0,0.0,False
59270,46810,1733.94,voice_call,0.5784868,1003.0614023280144,90,913.0614023280144,payment_link,0.7322281,1269.6395922338963,12,1257.6395922338963,0.1537413,266.5781899058819,-78,344.5781899058819,True
2194,13126,3108.85,payment_link,0.84258664,2619.475465017557,12,2607.475465017557,payment_link,0.84258664,2619.475465017557,12,2607.475465017557,0.0,0.0,0,0.0,False
46460,49497,1124.97,retry,0.71732414,806.9681351745129,8,798.9681351745129,payment_link,0.77993816,877.4070333999396,12,865.4070333999396,0.06261402,70.43889822542667,4,66.43889822542667,True
3670,8650,4053.27,whatsapp,0.72024137,2919.332728931308,18,2901.332728931308,payment_link,0.72762597,2949.26449950099,12,2937.26449950099,0.0073845983,29.931770569682158,-6,35.93177056968216,True
80238,92137,2992.68,payment_link,0.8088576,2420.652021510601,12,2408.652021510601,payment_link,0.8088576,2420.652021510601,12,2408.652021510601,0.0,0.0,0,0.0,False
46604,35345,1311.2,payment_link,0.60551065,793.9455669879914,12,781.9455669879914,payment_link,0.60551065,793.9455669879914,12,781.9455669879914,0.0,0.0,0,0.0,False
98218,24438,3689.69,human_escalation,0.9184532,3388.8076485824586,250,3138.8076485824586,payment_link,0.9201823,3395.1873850780726,12,3383.1873850780726,0.0017290711,6.379736495613997,-238,244.379736495614,True
10630,98616,1539.94,retry,0.72025234,1109.145380870104,8,1101.145380870104,payment_link,0.7937364,1222.3064290750028,12,1210.3064290750028,0.07348406,113.16104820489886,4,109.16104820489886,True
23299,2239,1241.13,voice_call,0.5111071,634.3503390562535,90,544.3503390562535,payment_link,0.6541733,811.9141259139777,12,799.9141259139777,0.14306623,177.56378685772427,-78,255.56378685772427,True
75016,45921,1739.92,voice_call,0.8445675,1469.4798458051682,90,1379.4798458051682,payment_link,0.9358603,1628.3220118045808,12,1616.3220118045808,0.0912928,158.8421659994126,-78,236.8421659994126,True
61429,72129,1762.03,email,0.5785562,1019.4333458459378,5,1014.4333458459378,payment_link,0.60160726,1060.0500457793473,12,1048.0500457793473,0.023051083,40.61669993340956,7,33.61669993340956,True
87414,53470,3373.54,payment_link,0.70391417,2374.682593870163,12,2362.682593870163,human_escalation,0.7818066,2637.4557974648474,250,2387.4557974648474,0.07789242,262.7732035946842,238,24.77320359468422,True
19935,8473,1287.62,whatsapp,0.6550546,843.4614411985873,18,825.4614411985873,payment_link,0.6854735,882.6293902361392,12,870.6293902361392,0.030418873,39.16794903755192,-6,45.16794903755192,True
11082,36934,2996.87,retry,0.43523788,1304.3513589859008,8,1296.3513589859008,whatsapp,0.47274417,1416.7528113108872,18,1398.7528113108872,0.037506282,112.4014523249864,10,102.4014523249864,True
55005,72545,1942.15,payment_link,0.75906694,1474.2218562662601,12,1462.2218562662601,payment_link,0.75906694,1474.2218562662601,12,1462.2218562662601,0.0,0.0,0,0.0,False
52647,5892,5083.15,whatsapp,0.54361963,2763.300136065483,18,2745.300136065483,payment_link,0.6273109,3188.71525940299,12,3176.71525940299,0.08369124,425.4151233375069,-6,431.4151233375069,True
83799,67234,1326.51,whatsapp,0.6856447,909.5145327204466,18,891.5145327204466,payment_link,0.73294073,972.2532123059034,12,960.2532123059034,0.047296047,62.738679585456794,-6,68.7386795854568,True
53409,99414,1142.65,voice_call,0.5729893,654.7262064963579,90,564.7262064963579,payment_link,0.73255575,837.054824346304,12,825.054824346304,0.15956646,182.3286178499461,-78,260.3286178499461,True
70284,23468,1619.8,voice_call,0.52385,848.5322684645653,90,758.5322684645653,payment_link,0.6682413,1082.4172934412957,12,1070.4172934412957,0.1443913,233.8850249767304,-78,311.8850249767304,True
41750,22235,2309.34,whatsapp,0.86442024,1996.2402258574964,18,1978.2402258574964,payment_link,0.8876056,2049.78313364625,12,2037.78313364625,0.023185372,53.54290778875361,-6,59.54290778875361,True
11278,65162,2007.36,voice_call,0.55101055,1106.0765357780456,90,1016.0765357780456,payment_link,0.720228,1445.7569109535216,12,1433.7569109535216,0.16921747,339.680375175476,-78,417.680375175476,True
28966,51488,3302.78,retry,0.65146554,2151.647340228558,8,2143.647340228558,human_escalation,0.778932,2572.6409495949747,250,2322.6409495949747,0.12746644,420.9936093664169,242,178.99360936641688,True
23734,81583,686.94,retry,0.89126486,612.2454800856113,8,604.2454800856113,payment_link,0.92823446,637.6413785576821,12,625.6413785576821,0.036969602,25.395898472070712,4,21.395898472070712,True
37471,40369,1003.01,whatsapp,0.7279354,730.1264592581987,18,712.1264592581987,payment_link,0.72615236,728.3380790442228,12,716.3380790442228,-0.0017830133,-1.78838021397587,-6,4.21161978602413,True
90199,7263,1485.58,email,0.49089044,729.257024794817,5,724.257024794817,payment_link,0.5646225,838.7919253420829,12,826.7919253420829,0.07373208,109.53490054726592,7,102.53490054726592,True
39106,28259,1655.5,human_escalation,0.602463,997.3775080442429,250,747.3775080442429,payment_link,0.6378212,1055.912992477417,12,1043.912992477417,0.03535819,58.53548443317413,-238,296.53548443317413,True
32765,15202,2850.67,retry,0.6393133,1822.47118955791,8,1814.47118955791,payment_link,0.68842936,1962.4849111890794,12,1950.4849111890794,0.049116075,140.01372163116935,4,136.01372163116935,True
45615,5281,3081.03,retry,0.7031183,2166.3286506557465,8,2158.3286506557465,payment_link,0.7778408,2396.5508188658955,12,2384.5508188658955,0.07472247,230.222168210149,4,226.222168210149,True
64306,19118,1722.13,email,0.7057309,1215.360380768776,5,1210.360380768776,payment_link,0.7676243,1321.9488677901031,12,1309.9488677901031,0.061893404,106.58848702132718,7,99.58848702132718,True
15442,98786,1381.25,payment_link,0.90470195,1249.6195659041405,12,1237.6195659041405,payment_link,0.90470195,1249.6195659041405,12,1237.6195659041405,0.0,0.0,0,0.0,False
31646,35530,1438.09,voice_call,0.4482079,644.563320236802,90,554.563320236802,payment_link,0.57106537,821.2433925765753,12,809.2433925765753,0.12285745,176.68007233977323,-78,254.68007233977323,True
69322,17934,3518.28,payment_link,0.5281553,1858.198323326111,12,1846.198323326111,payment_link,0.5281553,1858.198323326111,12,1846.198323326111,0.0,0.0,0,0.0,False
40647,30968,1827.27,whatsapp,0.8386333,1532.4094680333137,18,1514.4094680333137,payment_link,0.8769946,1602.5059407091142,12,1590.5059407091142,0.03836131,70.09647267580044,-6,76.09647267580044,True
38505,77675,2312.21,voice_call,0.6170857,1426.831715452671,90,1336.831715452671,payment_link,0.69775826,1613.3636203175784,12,1601.3636203175784,0.08067256,186.53190486490735,-78,264.53190486490735,True
52130,39851,2763.17,whatsapp,0.69238365,1913.1737217843533,18,1895.1737217843533,payment_link,0.7215812,1993.8515813994409,12,1981.8515813994409,0.029197574,80.67785961508753,-6,86.67785961508753,True
38341,10362,972.9,retry,0.48253113,469.4545366823673,8,461.4545366823673,payment_link,0.53558785,521.0734165728092,12,509.07341657280915,0.053056717,51.61887989044186,4,47.61887989044186,True
52387,36628,2028.45,retry,0.667151,1353.2823937654496,8,1345.2823937654496,payment_link,0.73315376,1487.1657453507185,12,1475.1657453507185,0.066002786,133.88335158526888,4,129.88335158526888,True
55330,57908,3791.11,retry,0.6611453,2506.4746700274945,8,2498.4746700274945,payment_link,0.71803725,2722.158189967871,12,2710.158189967871,0.05689192,215.6835199403763,4,211.6835199403763,True
72465,75361,278.02,payment_link,0.67700547,188.22106071352957,12,176.22106071352957,payment_link,0.67700547,188.22106071352957,12,176.22106071352957,0.0,0.0,0,0.0,False
9821,99528,4064.88,payment_link,0.6069152,2467.0373602724076,12,2455.0373602724076,human_escalation,0.6999665,2845.279786963463,250,2595.279786963463,0.093051314,378.24242669105524,238,140.24242669105524,True
42801,36284,4226.4,voice_call,0.7298193,3084.5082801818844,90,2994.5082801818844,human_escalation,0.9140995,3863.350188016891,250,3613.350188016891,0.18428022,778.8419078350066,160,618.8419078350066,True
22618,84618,870.06,whatsapp,0.4573906,397.9572710072994,18,379.9572710072994,payment_link,0.5589407,486.31195295691487,12,474.31195295691487,0.1015501,88.35468194961544,-6,94.35468194961544,True
80326,58665,5134.76,payment_link,0.62465453,3207.4511020565033,12,3195.4511020565033,human_escalation,0.6850069,3517.3461146855357,250,3267.3461146855357,0.060352385,309.8950126290324,238,71.89501262903241,True
97237,17784,3129.97,retry,0.6283141,1966.604214261174,8,1958.604214261174,payment_link,0.69264185,2167.948224660158,12,2155.948224660158,0.06432778,201.34401039898376,4,197.34401039898376,True
38543,88496,409.28,voice_call,0.72235554,295.645677280426,90,205.645677280426,payment_link,0.7953152,325.5066075325012,12,313.5066075325012,0.07295966,29.860930252075207,-78,107.8609302520752,True
66353,87412,1003.25,whatsapp,0.8781448,880.9987712651491,18,862.9987712651491,payment_link,0.91054183,913.5010934025049,12,901.5010934025049,0.03239703,32.502322137355804,-6,38.502322137355804,True
7990,10300,473.03,retry,0.5175722,244.8271891850233,8,236.8271891850233,payment_link,0.61134267,289.1834224963188,12,277.1834224963188,0.093770444,44.35623331129554,4,40.35623331129554,True
83965,61941,2830.8,whatsapp,0.41577125,1176.9652430534363,18,1158.9652430534363,payment_link,0.5605172,1586.7120667934419,12,1574.7120667934419,0.14474595,409.74682374000554,-6,415.74682374000554,True
63240,97553,5948.48,payment_link,0.6982157,4153.322264175415,12,4141.322264175415,human_escalation,0.7497666,4459.971554641724,250,4209.971554641724,0.051550865,306.64929046630914,238,68.64929046630914,True
3535,61033,2753.25,retry,0.75846267,2088.2373391985893,8,2080.2373391985893,payment_link,0.8369384,2304.300598025322,12,2292.300598025322,0.078475714,216.06325882673264,4,212.06325882673264,True
19418,95836,539.32,whatsapp,0.56454605,304.4709749531746,18,286.4709749531746,payment_link,0.637815,343.98638505935673,12,331.98638505935673,0.07326895,39.51541010618212,-6,45.51541010618212,True
52471,81637,1932.7,retry,0.54257095,1048.6268723607063,8,1040.6268723607063,payment_link,0.61846757,1195.312271285057,12,1183.312271285057,0.07589662,146.6853989243507,4,142.6853989243507,True
14610,65131,1328.78,retry,0.66833043,888.06411008358,8,880.06411008358,payment_link,0.72201955,959.4051418805122,12,947.4051418805122,0.053689122,71.34103179693227,4,67.34103179693227,True
64800,56718,2026.95,retry,0.6371839,1291.5399155259133,8,1283.5399155259133,payment_link,0.73291194,1485.5758656799794,12,1473.5758656799794,0.09572804,194.0359501540661,4,190.0359501540661,True
20090,40817,1649.78,retry,0.859649,1418.231731430292,8,1410.231731430292,payment_link,0.9117179,1504.1339433574676,12,1492.1339433574676,0.05206889,85.90221192717559,4,81.90221192717559,True
31011,69299,4730.41,payment_link,0.5853913,2769.140779182911,12,2757.140779182911,payment_link,0.5853913,2769.140779182911,12,2757.140779182911,0.0,0.0,0,0.0,False
30305,36723,1990.41,voice_call,0.7573116,1507.360547053814,90,1417.360547053814,payment_link,0.8703571,1732.3674678379298,12,1720.3674678379298,0.11304551,225.0069207841159,-78,303.0069207841159,True
74403,35755,3297.53,payment_link,0.6115275,2016.5302854400875,12,2004.5302854400875,payment_link,0.6115275,2016.5302854400875,12,2004.5302854400875,0.0,0.0,0,0.0,False
96978,4146,1102.85,retry,0.7567255,834.55470674932,8,826.55470674932,payment_link,0.8465596,933.6282373696565,12,921.6282373696565,0.089834094,99.07353062033656,4,95.07353062033656,True
13880,40885,2029.45,email,0.8175492,1659.1752821207047,5,1654.1752821207047,payment_link,0.90538996,1837.4436636179687,12,1825.4436636179687,0.087840736,178.26838149726404,7,171.26838149726404,True
12999,2211,6865.48,retry,0.47663933,3272.3577899861334,8,3264.3577899861334,payment_link,0.5849241,4015.784722628593,12,4003.784722628593,0.10828477,743.4269326424596,4,739.4269326424596,True
41570,37428,1248.29,payment_link,0.40612474,506.96145274192094,12,494.96145274192094,retry,0.42954463,536.1962632697821,8,528.1962632697821,0.023419887,29.234810527861157,-4,33.23481052786116,True
68347,96087,3923.62,payment_link,0.9326217,3659.253223032951,12,3647.253223032951,payment_link,0.9326217,3659.253223032951,12,3647.253223032951,0.0,0.0,0,0.0,False
97397,85707,1357.75,retry,0.52818036,717.136884868145,8,709.136884868145,payment_link,0.5626996,764.0054035633802,12,752.0054035633802,0.034519255,46.86851869523525,4,42.86851869523525,True
97279,90004,2869.01,payment_link,0.5738292,1646.3216386175156,12,1634.3216386175156,payment_link,0.5738292,1646.3216386175156,12,1634.3216386175156,0.0,0.0,0,0.0,False
81795,42329,1399.19,payment_link,0.9364598,1310.285159213543,12,1298.285159213543,payment_link,0.9364598,1310.285159213543,12,1298.285159213543,0.0,0.0,0,0.0,False
78994,44175,2117.48,payment_link,0.6032988,1277.4731076669693,12,1265.4731076669693,payment_link,0.6032988,1277.4731076669693,12,1265.4731076669693,0.0,0.0,0,0.0,False
26036,5831,1130.6,whatsapp,0.8820854,997.285733950138,18,979.285733950138,payment_link,0.90290844,1020.828287243843,12,1008.828287243843,0.020823061,23.54255329370494,-6,29.54255329370494,True
76393,2513,1363.25,voice_call,0.61300445,835.6783110499382,90,745.6783110499382,payment_link,0.71806616,978.9036870449781,12,966.9036870449781,0.10506171,143.22537599503994,-78,221.22537599503994,True
10953,72361,11536.6,email,0.8732353,10074.16619218588,5,10069.16619218588,payment_link,0.9118318,10519.438699686527,12,10507.438699686527,0.03859651,445.2725075006474,7,438.2725075006474,True
82774,11211,4023.87,whatsapp,0.49665076,1998.4580751532317,18,1980.4580751532317,payment_link,0.5734187,2307.362211229205,12,2295.362211229205,0.07676792,308.9041360759734,-6,314.9041360759734,True
13063,12373,369.22,human_escalation,0.7983336,294.7607263505459,250,44.760726350545895,email,0.7479919,276.17357652425767,5,271.17357652425767,-0.050341666,-18.587149826288226,-245,226.41285017371177,True
79452,93834,1670.66,whatsapp,0.65587795,1095.7490522837638,18,1077.7490522837638,payment_link,0.67500454,1127.703087927103,12,1115.703087927103,0.019126594,31.95403564333924,-6,37.95403564333924,True
84898,35378,9196.63,human_escalation,0.7800604,7173.926973012685,250,6923.926973012685,human_escalation,0.7800604,7173.926973012685,250,6923.926973012685,0.0,0.0,0,0.0,False
41852,45580,2014.46,whatsapp,0.52615666,1059.9215531492234,18,1041.9215531492234,payment_link,0.60544264,1219.6399869513511,12,1207.6399869513511,0.07928598,159.71843380212772,-6,165.71843380212772,True
53214,83980,1561.91,whatsapp,0.8082622,1262.4328580439092,18,1244.4328580439092,payment_link,0.82530355,1289.0498748636246,12,1277.0498748636246,0.017041326,26.617016819715445,-6,32.617016819715445,True
17567,27140,2364.8,retry,0.7428021,1756.5783670425417,8,1748.5783670425417,payment_link,0.8198732,1938.8361759185793,12,1926.8361759185793,0.07707113,182.25780887603764,4,178.25780887603764,True
40725,13351,1997.48,payment_link,0.6085864,1215.6391042351722,12,1203.6391042351722,payment_link,0.6085864,1215.6391042351722,12,1203.6391042351722,0.0,0.0,0,0.0,False
27556,83298,562.74,human_escalation,0.9343134,525.7755319905281,250,275.77553199052807,payment_link,0.9316087,524.2534668445587,12,512.2534668445587,-0.0027047396,-1.52206514596935,-238,236.47793485403065,True
25364,56797,1068.89,whatsapp,0.78774875,842.0167656892539,18,824.0167656892539,payment_link,0.8393676,897.1916639971734,12,885.1916639971734,0.051618874,55.17489830791942,-6,61.17489830791942,True
28700,5873,1284.53,retry,0.75205886,966.0421721112727,8,958.0421721112727,payment_link,0.797202,1024.0298736035825,12,1012.0298736035825,0.045143127,57.987701492309725,4,53.987701492309725,True
23986,13571,679.22,payment_link,0.8506893,577.8051808810234,12,565.8051808810234,payment_link,0.8506893,577.8051808810234,12,565.8051808810234,0.0,0.0,0,0.0,False
27248,84012,1873.29,retry,0.8676069,1625.2792890143394,8,1617.2792890143394,payment_link,0.91617537,1716.2621503400803,12,1704.2621503400803,0.048568487,90.98286132574094,4,86.98286132574094,True
96586,75770,5671.34,whatsapp,0.47588956,2698.931517403126,18,2680.931517403126,payment_link,0.5892108,3341.614825414419,12,3329.614825414419,0.113321245,642.6833080112933,-6,648.6833080112933,True
61364,69928,1748.36,voice_call,0.7113692,1243.729483258724,90,1153.729483258724,payment_link,0.78087956,1365.258582508564,12,1353.258582508564,0.06951034,121.52909924983987,-78,199.52909924983987,True
37153,63736,254.24,human_escalation,0.8039863,204.40547969818115,250,-45.59452030181885,payment_link,0.89527446,227.6145787906647,12,215.6145787906647,0.09128815,23.20909909248354,-238,261.20909909248354,True
7687,51770,3756.27,retry,0.64477056,2421.932321360707,8,2413.932321360707,human_escalation,0.7621605,2862.880546293855,250,2612.880546293855,0.11738992,440.9482249331477,242,198.94822493314769,True
26662,29283,2634.94,payment_link,0.5676645,1495.7619083046914,12,1483.7619083046914,payment_link,0.5676645,1495.7619083046914,12,1483.7619083046914,0.0,0.0,0,0.0,False
51943,48194,2939.26,voice_call,0.6246622,1836.0446781623366,90,1746.0446781623366,human_escalation,0.8151695,2395.995143443346,250,2145.995143443346,0.1905073,559.9504652810094,160,399.95046528100943,True
54088,52542,869.3,voice_call,0.5487589,477.0361326396465,90,387.0361326396465,payment_link,0.67394227,585.8580134809017,12,573.8580134809017,0.12518334,108.82188084125522,-78,186.82188084125522,True
68533,51846,1421.8,whatsapp,0.84630865,1203.281636559963,18,1185.281636559963,payment_link,0.8812273,1252.9289957165718,12,1240.9289957165718,0.034918666,49.64735915660867,-6,55.64735915660867,True
15593,25574,1713.49,whatsapp,0.7337764,1257.3185074478388,18,1239.3185074478388,payment_link,0.7391801,1266.5776890611648,12,1254.5776890611648,0.0054036975,9.259181613326064,-6,15.259181613326064,True
41926,95863,1037.6,retry,0.49655002,515.220304441452,8,507.22030444145196,payment_link,0.61185145,634.8570684432983,12,622.8570684432983,0.11530143,119.63676400184636,4,115.63676400184636,True
43290,66778,2181.41,payment_link,0.8471067,1847.8870159220694,12,1835.8870159220694,payment_link,0.8471067,1847.8870159220694,12,1835.8870159220694,0.0,0.0,0,0.0,False
48547,52838,745.0,retry,0.67650825,503.99864464998245,8,495.99864464998245,payment_link,0.7125046,530.8159458637238,12,518.8159458637238,0.035996377,26.817301213741302,4,22.817301213741302,True
88393,7971,1411.89,payment_link,0.580838,820.0793985754252,12,808.0793985754252,payment_link,0.580838,820.0793985754252,12,808.0793985754252,0.0,0.0,0,0.0,False
26099,63410,1526.81,payment_link,0.8328211,1271.5595396393537,12,1259.5595396393537,payment_link,0.8328211,1271.5595396393537,12,1259.5595396393537,0.0,0.0,0,0.0,False
64102,36831,6026.75,email,0.53932625,3250.384480521083,5,3245.384480521083,human_escalation,0.72275627,4355.871329694986,250,4105.871329694986,0.18343002,1105.4868491739035,245,860.4868491739035,True
28880,72349,417.3,voice_call,0.6091092,254.18127871155738,90,164.18127871155738,payment_link,0.7309397,305.02113109231,12,293.02113109231,0.12183046,50.8398523807526,-78,128.8398523807526,True
21425,95985,5058.18,whatsapp,0.54369324,2750.098295248747,18,2732.098295248747,payment_link,0.6402191,3238.3434086394313,12,3226.3434086394313,0.09652585,488.2451133906843,-6,494.2451133906843,True
27862,49818,1117.09,payment_link,0.49487668,552.8217935425042,12,540.8217935425042,whatsapp,0.51531565,575.6539615738392,18,557.6539615738392,0.02043897,22.83216803133496,6,16.83216803133496,True
21833,81487,709.11,whatsapp,0.75020456,531.9775577688217,18,513.9775577688217,payment_link,0.7762675,550.4590671586991,12,538.4590671586991,0.026062965,18.481509389877374,-6,24.481509389877374,True
68179,69960,4616.38,human_escalation,0.53282,2459.69952855587,250,2209.69952855587,payment_link,0.60940045,2813.224054833651,12,2801.224054833651,0.076580465,353.52452627778075,-238,591.5245262777808,True
13471,19463,2248.54,email,0.5792284,1302.4182291984557,5,1297.4182291984557,payment_link,0.64987475,1461.269363168478,12,1449.269363168478,0.070646346,158.85113397002237,7,151.85113397002237,True
13490,55142,3282.39,retry,0.49990365,1640.8787387421726,8,1632.8787387421726,human_escalation,0.669215,2196.6247010439633,250,1946.6247010439633,0.16931137,555.7459623017908,242,313.74596230179077,True
70335,59296,1725.79,human_escalation,0.6624777,1143.2973417335747,250,893.2973417335747,payment_link,0.55031264,949.7240480220318,12,937.7240480220318,-0.112165034,-193.573293711543,-238,44.42670628845701,True
32015,39929,1005.18,retry,0.80131173,805.4625261068344,8,797.4625261068344,payment_link,0.86230916,866.7759192860126,12,854.7759192860126,0.060997427,61.313393179178206,4,57.313393179178206,True
92955,6718,828.48,whatsapp,0.6087508,504.337879486084,18,486.337879486084,payment_link,0.66402227,550.1291676521301,12,538.1291676521301,0.055271447,45.79128816604617,-6,51.79128816604617,True
10942,90464,1734.54,retry,0.64793265,1123.8650964045523,8,1115.8650964045523,payment_link,0.684459,1187.221463599205,12,1175.221463599205,0.036526322,63.35636719465265,4,59.35636719465265,True
42238,94069,569.48,email,0.70642513,402.2949832415581,5,397.2949832415581,payment_link,0.7958995,453.24885317325595,12,441.24885317325595,0.08947438,50.95386993169785,7,43.95386993169785,True
18912,57210,986.89,whatsapp,0.8851144,873.5105223625898,18,855.5105223625898,payment_link,0.91152096,899.5709181880951,12,887.5709181880951,0.026406586,26.06039582550534,-6,32.06039582550534,True
32293,26477,2159.37,payment_link,0.56359905,1217.0188806957005,12,1205.0188806957005,payment_link,0.56359905,1217.0188806957005,12,1205.0188806957005,0.0,0.0,0,0.0,False
2826,15710,1561.06,email,0.4612946,720.1085348927975,5,715.1085348927975,payment_link,0.5908976,922.4266382467746,12,910.4266382467746,0.12960303,202.3181033539771,7,195.3181033539771,True
51452,44203,2050.89,whatsapp,0.44432202,911.2555872192978,18,893.2555872192978,payment_link,0.62137586,1274.3735350209474,12,1262.3735350209474,0.17705384,363.1179478016496,-6,369.1179478016496,True
15937,92401,1016.58,email,0.5951933,605.0616318261624,5,600.0616318261624,payment_link,0.71314615,724.9701132810117,12,712.9701132810117,0.11795282,119.90848145484927,7,112.90848145484927,True
63248,32036,671.3,payment_link,0.6244082,419.16521491408344,12,407.16521491408344,payment_link,0.6244082,419.16521491408344,12,407.16521491408344,0.0,0.0,0,0.0,False
21219,49991,925.47,email,0.7715642,714.0595068651438,5,709.0595068651438,payment_link,0.8735317,808.4273816406727,12,796.4273816406727,0.10196751,94.36787477552889,7,87.36787477552889,True
26203,6526,2339.1,retry,0.7498323,1753.932668673992,8,1745.932668673992,human_escalation,0.9118284,2132.857807409763,250,1882.8578074097632,0.16199613,378.92513873577104,242,136.92513873577104,True
28954,66411,3454.76,whatsapp,0.6128569,2117.273588602543,18,2099.273588602543,payment_link,0.64266515,2220.253845949173,12,2208.253845949173,0.029808223,102.98025734662997,-6,108.98025734662997,True
34687,5533,813.54,payment_link,0.7907613,643.315941478014,12,631.315941478014,payment_link,0.7907613,643.315941478014,12,631.315941478014,0.0,0.0,0,0.0,False
27166,42598,1166.93,retry,0.62972647,734.8467090731859,8,726.8467090731859,payment_link,0.67427033,786.8262783569098,12,774.8262783569098,0.044543862,51.97956928372389,4,47.97956928372389,True
25435,94728,2620.57,retry,0.6836132,1791.4561940324309,8,1783.4561940324309,human_escalation,0.8649823,2266.7466841429473,250,2016.7466841429473,0.18136913,475.29049011051643,242,233.29049011051643,True
98086,64608,3825.01,payment_link,0.9403762,3596.948453423381,12,3584.948453423381,payment_link,0.9403762,3596.948453423381,12,3584.948453423381,0.0,0.0,0,0.0,False
25053,24985,1310.23,payment_link,0.7939311,1040.2323799979688,12,1028.2323799979688,payment_link,0.7939311,1040.2323799979688,12,1028.2323799979688,0.0,0.0,0,0.0,False
67568,6688,1967.45,voice_call,0.5485182,1079.1820949077608,90,989.1820949077608,payment_link,0.6181734,1216.225296023488,12,1204.225296023488,0.06965524,137.04320111572724,-78,215.04320111572724,True
21391,64945,1970.09,payment_link,0.61121774,1204.1539518761633,12,1192.1539518761633,payment_link,0.61121774,1204.1539518761633,12,1192.1539518761633,0.0,0.0,0,0.0,False
34467,20692,1273.87,retry,0.84624994,1078.0124085342884,8,1070.0124085342884,payment_link,0.90038973,1146.9794665402173,12,1134.9794665402173,0.054139793,68.96705800592895,4,64.96705800592895,True
45600,36090,2160.97,email,0.52234566,1128.773305464983,5,1123.773305464983,payment_link,0.5810644,1255.6627430742979,12,1243.6627430742979,0.05871874,126.88943760931488,7,119.88943760931488,True
78863,94197,2714.49,retry,0.63534486,1724.6372769963739,8,1716.6372769963739,payment_link,0.7240252,1965.3591376680133,12,1953.3591376680133,0.08868033,240.72186067163943,4,236.72186067163943,True
54413,27330,1684.66,payment_link,0.7277382,1225.9914387381077,12,1213.9914387381077,payment_link,0.7277382,1225.9914387381077,12,1213.9914387381077,0.0,0.0,0,0.0,False
82854,78793,2703.37,retry,0.46248084,1250.256836722493,8,1242.256836722493,human_escalation,0.6721671,1817.1164335852861,250,1567.1164335852861,0.20968628,566.8595968627931,242,324.85959686279307,True
51217,36682,929.73,payment_link,0.9084773,844.6386060476303,12,832.6386060476303,payment_link,0.9084773,844.6386060476303,12,832.6386060476303,0.0,0.0,0,0.0,False
48688,42136,1133.39,payment_link,0.66323066,751.6989949917794,12,739.6989949917794,payment_link,0.66323066,751.6989949917794,12,739.6989949917794,0.0,0.0,0,0.0,False
41390,8547,5546.24,voice_call,0.5804711,3219.4320249176026,90,3129.4320249176026,whatsapp,0.6898505,3826.0764879608155,18,3808.0764879608155,0.10937941,606.6444630432129,-72,678.6444630432129,True
53235,45473,674.36,retry,0.48844072,329.38488544106485,8,321.38488544106485,payment_link,0.5601573,377.7476761817932,12,365.7476761817932,0.07171658,48.36279074072837,4,44.36279074072837,True
69859,23568,1716.28,email,0.7300826,1253.0261158251762,5,1248.0261158251762,payment_link,0.7940049,1362.734759197235,12,1350.734759197235,0.063922346,109.70864337205876,7,102.70864337205876,True
16196,89848,2342.36,human_escalation,0.9226727,2161.231599714756,250,1911.2315997147562,payment_link,0.8952309,2096.9530259084704,12,2084.9530259084704,-0.0274418,-64.27857380628575,-238,173.72142619371425,True
79,6597,5752.16,email,0.5778988,3324.166363554001,5,3319.166363554001,payment_link,0.6455487,3713.299417591095,12,3701.299417591095,0.0676499,389.1330540370941,7,382.1330540370941,True
22745,44109,1445.81,payment_link,0.9139031,1321.3302658498287,12,1309.3302658498287,payment_link,0.9139031,1321.3302658498287,12,1309.3302658498287,0.0,0.0,0,0.0,False
60599,47203,737.94,whatsapp,0.67007226,494.4731217133999,18,476.4731217133999,payment_link,0.7101541,524.051128474474,12,512.051128474474,0.04008186,29.578006761074107,-6,35.57800676107411,True
81818,81241,1321.69,email,0.68887186,910.4750493097306,5,905.4750493097306,payment_link,0.7293701,964.0011901855469,12,952.0011901855469,0.040498257,53.52614087581628,7,46.52614087581628,True
35072,93203,3403.26,whatsapp,0.9025673,3071.6712813627723,18,3053.6712813627723,payment_link,0.93541616,3183.4644075357915,12,3171.4644075357915,0.032848835,111.79312617301912,-6,117.79312617301912,True
18125,12237,4063.54,payment_link,0.79942304,3248.4874957334996,12,3236.4874957334996,human_escalation,0.90964055,3696.360763039589,250,3446.360763039589,0.11021751,447.8732673060895,238,209.87326730608947,True
97242,92526,2415.09,email,0.63793564,1540.671981010437,5,1535.671981010437,payment_link,0.7421964,1792.4710580116512,12,1780.4710580116512,0.10426074,251.79907700121407,7,244.79907700121407,True
40076,91415,2207.88,retry,0.82812357,1828.3974666023255,8,1820.3974666023255,whatsapp,0.8596593,1898.024606537819,18,1880.024606537819,0.031535745,69.62713993549346,10,59.62713993549346,True
7977,96832,2041.61,human_escalation,0.9259169,1890.361222975254,250,1640.361222975254,payment_link,0.88085127,1798.3547588300703,12,1786.3547588300703,-0.04506564,-92.0064641451836,-238,145.9935358548164,True
655,22566,570.22,payment_link,0.6674391,380.5871253848076,12,368.5871253848076,payment_link,0.6674391,380.5871253848076,12,368.5871253848076,0.0,0.0,0,0.0,False
3921,31424,2993.95,voice_call,0.6852983,2051.7489160358905,90,1961.7489160358905,payment_link,0.90676427,2714.8068827986717,12,2702.8068827986717,0.22146595,663.0579667627812,-78,741.0579667627812,True
55785,82969,1749.23,email,0.48780283,853.2793501260877,5,848.2793501260877,payment_link,0.5994518,1048.5790376877785,12,1036.5790376877785,0.11164895,195.2996875616908,7,188.2996875616908,True
23868,94464,1868.24,voice_call,0.48292077,902.2118916416168,90,812.2118916416168,payment_link,0.62971187,1176.4528972434998,12,1164.4528972434998,0.1467911,274.241005601883,-78,352.241005601883,True
18582,19404,1522.22,whatsapp,0.55830055,849.8562704551221,18,831.8562704551221,whatsapp,0.55830055,849.8562704551221,18,831.8562704551221,0.0,0.0,0,0.0,False
70746,96760,1253.19,voice_call,0.73715997,923.8014995741845,90,833.8014995741845,payment_link,0.7604343,952.9686973983049,12,940.9686973983049,0.023274362,29.16719782412042,-78,107.16719782412042,True
44624,16422,1934.99,retry,0.7132307,1380.094328507185,8,1372.094328507185,payment_link,0.7651477,1480.5531209421158,12,1468.5531209421158,0.051916957,100.45879243493073,4,96.45879243493073,True
49828,14780,2213.62,retry,0.7577022,1677.264681545496,8,1669.264681545496,payment_link,0.8691618,1923.9939097344875,12,1911.9939097344875,0.11145961,246.72922818899156,4,242.72922818899156,True
61335,21776,1649.75,whatsapp,0.59534484,982.1701522320509,18,964.1701522320509,payment_link,0.6504743,1073.1199927926064,12,1061.1199927926064,0.05512947,90.94984056055546,-6,96.94984056055546,True
19186,85916,605.58,payment_link,0.8845157,535.6450192558766,12,523.6450192558766,payment_link,0.8845157,535.6450192558766,12,523.6450192558766,0.0,0.0,0,0.0,False
82343,87866,1079.28,payment_link,0.678268,732.041103644371,12,720.041103644371,payment_link,0.678268,732.041103644371,12,720.041103644371,0.0,0.0,0,0.0,False
2923,12733,2038.14,whatsapp,0.68473077,1395.5771679067611,18,1377.5771679067611,human_escalation,0.81769603,1666.5789965879917,250,1416.5789965879917,0.13296527,271.00182868123056,232,39.00182868123056,True
57253,97004,1509.7,email,0.61055,921.7473144114018,5,916.7473144114018,payment_link,0.68749475,1037.910831308365,12,1025.910831308365,0.07694477,116.16351689696319,7,109.16351689696319,True
46607,13375,831.53,payment_link,0.86816895,721.9085270607471,12,709.9085270607471,payment_link,0.86816895,721.9085270607471,12,709.9085270607471,0.0,0.0,0,0.0,False
68884,69824,5444.16,email,0.73649246,4009.582763843536,5,4004.582763843536,human_escalation,0.8247734,4490.198196659088,250,4240.198196659088,0.088280916,480.61543281555214,245,235.61543281555214,True
94278,84364,7460.47,whatsapp,0.74573296,5563.518399108052,18,5545.518399108052,human_escalation,0.8583893,6403.987755180002,250,6153.987755180002,0.112656355,840.4693560719497,232,608.4693560719497,True
99276,75033,4115.42,whatsapp,0.4744138,1952.4120908415318,18,1934.4120908415318,human_escalation,0.70725834,2910.6651328158378,250,2660.6651328158378,0.23284453,958.2530419743059,232,726.2530419743059,True
50634,13248,1783.76,retry,0.7862967,1402.5646466732026,8,1394.5646466732026,payment_link,0.84933704,1515.0134409284592,12,1503.0134409284592,0.063040316,112.44879425525664,4,108.44879425525664,True
14688,95207,454.66,payment_link,0.5324585,242.08757441401482,12,230.08757441401482,payment_link,0.5324585,242.08757441401482,12,230.08757441401482,0.0,0.0,0,0.0,False
76633,67039,1128.26,whatsapp,0.7254012,818.4411835300922,18,800.4411835300922,payment_link,0.73594046,830.3321793270111,12,818.3321793270111,0.010539234,11.8909957969189,-6,17.8909957969189,True
5587,66878,663.12,whatsapp,0.58220536,386.0720151185989,18,368.0720151185989,payment_link,0.61798483,409.79810135364534,12,397.79810135364534,0.035779476,23.72608623504641,-6,29.72608623504641,True
11899,61911,1227.16,retry,0.7040624,863.9972175431252,8,855.9972175431252,payment_link,0.75276315,923.7608297586441,12,911.7608297586441,0.04870075,59.76361221551895,4,55.76361221551895,True
84218,70936,1022.98,email,0.76748794,785.1248161065579,5,780.1248161065579,payment_link,0.8399631,859.2654300427437,12,847.2654300427437,0.072475135,74.14061393618579,7,67.14061393618579,True
68450,6732,2266.17,payment_link,0.82940966,1879.583286729455,12,1867.583286729455,payment_link,0.82940966,1879.583286729455,12,1867.583286729455,0.0,0.0,0,0.0,False
37292,86595,1497.68,retry,0.541751,811.3696782779693,8,803.3696782779693,payment_link,0.5948258,890.8587104845047,12,878.8587104845047,0.053074777,79.4890322065354,4,75.4890322065354,True
64429,35880,856.65,human_escalation,0.756016,647.6411201119423,250,397.6411201119423,payment_link,0.7238462,620.0828447699547,12,608.0828447699547,-0.03216982,-27.55827534198761,-238,210.4417246580124,True
27858,14448,755.25,whatsapp,0.60275894,455.23369248211384,18,437.23369248211384,payment_link,0.6543273,494.180673211813,12,482.180673211813,0.05156833,38.946980729699135,-6,44.946980729699135,True
73733,61739,786.83,email,0.4336166,341.1825559726358,5,336.1825559726358,payment_link,0.60811436,478.4826232659817,12,466.4826232659817,0.17449775,137.30006729334593,7,130.30006729334593,True
54397,78411,1310.07,payment_link,0.764312,1001.3022596812248,12,989.3022596812248,payment_link,0.764312,1001.3022596812248,12,989.3022596812248,0.0,0.0,0,0.0,False
1395,7115,1183.1,payment_link,0.8439103,998.4302485883235,12,986.4302485883235,payment_link,0.8439103,998.4302485883235,12,986.4302485883235,0.0,0.0,0,0.0,False
37169,82466,1576.93,email,0.857797,1352.6858652102949,5,1347.6858652102949,payment_link,0.9141481,1441.5475511431694,12,1429.5475511431694,0.056351066,88.86168593287448,7,81.86168593287448,True
82485,5671,819.62,payment_link,0.572357,469.1152434551716,12,457.1152434551716,payment_link,0.572357,469.1152434551716,12,457.1152434551716,0.0,0.0,0,0.0,False
46250,16060,2740.77,retry,0.51228726,1404.0615511286258,8,1396.0615511286258,payment_link,0.59648204,1634.8200766539574,12,1622.8200766539574,0.08419478,230.7585255253316,4,226.7585255253316,True
80717,74908,5217.86,retry,0.6713391,3502.953408352136,8,3494.953408352136,payment_link,0.73451084,3832.574726308584,12,3820.574726308584,0.063171744,329.6213179564479,4,325.6213179564479,True
74831,93954,1018.12,human_escalation,0.94186336,958.929922068119,250,708.929922068119,payment_link,0.9319234,948.8098412513733,12,936.8098412513733,-0.009939969,-10.120080816745713,-238,227.8799191832543,True
22310,21276,698.48,payment_link,0.84387654,589.4308861207962,12,577.4308861207962,payment_link,0.84387654,589.4308861207962,12,577.4308861207962,0.0,0.0,0,0.0,False
44136,50257,1727.23,voice_call,0.6325843,1092.6185352617501,90,1002.6185352617501,whatsapp,0.7607133,1313.9267973142862,18,1295.9267973142862,0.128129,221.30826205253607,-72,293.30826205253607,True
73085,67598,662.42,whatsapp,0.64327693,426.11950387477873,18,408.11950387477873,payment_link,0.7189359,476.2375234401226,12,464.2375234401226,0.07565898,50.11801956534384,-6,56.11801956534384,True
19782,81841,6707.96,retry,0.57765794,3874.9063418102264,8,3866.9063418102264,human_escalation,0.77018905,5166.39731877327,250,4916.39731877327,0.19253111,1291.4909769630435,242,1049.4909769630435,True
67326,68788,1075.04,whatsapp,0.7739781,832.0574318122864,18,814.0574318122864,payment_link,0.76933944,827.0706739997863,12,815.0706739997863,-0.004638672,-4.986757812500059,-6,1.0132421874999409,True
77157,88538,1306.52,retry,0.73191065,956.2558971619605,8,948.2558971619605,payment_link,0.7727191,1009.5729392170906,12,997.5729392170906,0.04080844,53.31704205513006,4,49.31704205513006,True
12659,73443,694.06,payment_link,0.61719555,428.3707410919666,12,416.3707410919666,payment_link,0.61719555,428.3707410919666,12,416.3707410919666,0.0,0.0,0,0.0,False
27011,4782,2597.72,payment_link,0.7629532,1981.9388433289525,12,1969.9388433289525,human_escalation,0.8578808,2228.5340368580814,250,1978.5340368580814,0.09492755,246.5951935291289,238,8.595193529128892,True
80409,4007,1058.44,payment_link,0.62676644,663.3946741962433,12,651.3946741962433,payment_link,0.62676644,663.3946741962433,12,651.3946741962433,0.0,0.0,0,0.0,False
35347,62562,4304.8,payment_link,0.84888124,3654.263982009888,12,3642.263982009888,payment_link,0.84888124,3654.263982009888,12,3642.263982009888,0.0,0.0,0,0.0,False
85903,27652,4475.55,retry,0.7150824,3200.3870666384696,8,3192.3870666384696,human_escalation,0.8523496,3814.733159789443,250,3564.733159789443,0.13726717,614.3460931509735,242,372.3460931509735,True
16885,91998,2152.81,whatsapp,0.7585272,1632.964982971549,18,1614.964982971549,payment_link,0.79271203,1706.5583913213013,12,1694.5583913213013,0.034184813,73.59340834975228,-6,79.59340834975228,True
71970,83548,1109.36,voice_call,0.65788174,729.8276834869384,90,639.8276834869384,payment_link,0.74542147,826.9407610845565,12,814.9407610845565,0.08753973,97.11307759761803,-78,175.11307759761803,True
69667,51270,5617.68,email,0.4424248,2485.4009727787975,5,2480.4009727787975,payment_link,0.54020834,3034.717585716248,12,3022.717585716248,0.097783536,549.3166129374504,7,542.3166129374504,True
61514,92949,1225.71,payment_link,0.82979053,1017.0825536996126,12,1005.0825536996126,payment_link,0.82979053,1017.0825536996126,12,1005.0825536996126,0.0,0.0,0,0.0,False
80236,89388,805.8,email,0.48470005,390.5713034570217,5,385.5713034570217,payment_link,0.63059855,508.1363076210022,12,496.1363076210022,0.14589849,117.56500416398046,7,110.56500416398046,True
10593,83777,1530.46,retry,0.6810027,1042.2473562562466,8,1034.2473562562466,payment_link,0.7933129,1214.1336719822884,12,1202.1336719822884,0.11231023,171.88631572604186,4,167.88631572604186,True
5254,79459,4443.45,payment_link,0.91548485,4067.9111373513933,12,4055.9111373513933,payment_link,0.91548485,4067.9111373513933,12,4055.9111373513933,0.0,0.0,0,0.0,False
27429,27882,1009.76,human_escalation,0.92094654,929.9349766635895,250,679.9349766635895,payment_link,0.8528932,861.21741106987,12,849.21741106987,-0.068053365,-68.71756559371954,-238,169.28243440628046,True
99326,56985,3785.61,payment_link,0.7041794,2665.7486017763617,12,2653.7486017763617,human_escalation,0.7672236,2904.409319422245,250,2654.409319422245,0.06304419,238.66071764588332,238,0.6607176458833237,True
1485,84978,402.09,retry,0.9283688,373.2878135418892,8,365.2878135418892,retry,0.9283688,373.2878135418892,8,365.2878135418892,0.0,0.0,0,0.0,False
68244,19868,2534.63,whatsapp,0.6660772,1688.259244813323,18,1670.259244813323,payment_link,0.7284337,1846.3099805533886,12,1834.3099805533886,0.06235653,158.05073574006565,-6,164.05073574006565,True
70703,19411,3173.24,retry,0.6988132,2217.501998758316,8,2209.501998758316,payment_link,0.7713998,2447.836688687801,12,2435.836688687801,0.072586596,230.3346899294852,4,226.3346899294852,True
57484,30965,6251.79,voice_call,0.5278764,3300.1722556257246,90,3210.1722556257246,human_escalation,0.7765439,4854.789484056831,250,4604.789484056831,0.24866754,1554.617228431106,160,1394.617228431106,True
41897,70100,2373.12,payment_link,0.8477989,2011.9284873962401,12,1999.9284873962401,payment_link,0.8477989,2011.9284873962401,12,1999.9284873962401,0.0,0.0,0,0.0,False
96869,51300,451.47,email,0.5767652,260.3921756494045,5,255.39217564940452,payment_link,0.60580945,273.50479245901107,12,261.50479245901107,0.02904427,13.11261680960655,7,6.11261680960655,True
87886,44689,1833.07,payment_link,0.7586031,1390.572577199936,12,1378.572577199936,payment_link,0.7586031,1390.572577199936,12,1378.572577199936,0.0,0.0,0,0.0,False
90057,80238,834.6,email,0.58455896,487.87291116714476,5,482.87291116714476,payment_link,0.6806867,568.1011300563813,12,556.1011300563813,0.09612775,80.22821888923653,7,73.22821888923653,True
8929,39700,5399.03,email,0.49458215,2670.263845911324,5,2665.263845911324,human_escalation,0.63161874,3410.1285159659383,250,3160.1285159659383,0.13703659,739.8646700546142,245,494.8646700546142,True
97978,36859,757.63,email,0.5303386,401.8004224389791,5,396.8004224389791,payment_link,0.6128532,464.3159919220209,12,452.3159919220209,0.08251464,62.51556948304176,7,55.51556948304176,True
52736,21955,283.43,retry,0.5310617,150.5188201612234,8,142.5188201612234,payment_link,0.5600459,158.73380885899067,12,146.73380885899067,0.028984189,8.214988697767268,4,4.214988697767268,True
24230,84783,3394.73,whatsapp,0.7334498,2489.864096258879,18,2471.864096258879,payment_link,0.7804981,2649.5802722603084,12,2637.5802722603084,0.04704827,159.71617600142963,-6,165.71617600142963,True
73654,63079,1429.79,human_escalation,0.75458485,1078.897871081233,250,828.897871081233,payment_link,0.67880154,970.5436489582062,12,958.5436489582062,-0.07578331,-108.35422212302683,-238,129.64577787697317,True
12752,83521,674.35,human_escalation,0.7505604,506.1404076755047,250,256.1404076755047,payment_link,0.6165247,415.75342898368837,12,403.75342898368837,-0.1340357,-90.38697869181635,-238,147.61302130818365,True
24272,43159,1248.42,email,0.45164108,563.8377605438233,5,558.8377605438233,payment_link,0.5106256,637.4752125692368,12,625.4752125692368,0.058984518,73.6374520254135,7,66.6374520254135,True
95099,11645,930.1,payment_link,0.8454571,786.3596273422241,12,774.3596273422241,payment_link,0.8454571,786.3596273422241,12,774.3596273422241,0.0,0.0,0,0.0,False
30232,25797,1179.61,payment_link,0.7523699,887.5030349445342,12,875.5030349445342,payment_link,0.7523699,887.5030349445342,12,875.5030349445342,0.0,0.0,0,0.0,False
83203,68941,2664.99,payment_link,0.62157017,1656.4782871502637,12,1644.4782871502637,whatsapp,0.6440579,1716.4079415804147,18,1698.4079415804147,0.02248776,59.929654430151004,6,53.929654430151004,True
68215,27703,2579.77,whatsapp,0.55432534,1430.0318879914284,18,1412.0318879914284,human_escalation,0.6626666,1709.5274632436037,250,1459.5274632436037,0.10834128,279.4955752521753,232,47.495575252175286,True
55607,28656,858.79,payment_link,0.6498914,558.1202152204513,12,546.1202152204513,payment_link,0.6498914,558.1202152204513,12,546.1202152204513,0.0,0.0,0,0.0,False
96598,87288,1418.13,email,0.6409043,908.8856254041195,5,903.8856254041195,payment_link,0.7559018,1071.9670387887957,12,1059.9670387887957,0.114997506,163.08141338467613,7,156.08141338467613,True
53527,83223,923.73,payment_link,0.65970165,609.3862008816004,12,597.3862008816004,payment_link,0.65970165,609.3862008816004,12,597.3862008816004,0.0,0.0,0,0.0,False
85824,67690,1683.81,whatsapp,0.7643241,1286.9766110247374,18,1268.9766110247374,payment_link,0.870451,1465.6740537071228,12,1453.6740537071228,0.106126845,178.69744268238537,-6,184.69744268238537,True
52084,3774,1278.99,payment_link,0.9351548,1196.0536320841313,12,1184.0536320841313,payment_link,0.9351548,1196.0536320841313,12,1184.0536320841313,0.0,0.0,0,0.0,False
30395,26976,1600.35,whatsapp,0.6093855,975.2300695896148,18,957.2300695896148,payment_link,0.64969254,1039.7354490280152,12,1027.7354490280152,0.040307045,64.50537943840038,-6,70.50537943840038,True
41539,61969,1964.0,whatsapp,0.71015763,1394.7495908737183,18,1376.7495908737183,payment_link,0.7142814,1402.8486306667328,12,1390.8486306667328,0.0041237473,8.099039793014526,-6,14.099039793014526,True
35822,29071,1003.25,whatsapp,0.590111,592.0288780331612,18,574.0288780331612,payment_link,0.6309182,632.9686889499426,12,620.9686889499426,0.040807188,40.939810916781425,-6,46.939810916781425,True
88201,73563,557.09,payment_link,0.8159566,454.5612581491471,12,442.5612581491471,payment_link,0.8159566,454.5612581491471,12,442.5612581491471,0.0,0.0,0,0.0,False
97617,9024,1359.43,whatsapp,0.7766177,1055.7574078255893,18,1037.7574078255893,payment_link,0.81038785,1101.665554664135,12,1089.665554664135,0.033770144,45.90814683854569,-6,51.90814683854569,True
93291,83984,1181.9,retry,0.5885983,695.6643437087537,8,687.6643437087537,payment_link,0.67736965,800.5831942737103,12,788.5831942737103,0.08877134,104.91885056495664,4,100.91885056495664,True
25003,10997,618.16,retry,0.6635697,410.1922388267517,8,402.1922388267517,payment_link,0.7277029,449.8368343496322,12,437.8368343496322,0.06413323,39.644595522880536,4,35.644595522880536,True
88454,49997,2032.09,voice_call,0.70259255,1427.7312984007597,90,1337.7312984007597,payment_link,0.7885378,1602.3797786360979,12,1590.3797786360979,0.08594525,174.64848023533818,-78,252.64848023533818,True
10881,146,4462.39,payment_link,0.6734718,3005.2938632357123,12,2993.2938632357123,human_escalation,0.73499906,3279.8524581682686,250,3029.8524581682686,0.061527252,274.5585949325564,238,36.55859493255639,True
88083,24393,1282.97,retry,0.5127392,657.8289877128601,8,649.8289877128601,payment_link,0.55152047,707.584213296175,12,695.584213296175,0.038781285,49.75522558331488,4,45.75522558331488,True
88723,89500,2543.6,retry,0.76437545,1944.2653901100157,8,1936.2653901100157,human_escalation,0.92860276,2361.993967795372,250,2111.993967795372,0.1642273,417.7285776853564,242,175.7285776853564,True
83673,7416,2123.22,retry,0.73652196,1563.7981544351576,8,1555.7981544351576,payment_link,0.843336,1790.5878324866294,12,1778.5878324866294,0.10681403,226.7896780514718,4,222.7896780514718,True
44843,42651,1528.4,retry,0.47831348,731.0543164849282,8,723.0543164849282,payment_link,0.57507706,878.9477737426758,12,866.9477737426758,0.09676358,147.89345725774763,4,143.89345725774763,True
82873,55672,862.09,retry,0.6861586,591.5304652923346,8,583.5304652923346,payment_link,0.75975865,654.9803356617689,12,642.9803356617689,0.073600054,63.44987036943428,4,59.44987036943428,True
71623,32707,930.1,email,0.5108691,475.1593366920948,5,470.1593366920948,payment_link,0.6008784,558.8770161092282,12,546.8770161092282,0.09000933,83.71767941713335,7,76.71767941713335,True
98130,90787,1812.5,retry,0.7083272,1283.8430032134056,8,1275.8430032134056,payment_link,0.7577901,1373.4945356845856,12,1361.4945356845856,0.049462914,89.65153247117996,4,85.65153247117996,True
56141,76968,2608.54,human_escalation,0.89103687,2324.3053119015694,250,2074.3053119015694,human_escalation,0.89103687,2324.3053119015694,250,2074.3053119015694,0.0,0.0,0,0.0,False
46852,4076,3826.67,whatsapp,0.7373577,2821.624498130679,18,2803.624498130679,payment_link,0.7874217,3013.203009514809,12,3001.203009514809,0.050064027,191.5785113841298,-6,197.5785113841298,True
83208,53663,2646.89,email,0.52888495,1399.9002781587837,5,1394.9002781587837,payment_link,0.6562634,1737.057060061097,12,1725.057060061097,0.12737846,337.15678190231324,7,330.15678190231324,True
13385,30659,3241.86,email,0.42252818,1369.777197509408,5,1364.777197509408,payment_link,0.5564583,1803.9598862564565,12,1791.9598862564565,0.13393012,434.18268874704836,7,427.18268874704836,True
47764,29463,635.14,human_escalation,0.87917316,558.3980405879021,250,308.3980405879021,payment_link,0.8338256,529.5959841060638,12,517.5959841060638,-0.04534757,-28.802056481838235,-238,209.19794351816176,True
67501,37226,881.64,voice_call,0.5289445,466.3386222267151,90,376.3386222267151,payment_link,0.6064744,534.6920896339417,12,522.6920896339417,0.07752991,68.35346740722662,-78,146.35346740722662,True
39059,170,2810.54,retry,0.65112585,1830.0152416622639,8,1822.0152416622639,payment_link,0.7755795,2179.7972419917583,12,2167.7972419917583,0.124453664,349.7820003294944,4,345.7820003294944,True
60073,5738,2078.36,whatsapp,0.7476142,1553.811458861828,18,1535.811458861828,payment_link,0.7794301,1619.936324722767,12,1607.936324722767,0.031815886,66.12486586093905,-6,72.12486586093905,True
52284,54900,2597.67,email,0.8676821,2253.9517589986326,5,2248.9517589986326,payment_link,0.9390964,2439.462522531152,12,2427.462522531152,0.07141429,185.51076353251938,7,178.51076353251938,True
44830,54789,1506.28,whatsapp,0.7383659,1112.185770673752,18,1094.185770673752,payment_link,0.77904457,1173.4592526984216,12,1161.4592526984216,0.04067868,61.27348202466965,-6,67.27348202466965,True
60419,49788,2594.81,human_escalation,0.84502876,2192.6890716731546,250,1942.6890716731546,payment_link,0.77339435,2006.8113835597037,12,1994.8113835597037,-0.07163441,-185.87768811345086,-238,52.12231188654914,True
91239,65121,1962.64,retry,0.87814164,1723.4759115028382,8,1715.4759115028382,payment_link,0.91896725,1803.601877670288,12,1791.601877670288,0.040825605,80.12596616744986,4,76.12596616744986,True
12240,97321,2785.79,voice_call,0.8076864,2250.044664198756,90,2160.044664198756,whatsapp,0.8580197,2390.2627267706393,18,2372.2627267706393,0.05033332,140.21806257188337,-72,212.21806257188337,True
75087,16978,1753.85,retry,0.67705655,1187.4556319355963,8,1179.4556319355963,payment_link,0.80768883,1416.5650584995747,12,1404.5650584995747,0.13063228,229.10942656397833,4,225.10942656397833,True
73397,63756,1508.34,payment_link,0.67285377,1014.8922522318362,12,1002.8922522318362,payment_link,0.67285377,1014.8922522318362,12,1002.8922522318362,0.0,0.0,0,0.0,False
59459,14646,1313.03,retry,0.61588454,808.6748807930946,8,800.6748807930946,payment_link,0.6659564,874.4207029831409,12,862.4207029831409,0.050071836,65.74582219004628,4,61.74582219004628,True
11901,16763,543.47,voice_call,0.69302374,376.6376126545668,90,286.6376126545668,payment_link,0.8461605,459.8628314131499,12,447.8628314131499,0.15313673,83.22521875858308,-78,161.22521875858308,True
15605,15102,1575.47,whatsapp,0.8204819,1292.6446133220195,18,1274.6446133220195,payment_link,0.8543509,1346.004251009226,12,1334.004251009226,0.033869028,53.35963768720649,-6,59.35963768720649,True
674,60085,2036.77,retry,0.75943625,1546.7969703686238,8,1538.7969703686238,payment_link,0.8373102,1705.4082858073712,12,1693.4082858073712,0.077873945,158.6113154387474,4,154.6113154387474,True
37278,52096,10032.53,payment_link,0.8919741,8948.756832495928,12,8936.756832495928,human_escalation,0.9256342,9286.452934113146,250,9036.452934113146,0.033660114,337.6961016172172,238,99.69610161721721,True
72666,5269,2154.85,retry,0.5096344,1098.185634201765,8,1090.185634201765,payment_link,0.61029774,1315.1000839740038,12,1303.1000839740038,0.100663364,216.91444977223887,4,212.91444977223887,True
82038,46624,3031.86,retry,0.6900317,2092.0795320546626,8,2084.0795320546626,payment_link,0.7390297,2240.6346029913425,12,2228.6346029913425,0.048998,148.55507093667984,4,144.55507093667984,True
93975,44857,1547.49,retry,0.6934804,1073.1539415299892,8,1065.1539415299892,payment_link,0.7726292,1195.635962893367,12,1183.635962893367,0.07914883,122.48202136337773,4,118.48202136337773,True
15544,12457,2453.94,whatsapp,0.895383,2197.2161599373817,18,2179.2161599373817,payment_link,0.9230144,2265.0219625997543,12,2253.0219625997543,0.027631402,67.80580266237257,-6,73.80580266237257,True
16155,3935,1454.51,whatsapp,0.89402646,1300.3704238086939,18,1282.3704238086939,payment_link,0.9238193,1343.704415152073,12,1331.704415152073,0.029792845,43.33399134337901,-6,49.33399134337901,True
226,20158,2512.15,payment_link,0.9211849,2314.1546400606635,12,2302.1546400606635,payment_link,0.9211849,2314.1546400606635,12,2302.1546400606635,0.0,0.0,0,0.0,False
36313,71724,1860.0,whatsapp,0.5455333,1014.6919369697571,18,996.6919369697571,payment_link,0.5881181,1093.899621963501,12,1081.899621963501,0.042584777,79.2076849937439,-6,85.2076849937439,True
1890,4364,1276.56,retry,0.5801858,740.641947813034,8,732.641947813034,payment_link,0.63713986,813.347255616188,12,801.347255616188,0.056954086,72.70530780315403,4,68.70530780315403,True
40368,50876,314.29,whatsapp,0.71038204,223.26597270786763,18,205.26597270786763,payment_link,0.76009285,238.88958324074747,12,226.88958324074747,0.04971081,15.623610532879837,-6,21.623610532879837,True
35458,28765,1886.05,whatsapp,0.7083074,1335.9031443178653,18,1317.9031443178653,payment_link,0.7477421,1410.2790187329053,12,1398.2790187329053,0.03943473,74.37587441504002,-6,80.37587441504002,True
55022,69806,1194.51,retry,0.72278863,863.3782487100362,8,855.3782487100362,payment_link,0.7640196,912.6290625464916,12,900.6290625464916,0.041230977,49.250813836455336,4,45.250813836455336,True
96597,11863,1121.2,email,0.72211903,809.6398601770401,5,804.6398601770401,payment_link,0.7670718,860.0408837080003,12,848.0408837080003,0.04495275,50.401023530960174,7,43.401023530960174,True
42321,89982,11413.47,human_escalation,0.5928478,6766.450854892731,250,6516.450854892731,payment_link,0.65050644,7424.535701506734,12,7412.535701506734,0.057658613,658.0848466140033,-238,896.0848466140033,True
40622,16714,3593.84,retry,0.7191953,2584.6728595972063,8,2576.6728595972063,payment_link,0.89138496,3203.49492184639,12,3191.49492184639,0.17218965,618.8220622491835,4,614.8220622491835,True
95950,59380,2185.31,payment_link,0.8788834,1920.632729665637,12,1908.632729665637,payment_link,0.8788834,1920.632729665637,12,1908.632729665637,0.0,0.0,0,0.0,False
63355,48122,1733.86,email,0.5730642,993.6131077361106,5,988.6131077361106,payment_link,0.69137526,1198.747900648117,12,1186.747900648117,0.11831105,205.13479291200633,7,198.13479291200633,True
52599,16999,3498.85,payment_link,0.8558831,2994.6066596269607,12,2982.6066596269607,payment_link,0.8558831,2994.6066596269607,12,2982.6066596269607,0.0,0.0,0,0.0,False
13904,59389,2815.98,payment_link,0.73203677,2061.4009018671513,12,2049.4009018671513,human_escalation,0.84834,2388.908402463198,250,2138.908402463198,0.116303205,327.5075005960466,238,89.50750059604661,True
95252,85782,2248.88,whatsapp,0.757834,1704.277764773369,18,1686.277764773369,payment_link,0.82365716,1852.306102819443,12,1840.306102819443,0.06582314,148.02833804607394,-6,154.02833804607394,True
91179,38670,7655.57,whatsapp,0.8467612,6482.439843935967,18,6464.439843935967,human_escalation,0.89275044,6834.513501476646,250,6584.513501476646,0.045989215,352.07365754067905,232,120.07365754067905,True
55615,87911,969.42,payment_link,0.7629764,739.6445894479751,12,727.6445894479751,payment_link,0.7629764,739.6445894479751,12,727.6445894479751,0.0,0.0,0,0.0,False
54436,86181,1476.97,retry,0.89473826,1321.5015633398295,8,1313.5015633398295,payment_link,0.94306463,1392.878166617751,12,1380.878166617751,0.048326373,71.3766032779215,4,67.3766032779215,True
14924,62812,1339.14,retry,0.7763193,1039.6002608406545,8,1031.6002608406545,payment_link,0.85095423,1139.546853722334,12,1127.546853722334,0.07463491,99.94659288167941,4,95.94659288167941,True
95340,50876,716.99,human_escalation,0.90901995,651.7582118368149,250,401.7582118368149,payment_link,0.8858122,635.1185057383776,12,623.1185057383776,-0.023207724,-16.639706098437273,-238,221.36029390156273,True
97026,50242,1623.42,retry,0.86409837,1402.794575947523,8,1394.794575947523,payment_link,0.92944324,1508.8767449498177,12,1496.8767449498177,0.06534487,106.08216900229468,4,102.08216900229468,True
38471,34445,2831.71,email,0.68199885,1931.222960461378,5,1926.222960461378,payment_link,0.8602105,2435.8666135233643,12,2423.8666135233643,0.17821163,504.64365306198624,7,497.64365306198624,True
67119,46228,1610.23,payment_link,0.58686787,944.9922485393286,12,932.9922485393286,payment_link,0.58686787,944.9922485393286,12,932.9922485393286,0.0,0.0,0,0.0,False
62570,36351,3028.39,whatsapp,0.7201717,2180.960744240284,18,2162.960744240284,human_escalation,0.823687,2494.445525303483,250,2244.445525303483,0.10351533,313.4847810631991,232,81.48478106319908,True
68732,33634,2887.45,whatsapp,0.7237105,2089.6778178304435,18,2071.6778178304435,whatsapp,0.7237105,2089.6778178304435,18,2071.6778178304435,0.0,0.0,0,0.0,False
81854,39416,2535.02,whatsapp,0.7487807,1898.1741195392608,18,1880.1741195392608,payment_link,0.8006961,2029.7805639517308,12,2017.7805639517308,0.051915348,131.60644441246995,-6,137.60644441246995,True
10920,21260,1059.66,whatsapp,0.8220311,871.0734549987317,18,853.0734549987317,payment_link,0.8424297,892.6890532672406,12,880.6890532672406,0.020398617,21.61559826850896,-6,27.61559826850896,True
71089,52172,1114.26,retry,0.78301144,872.4783231925965,8,864.4783231925965,payment_link,0.8589197,957.0598427689075,12,945.0598427689075,0.07590824,84.58151957631105,4,80.58151957631105,True
82312,3098,1360.17,whatsapp,0.5492386,747.0578967422248,18,729.0578967422248,payment_link,0.6018878,818.6697590553761,12,806.6697590553761,0.0526492,71.61186231315128,-6,77.61186231315128,True
18375,35677,2409.9,voice_call,0.36611837,882.3086634457112,90,792.3086634457112,payment_link,0.4871586,1174.0035017430782,12,1162.0035017430782,0.121040225,291.694838297367,-78,369.694838297367,True
63236,9570,1031.81,email,0.47831652,493.53176404803986,5,488.53176404803986,payment_link,0.5511815,568.71457855165,12,556.71457855165,0.07286498,75.18281450361013,7,68.18281450361013,True
28931,50465,1975.66,retry,0.44134837,871.9543283593655,8,863.9543283593655,payment_link,0.48645538,961.0704378616811,12,949.0704378616811,0.045107007,89.11610950231557,4,85.11610950231557,True
67284,6384,3169.2,whatsapp,0.81018966,2567.653084301948,18,2549.653084301948,human_escalation,0.9240649,2928.5464007377623,250,2678.5464007377623,0.11387521,360.8933164358141,232,128.89331643581409,True
88605,268,2957.4,payment_link,0.61518675,1819.3532970786096,12,1807.3532970786096,human_escalation,0.7166557,2119.4374831795694,250,1869.4374831795694,0.10146892,300.08418610095987,238,62.08418610095987,True
72711,87643,903.72,payment_link,0.9053489,818.1819051790237,12,806.1819051790237,payment_link,0.9053489,818.1819051790237,12,806.1819051790237,0.0,0.0,0,0.0,False
56923,41433,5420.64,retry,0.49265888,2670.526449351311,8,2662.526449351311,human_escalation,0.62362534,3380.4484525966645,250,3130.4484525966645,0.13096645,709.9220032453536,242,467.9220032453536,True
18031,64062,1607.26,whatsapp,0.57881624,930.3081819713116,18,912.3081819713116,whatsapp,0.57881624,930.3081819713116,18,912.3081819713116,0.0,0.0,0,0.0,False
30167,24029,2269.41,whatsapp,0.8173794,1854.9690182751417,18,1836.9690182751417,payment_link,0.8442663,1915.9863735187052,12,1903.9863735187052,0.02688688,61.01735524356354,-6,67.01735524356354,True
51277,4000,1599.5,email,0.8607867,1376.8282889127731,5,1371.8282889127731,payment_link,0.9178854,1468.157733619213,12,1456.157733619213,0.057098746,91.32944470643997,7,84.32944470643997,True
39291,22118,3194.14,payment_link,0.7068726,2257.8499904608725,12,2245.8499904608725,payment_link,0.7068726,2257.8499904608725,12,2245.8499904608725,0.0,0.0,0,0.0,False
76739,61970,837.79,whatsapp,0.61137056,512.2001444005966,18,494.2001444005966,payment_link,0.6694987,560.8993008112907,12,548.8993008112907,0.05812812,48.69915641069406,-6,54.69915641069406,True
56945,25299,2022.36,retry,0.6583265,1331.3731939172744,8,1323.3731939172744,payment_link,0.71527123,1446.5359338283538,12,1434.5359338283538,0.056944728,115.16273991107937,4,111.16273991107937,True
37009,8358,4751.78,retry,0.89343816,4245.421581918001,8,4237.421581918001,payment_link,0.92901605,4414.479903539419,12,4402.479903539419,0.035577893,169.05832162141814,4,165.05832162141814,True
76172,96953,2576.73,retry,0.6969276,1795.7942729383708,8,1787.7942729383708,human_escalation,0.87893313,2264.773368431926,250,2014.773368431926,0.18200552,468.9790954935552,242,226.97909549355518,True
67437,80094,2012.27,voice_call,0.6249001,1257.4677294898033,90,1167.4677294898033,payment_link,0.72274,1454.3480087846517,12,1442.3480087846517,0.09783989,196.88027929484838,-78,274.8802792948484,True
82401,78322,803.08,payment_link,0.93601596,751.6957000112534,12,739.6957000112534,payment_link,0.93601596,751.6957000112534,12,739.6957000112534,0.0,0.0,0,0.0,False
54629,55577,1616.29,retry,0.73362297,1185.7474672669173,8,1177.7474672669173,payment_link,0.78077066,1261.951809157133,12,1249.951809157133,0.04714769,76.2043418902158,4,72.2043418902158,True
41567,33550,2244.51,retry,0.4511841,1012.6872107166053,8,1004.6872107166053,payment_link,0.5273001,1183.530390994549,12,1171.530390994549,0.076116025,170.8431802779437,4,166.8431802779437,True
60614,62673,6769.59,voice_call,0.6903207,4673.18790851891,90,4583.18790851891,human_escalation,0.88981724,6023.697875204087,250,5773.697875204087,0.19949657,1350.5099666851766,160,1190.5099666851766,True
34882,49120,11045.67,whatsapp,0.5851536,6463.413340816498,18,6445.413340816498,human_escalation,0.7213135,7967.3906286621095,250,7717.3906286621095,0.1361599,1503.9772878456115,232,1271.9772878456115,True
28225,88969,1264.71,email,0.5544047,701.1611377340555,5,696.1611377340555,payment_link,0.6080305,768.9822511607409,12,756.9822511607409,0.053625822,67.82111342668543,7,60.82111342668543,True
28114,68648,3908.91,payment_link,0.90577656,3540.5990543478724,12,3528.5990543478724,payment_link,0.90577656,3540.5990543478724,12,3528.5990543478724,0.0,0.0,0,0.0,False
93450,21694,1011.05,retry,0.6940261,701.6951011002063,8,693.6951011002063,payment_link,0.75079745,759.093762370944,12,747.093762370944,0.056771338,57.39866127073765,4,53.39866127073765,True
44097,13066,2249.86,whatsapp,0.74609226,1678.6031318223477,18,1660.6031318223477,payment_link,0.77415675,1741.7443038642407,12,1729.7443038642407,0.02806449,63.141172041893014,-6,69.14117204189301,True
43735,51543,3416.12,payment_link,0.8294761,2833.589956521988,12,2821.589956521988,payment_link,0.8294761,2833.589956521988,12,2821.589956521988,0.0,0.0,0,0.0,False
9924,95676,1416.13,whatsapp,0.5092401,721.1501698511839,18,703.1501698511839,payment_link,0.5452842,772.1933306235076,12,760.1933306235076,0.03604412,51.04316077232363,-6,57.04316077232363,True
24108,53258,1639.59,retry,0.5388852,883.5507460159063,8,875.5507460159063,whatsapp,0.5741607,941.3881340396404,18,923.3881340396404,0.03527552,57.83738802373409,10,47.83738802373409,True
50791,13561,1293.8,payment_link,0.83865815,1085.0559196591378,12,1073.0559196591378,payment_link,0.83865815,1085.0559196591378,12,1073.0559196591378,0.0,0.0,0,0.0,False
4683,52522,1772.36,voice_call,0.758411,1344.177302658558,90,1254.177302658558,payment_link,0.90676457,1607.1132477879523,12,1595.1132477879523,0.14835358,262.93594512939444,-78,340.93594512939444,True
74858,35116,1383.78,whatsapp,0.52686167,729.0606384372711,18,711.0606384372711,payment_link,0.5435925,752.2124470961094,12,740.2124470961094,0.016730845,23.151808658838263,-6,29.151808658838263,True
68277,17641,822.81,retry,0.86324006,710.2825563937425,8,702.2825563937425,payment_link,0.9198565,756.8671174710988,12,744.8671174710988,0.056616426,46.584561077356284,4,42.584561077356284,True
13861,21018,1676.59,retry,0.67459637,1131.021526748538,8,1123.021526748538,payment_link,0.7343268,1231.1649358159302,12,1219.1649358159302,0.05973041,100.14340906739221,4,96.14340906739221,True
6640,32978,1636.0,payment_link,0.61213523,1001.4532387256622,12,989.4532387256622,payment_link,0.61213523,1001.4532387256622,12,989.4532387256622,0.0,0.0,0,0.0,False
1552,50441,632.03,voice_call,0.6205486,392.20533539891244,90,302.20533539891244,payment_link,0.7483677,472.99085437119004,12,460.99085437119004,0.12781912,80.7855189722776,-78,158.7855189722776,True
93521,27616,1083.34,payment_link,0.8839605,957.6297523164749,12,945.6297523164749,payment_link,0.8839605,957.6297523164749,12,945.6297523164749,0.0,0.0,0,0.0,False
33453,60926,2384.2,whatsapp,0.9269503,2210.0348477959633,18,2192.0348477959633,payment_link,0.9339065,2226.6198667407034,12,2214.6198667407034,0.0069562197,16.585018944740114,-6,22.585018944740114,True
3591,96299,722.21,human_escalation,0.75793743,547.3899922847748,250,297.38999228477485,payment_link,0.7486271,540.665996825099,12,528.665996825099,-0.009310305,-6.723995459675848,-238,231.27600454032415,True
66963,26510,1433.23,whatsapp,0.44582304,638.9669607570768,18,620.9669607570768,payment_link,0.44923672,643.859545352757,12,631.859545352757,0.0034136772,4.892584595680205,-6,10.892584595680205,True
93127,63271,1266.32,whatsapp,0.90609634,1147.4079162883759,18,1129.4079162883759,payment_link,0.92968476,1177.2784029865263,12,1165.2784029865263,0.023588419,29.870486698150444,-6,35.870486698150444,True
8307,13175,413.59,whatsapp,0.72554076,300.0764017617702,18,282.0764017617702,payment_link,0.77181095,319.21329033434387,12,307.21329033434387,0.04627019,19.13688857257364,-6,25.13688857257364,True
81892,62316,1253.05,email,0.7420316,929.8026641130447,5,924.8026641130447,payment_link,0.78968745,989.5178651124238,12,977.5178651124238,0.04765588,59.715200999379135,7,52.715200999379135,True
6378,50150,2244.81,payment_link,0.5419845,1216.6522220796346,12,1204.6522220796346,payment_link,0.5419845,1216.6522220796346,12,1204.6522220796346,0.0,0.0,0,0.0,False
2905,27921,635.06,payment_link,0.82665384,524.9747864603996,12,512.9747864603996,retry,0.8231744,522.7651452720165,8,514.7651452720165,-0.0034794211,-2.2096411883831024,-4,1.7903588116168976,True
42503,87482,360.16,whatsapp,0.931743,335.57656816482546,18,317.57656816482546,email,0.90969056,327.6341516971588,5,322.6341516971588,-0.022052467,-7.942416467666646,-13,5.057583532333354,True
64452,31187,1752.87,human_escalation,0.68401617,1198.9914206081628,250,948.9914206081628,human_escalation,0.68401617,1198.9914206081628,250,948.9914206081628,0.0,0.0,0,0.0,False
30668,36342,2090.88,whatsapp,0.7413287,1550.029386291504,18,1532.029386291504,payment_link,0.7423139,1552.0893320846558,12,1540.0893320846558,0.0009852052,2.0599457931518828,-6,8.059945793151883,True
99524,92984,2131.96,email,0.5864997,1250.3938812446595,5,1245.3938812446595,payment_link,0.7112512,1516.3591067433358,12,1504.3591067433358,0.12475151,265.9652254986763,7,258.9652254986763,True
92245,88224,1291.13,retry,0.731078,943.9167751681805,8,935.9167751681805,payment_link,0.76416093,986.6311029845477,12,974.6311029845477,0.033082902,42.714327816367245,4,38.714327816367245,True
66514,94381,1056.97,voice_call,0.7696291,813.4748918402195,90,723.4748918402195,payment_link,0.8121289,858.3958849990369,12,846.3958849990369,0.04249978,44.920993158817396,-78,122.9209931588174,True
94193,99668,2378.27,human_escalation,0.4242102,1008.8863704097271,250,758.8863704097271,payment_link,0.46864486,1114.564005024433,12,1102.564005024433,0.044434667,105.677634614706,-238,343.677634614706,True
67972,24174,2846.98,retry,0.85585237,2436.594567513466,8,2428.594567513466,payment_link,0.9074321,2583.440981168747,12,2571.440981168747,0.051579714,146.84641365528114,4,142.84641365528114,True
3153,86967,797.94,payment_link,0.5681583,453.3562566697598,12,441.3562566697598,payment_link,0.5681583,453.3562566697598,12,441.3562566697598,0.0,0.0,0,0.0,False
66704,72554,892.93,retry,0.5489834,490.2037429863214,8,482.2037429863214,payment_link,0.60513556,540.3436956226825,12,528.3436956226825,0.056152165,50.1399526363611,4,46.1399526363611,True
1930,49892,2964.86,voice_call,0.4279897,1268.9295167285204,90,1178.9295167285204,whatsapp,0.4958394,1470.0943654698135,18,1452.0943654698135,0.067849696,201.1648487412931,-72,273.1648487412931,True
8469,65892,2432.27,email,0.54465324,1324.7437284320592,5,1319.7437284320592,payment_link,0.65425354,1591.3212636297942,12,1579.3212636297942,0.109600306,266.57753519773496,7,259.57753519773496,True
93194,34711,2320.67,retry,0.6415884,1488.914928727746,8,1480.914928727746,payment_link,0.72444737,1681.2032771527768,12,1669.2032771527768,0.08285898,192.2883484250308,4,188.2883484250308,True
79294,46295,3642.32,whatsapp,0.79797685,2906.487045621872,18,2888.487045621872,payment_link,0.80000526,2913.875148148537,12,2901.875148148537,0.0020284057,7.3881025266650795,-6,13.38810252666508,True
65721,19604,948.23,retry,0.7663317,726.658681974411,8,718.658681974411,payment_link,0.8573992,813.0116673445701,12,801.0116673445701,0.09106755,86.3529853701591,4,82.3529853701591,True
11479,98189,1671.46,payment_link,0.6961352,1163.5621796882153,12,1151.5621796882153,payment_link,0.6961352,1163.5621796882153,12,1151.5621796882153,0.0,0.0,0,0.0,False
32620,31888,978.44,whatsapp,0.7215292,705.9730165266991,18,687.9730165266991,payment_link,0.7736416,756.961873703003,12,744.961873703003,0.0521124,50.988857176303895,-6,56.988857176303895,True
32440,22295,1579.13,whatsapp,0.8564186,1352.3963190078737,18,1334.3963190078737,payment_link,0.8784161,1387.1332491642238,12,1375.1332491642238,0.021997511,34.73693015635013,-6,40.73693015635013,True
52920,64281,1350.08,payment_link,0.8946355,1207.8294938468932,12,1195.8294938468932,payment_link,0.8946355,1207.8294938468932,12,1195.8294938468932,0.0,0.0,0,0.0,False
83143,93815,2595.67,voice_call,0.50635165,1314.3217867356539,90,1224.3217867356539,payment_link,0.5684313,1475.4601186901332,12,1463.4601186901332,0.062079668,161.13833195447933,-78,239.13833195447933,True
91181,42127,622.99,whatsapp,0.53447795,332.9744175362587,18,314.9744175362587,payment_link,0.59733087,372.1311576074362,12,360.1311576074362,0.06285292,39.15674007117747,-6,45.15674007117747,True
76010,53878,1679.41,voice_call,0.71351355,1198.281796283126,90,1108.281796283126,payment_link,0.88727254,1490.0943709510566,12,1478.0943709510566,0.17375898,291.8125746679307,-78,369.8125746679307,True
91853,69912,1273.61,retry,0.69059205,879.5449415040016,8,871.5449415040016,payment_link,0.7256276,924.166569096446,12,912.166569096446,0.03503555,44.62162759244438,4,40.62162759244438,True
8274,17772,1180.69,whatsapp,0.68135077,804.4640378123522,18,786.4640378123522,payment_link,0.74901706,884.3569523388147,12,872.3569523388147,0.06766629,79.8929145264625,-6,85.8929145264625,True
97540,67177,2305.79,whatsapp,0.69612384,1605.115385401249,18,1587.115385401249,payment_link,0.71392334,1646.1572867834568,12,1634.1572867834568,0.017799497,41.041901382207925,-6,47.041901382207925,True
30717,68659,619.3,retry,0.8932618,553.1970267176628,8,545.1970267176628,payment_link,0.9338186,578.3138458013534,12,566.3138458013534,0.04055679,25.116819083690643,4,21.116819083690643,True
12238,58230,1862.7,retry,0.7581945,1412.2889066398145,8,1404.2889066398145,payment_link,0.8484022,1580.3187819063664,12,1568.3187819063664,0.090207696,168.02987526655193,4,164.02987526655193,True
91211,59202,1697.37,payment_link,0.7199721,1222.0589992994069,12,1210.0589992994069,payment_link,0.7199721,1222.0589992994069,12,1210.0589992994069,0.0,0.0,0,0.0,False
70658,89438,1518.29,human_escalation,0.844005,1281.4443342483044,250,1031.4443342483044,whatsapp,0.78789073,1196.246619926095,18,1178.246619926095,-0.056114256,-85.19771432220932,-232,146.80228567779068,True
36545,50068,3008.19,whatsapp,0.7629786,2295.184634973407,18,2277.184634973407,human_escalation,0.875388,2633.3335066473483,250,2383.3335066473483,0.11240941,338.14887167394136,232,106.14887167394136,True
83601,819,1365.4,retry,0.77429706,1057.2252037882806,8,1049.2252037882806,payment_link,0.87313545,1192.179140019417,12,1180.179140019417,0.09883839,134.95393623113637,4,130.95393623113637,True
61112,65087,2659.23,whatsapp,0.71029043,1888.8256254243852,18,1870.8256254243852,human_escalation,0.8450747,2247.248029662967,250,1997.248029662967,0.13478428,358.42240423858175,232,126.42240423858175,True
5319,94421,745.28,whatsapp,0.6162254,459.26048208236693,18,441.26048208236693,payment_link,0.6984722,520.557362575531,12,508.557362575531,0.08224678,61.29688049316405,-6,67.29688049316405,True
98815,34941,853.37,retry,0.7350931,627.3064130496979,8,619.3064130496979,payment_link,0.78189695,667.2473992097378,12,655.2473992097378,0.046803832,39.94098616003987,4,35.94098616003987,True
13582,84388,2445.56,whatsapp,0.673072,1646.0379125738143,18,1628.0379125738143,whatsapp,0.673072,1646.0379125738143,18,1628.0379125738143,0.0,0.0,0,0.0,False
65814,3536,778.98,payment_link,0.8126408,633.030919611454,12,621.030919611454,payment_link,0.8126408,633.030919611454,12,621.030919611454,0.0,0.0,0,0.0,False
52946,21847,929.11,whatsapp,0.89841163,834.7232310211658,18,816.7232310211658,payment_link,0.91914326,853.9851938575506,12,841.9851938575506,0.020731628,19.261962836384782,-6,25.261962836384782,True
28938,24208,1460.28,voice_call,0.6600924,963.9197494769096,90,873.9197494769096,payment_link,0.7677898,1121.1880615353584,12,1109.1880615353584,0.10769737,157.26831205844883,-78,235.26831205844883,True
60760,79273,955.99,email,0.7231385,691.3131853038072,5,686.3131853038072,payment_link,0.7666072,732.8688409715891,12,720.8688409715891,0.043468714,41.55565566778182,7,34.55565566778182,True
96772,52853,4832.89,whatsapp,0.5190473,2508.498601818681,18,2490.498601818681,human_escalation,0.67459756,3260.2558083182576,250,3010.2558083182576,0.15555024,751.7572064995766,232,519.7572064995766,True
55112,43390,1138.1,human_escalation,0.9064973,1031.684576755762,250,781.684576755762,payment_link,0.8532266,971.0571958243846,12,959.0571958243846,-0.053270698,-60.62738093137739,-238,177.3726190686226,True
48160,48107,1563.08,retry,0.7238125,1131.3768745493887,8,1123.3768745493887,payment_link,0.784187,1225.7470454573631,12,1213.7470454573631,0.0603745,94.3701709079744,4,90.3701709079744,True
86099,86314,573.61,retry,0.80430156,461.3554177886248,8,453.3554177886248,payment_link,0.86187136,494.37803180336954,12,482.37803180336954,0.0575698,33.02261401474476,4,29.02261401474476,True
85877,21822,3135.25,email,0.40982956,1284.9181184023619,5,1279.9181184023619,human_escalation,0.58129364,1822.500892713666,250,1572.500892713666,0.17146409,537.5827743113041,245,292.5827743113041,True
51741,34973,1321.28,human_escalation,0.9224269,1218.784187221527,250,968.784187221527,payment_link,0.9173469,1212.0721050834657,12,1200.0721050834657,-0.0050799847,-6.712082138061305,-238,231.2879178619387,True
75752,33252,879.72,retry,0.7118299,626.2110002803803,8,618.2110002803803,payment_link,0.85064083,748.3257539391518,12,736.3257539391518,0.13881093,122.11475365877152,4,118.11475365877152,True
32121,57776,3434.5,retry,0.765087,2627.691330611706,8,2619.691330611706,payment_link,0.85661703,2942.051201492548,12,2930.051201492548,0.091530025,314.3598708808422,4,310.3598708808422,True
35354,47,2737.04,whatsapp,0.67807007,1855.9048999023437,18,1837.9048999023437,payment_link,0.70889086,1940.2626266241073,12,1928.2626266241073,0.030820787,84.35772672176358,-6,90.35772672176358,True
12842,32675,3096.44,whatsapp,0.6479259,2006.2637150835992,18,1988.2637150835992,payment_link,0.69570166,2154.1984441447257,12,2142.1984441447257,0.047775745,147.93472906112652,-6,153.93472906112652,True
463,32218,1468.19,retry,0.7360217,1080.6196960836648,8,1072.6196960836648,whatsapp,0.7926862,1163.8139871907235,18,1145.8139871907235,0.056664526,83.19429110705869,10,73.19429110705869,True
94733,53594,2626.53,human_escalation,0.70065653,1840.2954042541983,250,1590.2954042541983,human_escalation,0.70065653,1840.2954042541983,250,1590.2954042541983,0.0,0.0,0,0.0,False
33210,92608,1966.99,retry,0.4583007,901.4729130208492,8,893.4729130208492,payment_link,0.46469802,914.0563517576456,12,902.0563517576456,0.006397307,12.583438736796438,4,8.583438736796438,True
87998,37921,3021.11,human_escalation,0.63615763,1921.9021832311155,250,1671.9021832311155,payment_link,0.59421045,1795.1751201552154,12,1783.1751201552154,-0.041947186,-126.7270630759001,-238,111.2729369240999,True
77742,10080,1896.79,whatsapp,0.5651928,1072.0520864713192,18,1054.0520864713192,payment_link,0.6436685,1220.903922459483,12,1208.903922459483,0.078475654,148.85183598816388,-6,154.85183598816388,True
92515,69657,1166.36,payment_link,0.7592798,885.5935729956626,12,873.5935729956626,payment_link,0.7592798,885.5935729956626,12,873.5935729956626,0.0,0.0,0,0.0,False
42065,23980,611.69,retry,0.80729204,493.8124704939127,8,485.8124704939127,payment_link,0.88930917,543.9815248894691,12,531.9815248894691,0.08201712,50.16905439555643,4,46.16905439555643,True
74415,78911,1712.3,retry,0.5377026,920.7081962764263,8,912.7081962764263,payment_link,0.6143206,1051.9011226117611,12,1039.9011226117611,0.076617956,131.19292633533485,4,127.19292633533485,True
6209,68407,2495.75,email,0.4291386,1071.022663012147,5,1066.022663012147,payment_link,0.5848457,1459.628709986806,12,1447.628709986806,0.15570712,388.60604697465897,7,381.60604697465897,True
20536,80331,5313.36,retry,0.6836788,3632.6316197347637,8,3624.6316197347637,payment_link,0.7658082,4069.014788675308,12,4057.014788675308,0.08212942,436.38316894054424,4,432.38316894054424,True
53340,56868,1520.51,whatsapp,0.68721545,1044.9179599654674,18,1026.9179599654674,payment_link,0.71110153,1081.2369903945923,12,1069.2369903945923,0.023886085,36.31903042912495,-6,42.31903042912495,True
72287,80382,1964.48,retry,0.6509698,1278.8171592521667,8,1270.8171592521667,payment_link,0.70532703,1385.6008517456055,12,1373.6008517456055,0.05435723,106.78369249343882,4,102.78369249343882,True
75735,42358,2398.28,email,0.7642948,1832.9929404807092,5,1827.9929404807092,human_escalation,0.92369753,2215.285315182209,250,1965.2853151822092,0.15940273,382.29237470149997,245,137.29237470149997,True
10762,2199,1273.55,human_escalation,0.6622438,843.4005704432726,250,593.4005704432726,payment_link,0.621297,791.252796691656,12,779.252796691656,-0.04094678,-52.14777375161657,-238,185.85222624838343,True
47577,22188,1403.77,payment_link,0.44672388,627.0975787585974,12,615.0975787585974,whatsapp,0.49129748,689.6686683344841,18,671.6686683344841,0.044573605,62.57108957588673,6,56.57108957588673,True
35636,71423,1547.04,payment_link,0.90924454,1406.6376690673828,12,1394.6376690673828,payment_link,0.90924454,1406.6376690673828,12,1394.6376690673828,0.0,0.0,0,0.0,False
46716,75201,2310.96,email,0.58056563,1341.6639515161514,5,1336.6639515161514,payment_link,0.6794395,1570.1574724245072,12,1558.1574724245072,0.09887385,228.49352090835578,7,221.49352090835578,True
32478,55805,1817.04,email,0.48658666,884.1474249529838,5,879.1474249529838,payment_link,0.5221607,948.7868945074081,12,936.7868945074081,0.03557405,64.6394695544243,7,57.639469554424295,True
82863,58715,3591.42,payment_link,0.924899,3321.7007021069526,12,3309.7007021069526,payment_link,0.924899,3321.7007021069526,12,3309.7007021069526,0.0,0.0,0,0.0,False
4653,11194,3816.5,whatsapp,0.53770804,2052.1627501249313,18,2034.1627501249313,payment_link,0.58548373,2234.4986549317837,12,2222.4986549317837,0.047775686,182.33590480685234,-6,188.33590480685234,True
28362,65146,12501.61,payment_link,0.9116853,11397.533912718893,12,11385.533912718893,payment_link,0.9116853,11397.533912718893,12,11385.533912718893,0.0,0.0,0,0.0,False
42336,97607,770.99,whatsapp,0.84115857,648.5248450046778,18,630.5248450046778,payment_link,0.87353396,673.485951025486,12,661.485951025486,0.032375395,24.961106020808188,-6,30.961106020808188,True
70980,4755,3357.35,retry,0.7994385,2683.994769287109,8,2675.994769287109,payment_link,0.8769402,2944.1951495558023,12,2932.1951495558023,0.077501714,260.20038026869315,4,256.20038026869315,True
58781,64635,419.02,payment_link,0.8150946,341.5409351801872,12,329.5409351801872,payment_link,0.8150946,341.5409351801872,12,329.5409351801872,0.0,0.0,0,0.0,False
56604,77055,681.08,payment_link,0.94027996,640.4058755874635,12,628.4058755874635,payment_link,0.94027996,640.4058755874635,12,628.4058755874635,0.0,0.0,0,0.0,False
86078,5570,782.51,payment_link,0.7581198,593.2363415598869,12,581.2363415598869,payment_link,0.7581198,593.2363415598869,12,581.2363415598869,0.0,0.0,0,0.0,False
72814,36989,724.49,voice_call,0.76835454,556.6651771366596,90,466.6651771366596,payment_link,0.8939582,647.6637842476368,12,635.6637842476368,0.12560368,90.99860711097722,-78,168.99860711097722,True
59856,49226,1125.71,email,0.4820403,542.637570425272,5,537.637570425272,payment_link,0.62689376,705.7005731892586,12,693.7005731892586,0.14485347,163.06300276398667,7,156.06300276398667,True
64969,71990,2729.37,payment_link,0.8548134,2333.10204118073,12,2321.10204118073,payment_link,0.8548134,2333.10204118073,12,2321.10204118073,0.0,0.0,0,0.0,False
28647,90023,1634.17,payment_link,0.5145886,840.925243370533,12,828.925243370533,payment_link,0.5145886,840.925243370533,12,828.925243370533,0.0,0.0,0,0.0,False
12960,539,888.78,whatsapp,0.7580676,673.7553285312653,18,655.7553285312653,payment_link,0.7693733,683.8035995221138,12,671.8035995221138,0.01130569,10.04827099084855,-6,16.04827099084855,True
34285,87125,451.84,payment_link,0.6323382,285.7157039642334,12,273.7157039642334,payment_link,0.6323382,285.7157039642334,12,273.7157039642334,0.0,0.0,0,0.0,False
13254,9706,2146.72,retry,0.49652976,1065.9103620433807,8,1057.9103620433807,payment_link,0.54803276,1176.4728878784179,12,1164.4728878784179,0.051503003,110.56252583503715,4,106.56252583503715,True
43861,21806,6080.09,retry,0.8254456,5018.7834919160605,8,5010.7834919160605,whatsapp,0.8916233,5421.150020726323,18,5403.150020726323,0.066177726,402.36652881026293,10,392.36652881026293,True
29039,83231,1250.12,retry,0.54698014,683.7908158588409,8,675.7908158588409,payment_link,0.6522445,815.3839046740532,12,803.3839046740532,0.105264366,131.59308881521224,4,127.59308881521224,True
95924,95324,1007.12,retry,0.66393715,668.6643839502335,8,660.6643839502335,payment_link,0.6866265,691.515274567604,12,679.515274567604,0.022689342,22.85089061737051,4,18.85089061737051,True
70769,13517,7142.84,retry,0.5202664,3716.179750351906,8,3708.179750351906,payment_link,0.6321285,4515.192571344376,12,4503.192571344376,0.11186206,799.0128209924701,4,795.0128209924701,True
86172,86943,2117.32,payment_link,0.92071986,1949.4585781764986,12,1937.4585781764986,payment_link,0.92071986,1949.4585781764986,12,1937.4585781764986,0.0,0.0,0,0.0,False
73587,31972,2036.84,whatsapp,0.8232359,1676.79986964941,18,1658.79986964941,payment_link,0.8503258,1731.977648973465,12,1719.977648973465,0.027089894,55.17777932405488,-6,61.17777932405488,True
59111,27537,736.49,whatsapp,0.6848772,504.4052214127779,18,486.4052214127779,payment_link,0.7013775,516.5575230944156,12,504.5575230944156,0.016500294,12.15230168163771,-6,18.15230168163771,True
77625,72405,6259.69,email,0.87400043,5470.971752337217,5,5465.971752337217,payment_link,0.91427994,5723.108983497619,12,5711.108983497619,0.040279508,252.13723116040183,7,245.13723116040183,True
77512,3381,2529.43,voice_call,0.7211958,1824.2143353784084,90,1734.2143353784084,payment_link,0.7758952,1962.5725408929586,12,1950.5725408929586,0.05469936,138.35820551455026,-78,216.35820551455026,True
57071,32673,1120.88,retry,0.8364865,937.6010087251664,8,929.6010087251664,payment_link,0.8863444,993.4856810617448,12,981.4856810617448,0.049857855,55.88467233657843,4,51.88467233657843,True
36158,66917,2753.48,payment_link,0.503697,1386.9195552372933,12,1374.9195552372933,whatsapp,0.509369,1402.5373973321914,18,1384.5373973321914,0.0056720376,15.617842094898151,6,9.617842094898151,True
64556,99057,1114.34,payment_link,0.7699147,857.9467319548129,12,845.9467319548129,payment_link,0.7699147,857.9467319548129,12,845.9467319548129,0.0,0.0,0,0.0,False
33184,52788,278.67,whatsapp,0.6973305,194.3250834274292,18,176.3250834274292,payment_link,0.7726448,215.31293138444425,12,203.31293138444425,0.07531434,20.98784795701505,-6,26.98784795701505,True
95901,22589,1929.55,whatsapp,0.8070383,1557.2207656383514,18,1539.2207656383514,payment_link,0.83748674,1615.9725467443466,12,1603.9725467443466,0.030448437,58.75178110599518,-6,64.75178110599518,True
28537,28443,2137.83,whatsapp,0.72611785,1552.3165218758581,18,1534.3165218758581,payment_link,0.7558128,1615.7993290454149,12,1603.7993290454149,0.029694974,63.482807169556736,-6,69.48280716955674,True
21383,44230,856.38,payment_link,0.7185892,615.3854076790809,12,603.3854076790809,payment_link,0.7185892,615.3854076790809,12,603.3854076790809,0.0,0.0,0,0.0,False
45191,27369,1826.9,whatsapp,0.585891,1070.3642832040787,18,1052.3642832040787,payment_link,0.6154855,1124.4304405272007,12,1112.4304405272007,0.029594481,54.06615732312207,-6,60.06615732312207,True
32042,99813,2637.86,email,0.74964035,1977.4462819743158,5,1972.4462819743158,payment_link,0.8510578,2244.9714007771017,12,2232.9714007771017,0.10141748,267.525118802786,7,260.525118802786,True
40600,16445,4684.87,human_escalation,0.79951143,3745.607125468254,250,3495.607125468254,payment_link,0.7603177,3561.989504586458,12,3549.989504586458,-0.03919375,-183.61762088179557,-238,54.382379118204426,True
71349,4323,1431.96,retry,0.5861223,839.303652048111,8,831.303652048111,payment_link,0.6640678,950.9185337805749,12,938.9185337805749,0.07794553,111.61488173246391,4,107.61488173246391,True
85841,41523,4025.58,voice_call,0.61209154,2464.0234667873383,90,2374.0234667873383,payment_link,0.71678275,2885.466297508478,12,2873.466297508478,0.10469121,421.44283072113967,-78,499.44283072113967,True
78355,97001,3781.55,payment_link,0.749262,2833.3716226518154,12,2821.3716226518154,payment_link,0.749262,2833.3716226518154,12,2821.3716226518154,0.0,0.0,0,0.0,False
73154,89230,2651.71,retry,0.7264811,1926.417144793272,8,1918.417144793272,payment_link,0.78029144,2069.1066093313693,12,2057.1066093313693,0.053810358,142.68946453809735,4,138.68946453809735,True
94220,98458,1267.57,whatsapp,0.75250685,953.8551105797291,18,935.8551105797291,payment_link,0.7720331,978.6059906852245,12,966.6059906852245,0.019526243,24.750880105495412,-6,30.750880105495412,True
40328,90316,1796.44,email,0.61690855,1108.2391960334778,5,1103.2391960334778,email,0.61690855,1108.2391960334778,5,1103.2391960334778,0.0,0.0,0,0.0,False
36403,33027,417.16,retry,0.78058064,325.6270197153092,8,317.6270197153092,payment_link,0.87063885,363.19570156097416,12,351.19570156097416,0.09005821,37.56868184566497,4,33.56868184566497,True
86690,56959,1672.51,email,0.8350791,1396.6781018984318,5,1391.6781018984318,payment_link,0.9155865,1531.3275295448302,12,1519.3275295448302,0.0805074,134.6494276463984,7,127.64942764639841,True
70508,64227,2529.9,retry,0.86205083,2180.9023981511596,8,2172.9023981511596,payment_link,0.91494197,2314.7116811335086,12,2302.7116811335086,0.052891135,133.80928298234903,4,129.80928298234903,True
4081,6234,1214.94,payment_link,0.9335873,1134.2525696897508,12,1122.2525696897508,payment_link,0.9335873,1134.2525696897508,12,1122.2525696897508,0.0,0.0,0,0.0,False
24767,24075,1008.91,voice_call,0.61103874,616.4830996626615,90,526.4830996626615,payment_link,0.6724509,678.4424375975132,12,666.4424375975132,0.061412156,61.959337934851646,-78,139.95933793485165,True
60845,84509,354.1,retry,0.6649403,235.45535938143732,8,227.45535938143732,email,0.6581579,233.05370710492136,5,228.05370710492136,-0.0067824125,-2.4016522765159607,-3,0.5983477234840393,True
17327,37907,912.13,payment_link,0.592514,540.4497751921415,12,528.4497751921415,payment_link,0.592514,540.4497751921415,12,528.4497751921415,0.0,0.0,0,0.0,False
42864,56518,8970.58,email,0.6134581,5503.074935616255,5,5498.074935616255,human_escalation,0.7937048,7119.992474380731,250,6869.992474380731,0.18024671,1616.9175387644764,245,1371.9175387644764,True
84450,37699,3034.71,email,0.8624331,2617.2342797791957,5,2612.2342797791957,payment_link,0.92600375,2810.1528527230025,12,2798.1528527230025,0.06357068,192.9185729438068,7,185.9185729438068,True
67378,50518,2740.44,retry,0.6834934,1873.0725867176056,8,1865.0725867176056,human_escalation,0.8136474,2229.7518518400193,250,1979.7518518400193,0.13015401,356.67926512241365,242,114.67926512241365,True
19583,6880,1440.15,human_escalation,0.59303296,854.0564117610455,250,604.0564117610455,payment_link,0.56654334,815.9073920845985,12,803.9073920845985,-0.026489615,-38.14901967644698,-238,199.85098032355302,True
57832,66769,1645.87,human_escalation,0.85839725,1412.810274298191,250,1162.810274298191,payment_link,0.7842319,1290.743759176731,12,1278.743759176731,-0.074165344,-122.06651512146004,-238,115.93348487853996,True
80968,24115,1792.05,email,0.52638143,943.3018470257521,5,938.3018470257521,payment_link,0.64021856,1147.303663149476,12,1135.303663149476,0.11383712,204.00181612372398,7,197.00181612372398,True
44524,36375,3812.47,payment_link,0.73836315,2814.9873462116716,12,2802.9873462116716,human_escalation,0.81648993,3112.8433821892736,250,2862.8433821892736,0.07812679,297.856035977602,238,59.856035977602005,True
60345,97663,2128.43,retry,0.7008903,1491.7959468865392,8,1483.7959468865392,payment_link,0.73792005,1570.6111631941794,12,1558.6111631941794,0.037029743,78.81521630764018,4,74.81521630764018,True
13643,48779,4530.17,whatsapp,0.40448037,1832.3648282447457,18,1814.3648282447457,payment_link,0.4910914,2224.7275292816757,12,2212.7275292816757,0.08661103,392.36270103693005,-6,398.36270103693005,True
82801,84625,1925.01,voice_call,0.7626042,1468.0206667631865,90,1378.0206667631865,payment_link,0.920772,1772.495338613391,12,1760.495338613391,0.15816784,304.47467185020446,-78,382.47467185020446,True
3080,14134,1765.43,payment_link,0.93267846,1646.5785355353355,12,1634.5785355353355,payment_link,0.93267846,1646.5785355353355,12,1634.5785355353355,0.0,0.0,0,0.0,False
59515,13243,2359.35,voice_call,0.59614414,1406.5126761585473,90,1316.5126761585473,payment_link,0.65568584,1546.99239141047,12,1534.99239141047,0.059541702,140.4797152519227,-78,218.4797152519227,True
54413,27330,1684.66,payment_link,0.7277382,1225.9914387381077,12,1213.9914387381077,payment_link,0.7277382,1225.9914387381077,12,1213.9914387381077,0.0,0.0,0,0.0,False
78616,69841,2267.45,payment_link,0.73182315,1659.3723931759594,12,1647.3723931759594,payment_link,0.73182315,1659.3723931759594,12,1647.3723931759594,0.0,0.0,0,0.0,False
90129,56074,626.79,voice_call,0.7145802,447.8917099320888,90,357.8917099320888,payment_link,0.844987,529.6293861812353,12,517.6293861812353,0.1304068,81.73767624914649,-78,159.7376762491465,True
68264,85451,643.65,retry,0.520359,334.92905728518963,8,326.92905728518963,payment_link,0.5885553,378.8236036509275,12,366.8236036509275,0.0681963,43.89454636573788,4,39.89454636573788,True
93407,54163,3683.97,retry,0.7366331,2713.7343223339317,8,2705.7343223339317,human_escalation,0.85735005,3158.451868867278,250,2908.451868867278,0.12071693,444.7175465333462,242,202.7175465333462,True
42904,35331,2333.32,retry,0.46295884,1080.2311264193058,8,1072.2311264193058,payment_link,0.5433363,1267.777390742302,12,1255.777390742302,0.08037743,187.5462643229962,4,183.5462643229962,True
32564,85957,1868.16,whatsapp,0.7945849,1484.41167137146,18,1466.41167137146,payment_link,0.8634936,1613.1442436599732,12,1601.1442436599732,0.06890875,128.7325722885132,-6,134.7325722885132,True
97985,46929,3993.7,retry,0.8545538,3412.8315857529637,8,3404.8315857529637,payment_link,0.94133,3759.389683538675,12,3747.389683538675,0.0867762,346.5580977857112,4,342.5580977857112,True
40851,22853,2600.88,payment_link,0.64799005,1685.344355864525,12,1673.344355864525,payment_link,0.64799005,1685.344355864525,12,1673.344355864525,0.0,0.0,0,0.0,False
59449,80058,741.04,whatsapp,0.7385732,547.3122793483734,18,529.3122793483734,payment_link,0.79024804,585.605404882431,12,573.605404882431,0.051674843,38.293125534057594,-6,44.293125534057594,True
70324,23967,2305.73,retry,0.46733847,1077.5563364389538,8,1069.5563364389538,human_escalation,0.7210565,1662.5616520243884,250,1412.5616520243884,0.25371805,585.0053155854346,242,343.0053155854346,True
20403,88534,2208.23,payment_link,0.71725965,1583.874266898632,12,1571.874266898632,payment_link,0.71725965,1583.874266898632,12,1571.874266898632,0.0,0.0,0,0.0,False
94617,89920,3358.35,email,0.7078782,2377.3026602715254,5,2372.3026602715254,human_escalation,0.8324894,2795.790680104494,250,2545.790680104494,0.1246112,418.4880198329688,245,173.4880198329688,True
22899,73524,2175.74,whatsapp,0.90636164,1972.0072735249994,18,1954.0072735249994,payment_link,0.94045293,2046.181065123081,12,2034.181065123081,0.034091294,74.1737915980816,-6,80.1737915980816,True
85127,81193,1960.58,retry,0.6291567,1233.5120599770546,8,1225.5120599770546,payment_link,0.6651914,1304.1609784841537,12,1292.1609784841537,0.036034703,70.6489185070991,4,66.6489185070991,True
74617,76070,3845.72,retry,0.65078276,2502.7282910084723,8,2494.7282910084723,human_escalation,0.81982136,3152.8033918380734,250,2902.8033918380734,0.1690386,650.0751008296011,242,408.07510082960107,True
47116,33781,5343.17,voice_call,0.87830496,4692.932704272271,90,4602.932704272271,payment_link,0.9195621,4913.376633145809,12,4901.376633145809,0.041257143,220.44392887353843,-78,298.4439288735384,True
44674,23416,408.14,payment_link,0.7193346,293.5892246055603,12,281.5892246055603,payment_link,0.7193346,293.5892246055603,12,281.5892246055603,0.0,0.0,0,0.0,False
92044,52123,541.46,email,0.72106236,390.42642663359646,5,385.42642663359646,payment_link,0.82267797,445.4472135996819,12,433.4472135996819,0.10161561,55.02078696608544,7,48.02078696608544,True
76251,3762,4980.97,voice_call,0.8410477,4189.233383287788,90,4099.233383287788,human_escalation,0.9313982,4639.266556556821,250,4389.266556556821,0.09035051,450.0331732690338,160,290.0331732690338,True
88183,52098,1319.44,whatsapp,0.77776486,1026.2140626764299,18,1008.2140626764299,payment_link,0.8160129,1076.6800857782364,12,1064.6800857782364,0.038248062,50.46602310180651,-6,56.46602310180651,True
27752,42496,1542.86,voice_call,0.6355684,980.5930313158035,90,890.5930313158035,email,0.69798666,1076.895701931715,5,1071.895701931715,0.062418282,96.30267061591144,-85,181.30267061591144,True
4008,3433,929.2,voice_call,0.52815247,490.7592712402344,90,400.7592712402344,payment_link,0.7029892,653.2175837993622,12,641.2175837993622,0.17483675,162.45831255912776,-78,240.45831255912776,True
26518,31820,664.99,whatsapp,0.69841886,464.4415548300743,18,446.4415548300743,payment_link,0.74547553,495.7337731099129,12,483.7337731099129,0.047056675,31.29221827983855,-6,37.29221827983855,True
58657,59677,3292.47,voice_call,0.6496979,2139.1108442151544,90,2049.1108442151544,payment_link,0.70861775,2333.1026729053256,12,2321.1026729053256,0.058919847,193.99182869017113,-78,271.99182869017113,True
29260,31521,1621.29,retry,0.5325013,863.339000750184,8,855.339000750184,human_escalation,0.73029286,1184.016505628228,250,934.0165056282281,0.19779158,320.67750487804403,242,78.67750487804403,True
80900,41658,1904.68,payment_link,0.84408444,1607.7107543444633,12,1595.7107543444633,payment_link,0.84408444,1607.7107543444633,12,1595.7107543444633,0.0,0.0,0,0.0,False
94788,10168,2575.48,email,0.7933739,2043.3185675978661,5,2038.3185675978661,payment_link,0.85317415,2197.332959816456,12,2185.332959816456,0.059800267,154.01439221858982,7,147.01439221858982,True
24904,14164,684.94,retry,0.5012539,343.3288482606411,8,335.3288482606411,payment_link,0.55464107,379.8958531033993,12,367.8958531033993,0.053387165,36.567004842758195,4,32.567004842758195,True
8351,86269,2167.87,retry,0.64288104,1393.6825110900402,8,1385.6825110900402,payment_link,0.69310725,1502.566408318281,12,1490.566408318281,0.05022621,108.88389722824081,4,104.88389722824081,True
97004,92754,639.18,payment_link,0.84602576,540.7627484357357,12,528.7627484357357,payment_link,0.84602576,540.7627484357357,12,528.7627484357357,0.0,0.0,0,0.0,False
56852,56959,1264.65,human_escalation,0.759372,960.3397946476937,250,710.3397946476937,payment_link,0.7064122,893.3641838729383,12,881.3641838729383,-0.0529598,-66.97561077475541,-238,171.0243892252446,True
79264,21149,617.5,whatsapp,0.8119662,501.3891166448593,18,483.3891166448593,whatsapp,0.8119662,501.3891166448593,18,483.3891166448593,0.0,0.0,0,0.0,False
34631,72577,427.07,payment_link,0.88976204,379.99067611098286,12,367.99067611098286,payment_link,0.88976204,379.99067611098286,12,367.99067611098286,0.0,0.0,0,0.0,False
7148,62557,2632.47,retry,0.601899,1584.481133776903,8,1576.481133776903,payment_link,0.66013604,1737.7883318156003,12,1725.7883318156003,0.058237016,153.30719803869715,4,149.30719803869715,True
11022,11374,1096.06,whatsapp,0.80607253,883.5038606631755,18,865.5038606631755,payment_link,0.85337085,935.3456487190723,12,923.3456487190723,0.047298312,51.841788055896814,-6,57.841788055896814,True
14232,18116,3629.58,retry,0.4347278,1577.8792846655845,8,1569.8792846655845,human_escalation,0.63129544,2291.3373124837876,250,2041.3373124837876,0.19656765,713.4580278182032,242,471.45802781820316,True
20210,8204,2886.93,retry,0.87645596,2530.2670122760533,8,2522.2670122760533,payment_link,0.9160212,2644.489163278341,12,2632.489163278341,0.039565265,114.22215100228777,4,110.22215100228777,True
7961,29070,1476.67,payment_link,0.90857226,1341.6613941019775,12,1329.6613941019775,payment_link,0.90857226,1341.6613941019775,12,1329.6613941019775,0.0,0.0,0,0.0,False
55759,63788,1039.39,payment_link,0.66463846,690.8185686093569,12,678.8185686093569,payment_link,0.66463846,690.8185686093569,12,678.8185686093569,0.0,0.0,0,0.0,False
90037,85291,1001.07,payment_link,0.7621006,762.9160249722004,12,750.9160249722004,payment_link,0.7621006,762.9160249722004,12,750.9160249722004,0.0,0.0,0,0.0,False
29498,7943,2334.82,voice_call,0.3730702,871.0517882221937,90,781.0517882221937,payment_link,0.5410847,1263.3353950917722,12,1251.3353950917722,0.1680145,392.2836068695784,-78,470.2836068695784,True
63018,90702,955.39,payment_link,0.5665656,541.2910829943419,12,529.2910829943419,payment_link,0.5665656,541.2910829943419,12,529.2910829943419,0.0,0.0,0,0.0,False
51195,49162,967.14,whatsapp,0.6302643,609.5537979125977,18,591.5537979125977,payment_link,0.65547246,633.9336324584484,12,621.9336324584484,0.025208175,24.379834545850713,-6,30.379834545850713,True
98348,59129,781.26,payment_link,0.7154036,558.9162293708324,12,546.9162293708324,payment_link,0.7154036,558.9162293708324,12,546.9162293708324,0.0,0.0,0,0.0,False
60386,78966,3817.91,human_escalation,0.6784167,2590.1340137147904,250,2340.1340137147904,human_escalation,0.6784167,2590.1340137147904,250,2340.1340137147904,0.0,0.0,0,0.0,False
26541,45512,2047.07,email,0.51615775,1056.611037749052,5,1051.611037749052,whatsapp,0.6014683,1231.247763364315,18,1213.247763364315,0.08531058,174.636725615263,13,161.636725615263,True
69765,97586,593.51,human_escalation,0.93969053,557.7157266384363,250,307.7157266384363,payment_link,0.92876536,551.2315267604589,12,539.2315267604589,-0.010925174,-6.484199877977403,-238,231.5158001220226,True
69561,38862,3695.04,email,0.6951,2568.422338886261,5,2563.422338886261,human_escalation,0.8468007,3128.9624028396606,250,2878.9624028396606,0.15170068,560.5400639533996,245,315.54006395339957,True
12812,92540,1659.31,retry,0.5240646,869.5856322020292,8,861.5856322020292,payment_link,0.60303336,1000.6192909187079,12,988.6192909187079,0.07896876,131.0336587166787,4,127.0336587166787,True
94465,42148,1264.86,payment_link,0.8030693,1015.7702265751361,12,1003.7702265751361,payment_link,0.8030693,1015.7702265751361,12,1003.7702265751361,0.0,0.0,0,0.0,False
88256,87277,1212.28,email,0.5214601,632.1556693148613,5,627.1556693148613,payment_link,0.6445637,781.39165184021,12,769.39165184021,0.12310356,149.23598252534873,7,142.23598252534873,True
77840,25364,2240.85,retry,0.73520124,1647.4756977260113,8,1639.4756977260113,whatsapp,0.7912087,1772.9799805372952,18,1754.9799805372952,0.056007445,125.50428281128393,10,115.50428281128393,True
85616,53180,4074.13,retry,0.6730937,2742.271140512228,8,2734.271140512228,payment_link,0.73633593,2999.928315562606,12,2987.928315562606,0.06324226,257.65717505037765,4,253.65717505037765,True
20009,17123,4912.49,voice_call,0.6585037,3234.892896348834,90,3144.892896348834,human_escalation,0.81427014,4000.093913861513,250,3750.093913861513,0.15576643,765.2010175126793,160,605.2010175126793,True
37632,41925,659.73,retry,0.78193593,515.8665912652016,8,507.8665912652016,payment_link,0.8413658,555.0742686080932,12,543.0742686080932,0.059429884,39.20767734289166,4,35.20767734289166,True
56676,69128,3238.31,voice_call,0.46154338,1494.6205468195676,90,1404.6205468195676,payment_link,0.60510767,1959.5262028467655,12,1947.5262028467655,0.14356428,464.9056560271979,-78,542.9056560271979,True
71350,81389,3296.98,whatsapp,0.6320955,2084.006273444891,18,2066.006273444891,human_escalation,0.7985804,2632.9036338853834,250,2382.9036338853834,0.16648489,548.8973604404923,232,316.8973604404923,True
27350,77721,5883.39,email,0.65128446,3831.7604570746425,5,3826.7604570746425,payment_link,0.7270592,4277.572741407752,12,4265.572741407752,0.07577473,445.81228433310935,7,438.81228433310935,True
93793,10871,3311.21,retry,0.67544013,2236.524121525884,8,2228.524121525884,whatsapp,0.7255484,2402.4430731070042,18,2384.4430731070042,0.050108254,165.91895158112038,10,155.91895158112038,True
87422,4230,1215.26,whatsapp,0.45825756,556.9020774579049,18,538.9020774579049,payment_link,0.48946318,594.8250244957209,12,582.8250244957209,0.031205624,37.922947037816016,-6,43.922947037816016,True
72412,2601,2324.51,whatsapp,0.7235527,1681.905495643616,18,1663.905495643616,payment_link,0.7350097,1708.5373286104204,12,1696.5373286104204,0.011456966,26.631832966804495,-6,32.631832966804495,True
88869,25504,904.9,payment_link,0.67483604,610.6591321825981,12,598.6591321825981,payment_link,0.67483604,610.6591321825981,12,598.6591321825981,0.0,0.0,0,0.0,False
30534,98772,4564.32,whatsapp,0.6697093,3056.7676655387877,18,3038.7676655387877,payment_link,0.70037264,3196.7248313999175,12,3184.7248313999175,0.030663311,139.95716586112985,-6,145.95716586112985,True
66534,61953,1936.34,payment_link,0.73564494,1424.4587164616585,12,1412.4587164616585,payment_link,0.73564494,1424.4587164616585,12,1412.4587164616585,0.0,0.0,0,0.0,False
22073,65909,2556.06,retry,0.5674326,1450.391726514101,8,1442.391726514101,payment_link,0.67948204,1736.7968702924252,12,1724.7968702924252,0.11204946,286.40514377832415,4,282.40514377832415,True
78338,63719,1776.0,retry,0.55182815,980.0467872619629,8,972.0467872619629,payment_link,0.63329715,1124.7357301712036,12,1112.7357301712036,0.081469,144.68894290924072,4,140.68894290924072,True
1530,84344,1948.39,whatsapp,0.6407064,1248.345981556177,18,1230.345981556177,payment_link,0.71018374,1383.7148965203762,12,1371.7148965203762,0.06947732,135.36891496419912,-6,141.36891496419912,True
64324,55003,3220.01,retry,0.7076838,2278.7489181542396,8,2270.7489181542396,human_escalation,0.84403336,2717.7958610832693,250,2467.7958610832693,0.13634956,439.0469429290297,242,197.04694292902968,True
30936,98483,1281.57,payment_link,0.7660997,981.8103814959526,12,969.8103814959526,payment_link,0.7660997,981.8103814959526,12,969.8103814959526,0.0,0.0,0,0.0,False
93943,81010,897.62,voice_call,0.3404562,305.6002832257748,90,215.60028322577477,payment_link,0.46980554,421.7068476068974,12,409.7068476068974,0.12934935,116.10656438112261,-78,194.1065643811226,True
59628,51386,1308.18,payment_link,0.5992073,783.8709822535516,12,771.8709822535516,payment_link,0.5992073,783.8709822535516,12,771.8709822535516,0.0,0.0,0,0.0,False
32171,18089,2386.56,payment_link,0.646574,1543.087694091797,12,1531.087694091797,payment_link,0.646574,1543.087694091797,12,1531.087694091797,0.0,0.0,0,0.0,False
91975,19050,4298.11,voice_call,0.89166814,3832.487753033042,90,3742.487753033042,payment_link,0.93383855,4013.7407941347356,12,4001.7407941347356,0.042170405,181.25304110169373,-78,259.2530411016937,True
22752,76886,3220.07,whatsapp,0.70434666,2268.0455391597748,18,2250.0455391597748,payment_link,0.77560836,2497.5132142561674,12,2485.5132142561674,0.071261704,229.46767509639267,-6,235.46767509639267,True
32842,79292,2939.38,payment_link,0.8547746,2512.5073470139505,12,2500.5073470139505,payment_link,0.8547746,2512.5073470139505,12,2500.5073470139505,0.0,0.0,0,0.0,False
3836,13542,3890.69,human_escalation,0.7658571,2979.7125622928143,250,2729.7125622928143,payment_link,0.7271918,2829.2778870618345,12,2817.2778870618345,-0.038665295,-150.4346752309798,-238,87.56532476902021,True
47009,33417,3842.79,retry,0.6596131,2534.7545203024147,8,2526.7545203024147,payment_link,0.7005901,2692.220530706048,12,2680.220530706048,0.040977,157.4660104036334,4,153.4660104036334,True
18616,31828,1041.87,payment_link,0.9051748,943.0744603461026,12,931.0744603461026,payment_link,0.9051748,943.0744603461026,12,931.0744603461026,0.0,0.0,0,0.0,False
49120,46580,831.77,email,0.5623375,467.73547712922095,5,462.73547712922095,payment_link,0.6574849,546.8762061488628,12,534.8762061488628,0.09514737,79.14072901964187,7,72.14072901964187,True
71614,86361,697.16,payment_link,0.6802326,474.23094859361646,12,462.23094859361646,payment_link,0.6802326,474.23094859361646,12,462.23094859361646,0.0,0.0,0,0.0,False
38937,74022,2006.49,payment_link,0.70411396,1412.7976201343536,12,1400.7976201343536,whatsapp,0.7071606,1418.910656400919,18,1400.910656400919,0.0030466318,6.113036266565359,6,0.11303626656535926,True
70549,28660,6915.78,payment_link,0.7690785,5318.77766113758,12,5306.77766113758,human_escalation,0.8625396,5965.1340416157245,250,5715.1340416157245,0.0934611,646.3563804781443,238,408.3563804781443,True
98701,76283,1198.89,whatsapp,0.7408019,888.1399549108744,18,870.1399549108744,payment_link,0.75913274,910.1166541135312,12,898.1166541135312,0.018330872,21.976699202656846,-6,27.976699202656846,True
63772,44101,5549.29,retry,0.6983273,3875.2207188916204,8,3867.2207188916204,human_escalation,0.816087,4528.703469974995,250,4278.703469974995,0.117759705,653.4827510833743,242,411.4827510833743,True
76540,46347,4840.31,voice_call,0.6702267,3244.1049651372437,90,3154.1049651372437,human_escalation,0.8264208,4000.1327849864965,250,3750.1327849864965,0.15619409,756.0278198492529,160,596.0278198492529,True
78325,75227,678.44,retry,0.8737339,592.7760122823715,8,584.7760122823715,payment_link,0.91983515,624.052959330082,12,612.052959330082,0.046101272,31.27694704771045,4,27.27694704771045,True
2909,82465,1478.47,human_escalation,0.9281799,1372.286165907979,250,1122.286165907979,payment_link,0.95843345,1417.0151017397643,12,1405.0151017397643,0.03025353,44.72893583178529,-238,282.7289358317853,True
56029,83742,1439.16,whatsapp,0.795125,1144.3121059799196,18,1126.3121059799196,payment_link,0.7980436,1148.5124398469925,12,1136.5124398469925,0.002918601,4.200333867072914,-6,10.200333867072914,True
65552,68379,4648.84,payment_link,0.7516554,3494.325688803196,12,3482.325688803196,human_escalation,0.84803766,3942.3913958811763,250,3692.3913958811763,0.09638226,448.0657070779803,238,210.06570707798028,True
88302,5576,1581.17,voice_call,0.7319957,1157.4096437990665,90,1067.4096437990665,payment_link,0.8545188,1351.139445413351,12,1339.139445413351,0.12252307,193.7298016142845,-78,271.7298016142845,True
653,49158,5298.38,whatsapp,0.54498404,2887.53255186677,18,2869.53255186677,human_escalation,0.7060248,3740.7878153192996,250,3490.7878153192996,0.16104078,853.2552634525296,232,621.2552634525296,True
37813,67387,677.11,human_escalation,0.8909602,603.2780722093582,250,353.27807220935824,payment_link,0.8823673,597.4597312432528,12,585.4597312432528,-0.008592904,-5.818340966105438,-238,232.18165903389456,True
88822,3298,1647.22,retry,0.7047066,1160.8068208873271,8,1152.8068208873271,payment_link,0.78651935,1295.5704014360904,12,1283.5704014360904,0.08181274,134.76358054876323,4,130.76358054876323,True
38364,6660,1293.06,retry,0.58541185,756.9726424133777,8,748.9726424133777,payment_link,0.69565153,899.519168958664,12,887.519168958664,0.110239685,142.54652654528627,4,138.54652654528627,True
58957,63717,413.63,whatsapp,0.9211348,381.0089995348454,18,363.0089995348454,payment_link,0.93219775,385.5849551731348,12,373.5849551731348,0.01106292,4.575955638289429,-6,10.575955638289429,True
15225,33832,1980.79,payment_link,0.6785164,1343.9984760665893,12,1331.9984760665893,human_escalation,0.83104795,1646.1314731889963,250,1396.1314731889963,0.15253156,302.132997122407,238,64.132997122407,True
85170,62758,3998.64,payment_link,0.6199115,2478.802887854576,12,2466.802887854576,payment_link,0.6199115,2478.802887854576,12,2466.802887854576,0.0,0.0,0,0.0,False
48522,74628,992.31,retry,0.902264,895.3255888330935,8,887.3255888330935,payment_link,0.93547225,928.2784683823585,12,916.2784683823585,0.03320825,32.952879549264935,4,28.952879549264935,True
71979,79888,3436.99,retry,0.50457454,1734.217638876438,8,1726.217638876438,payment_link,0.60948634,2094.7984607911108,12,2082.7984607911108,0.104911804,360.5808219146727,4,356.5808219146727,True
63736,70919,2061.7,retry,0.5201891,1072.4738807976246,8,1064.4738807976246,payment_link,0.59839505,1233.7110737025737,12,1221.7110737025737,0.07820594,161.2371929049491,4,157.2371929049491,True
84143,33685,1678.4,retry,0.6226189,1045.0035846710205,8,1037.0035846710205,payment_link,0.6811833,1143.2980147361757,12,1131.2980147361757,0.058564365,98.29443006515521,4,94.29443006515521,True
63570,50289,1855.41,retry,0.7699278,1428.531738844514,8,1420.531738844514,payment_link,0.8382724,1555.3389802318811,12,1543.3389802318811,0.06834459,126.80724138736718,4,122.80724138736718,True
58861,89948,2305.39,payment_link,0.5360176,1235.7296073061227,12,1223.7296073061227,payment_link,0.5360176,1235.7296073061227,12,1223.7296073061227,0.0,0.0,0,0.0,False
26085,22248,807.63,retry,0.8129643,656.574373909235,8,648.574373909235,payment_link,0.860855,695.2523101866245,12,683.2523101866245,0.047890663,38.67793627738956,4,34.67793627738956,True
68976,55044,750.07,payment_link,0.9023674,676.8387255018949,12,664.8387255018949,payment_link,0.9023674,676.8387255018949,12,664.8387255018949,0.0,0.0,0,0.0,False
87900,29324,4010.28,voice_call,0.8173444,3277.780009145737,90,3187.780009145737,payment_link,0.9035058,3623.311248264313,12,3611.311248264313,0.086161375,345.53123911857574,-78,423.53123911857574,True
36885,90992,607.39,payment_link,0.91470623,555.5834171390534,12,543.5834171390534,payment_link,0.91470623,555.5834171390534,12,543.5834171390534,0.0,0.0,0,0.0,False
34452,33671,1458.95,whatsapp,0.7483242,1091.7676140755416,18,1073.7676140755416,payment_link,0.76775205,1120.1118553221227,12,1108.1118553221227,0.019427836,28.344241246581078,-6,34.34424124658108,True
85494,80536,1376.16,retry,0.6417215,883.1114416122437,8,875.1114416122437,payment_link,0.700788,964.3964430999756,12,952.3964430999756,0.059066534,81.28500148773196,4,77.28500148773196,True
21641,29077,4948.87,voice_call,0.6846487,3388.237375386357,90,3298.237375386357,human_escalation,0.8927727,4418.215905952454,250,4168.215905952454,0.20812398,1029.9785305660967,160,869.9785305660967,True
91131,24191,946.29,payment_link,0.542006,512.8948726701736,12,500.89487267017364,payment_link,0.542006,512.8948726701736,12,500.89487267017364,0.0,0.0,0,0.0,False
82800,7423,8573.1,retry,0.7350751,6301.872478330136,8,6293.872478330136,human_escalation,0.8450723,7244.889584130049,250,6994.889584130049,0.10999721,943.0171057999132,242,701.0171057999132,True
30804,75762,1557.37,voice_call,0.7271431,1132.4308634215593,90,1042.4308634215593,payment_link,0.8482942,1321.107935938239,12,1309.107935938239,0.12115109,188.6770725166798,-78,266.6770725166798,True
80491,47178,668.13,whatsapp,0.63685286,425.500501652956,18,407.500501652956,payment_link,0.6729448,449.61459864377974,12,437.61459864377974,0.036091924,24.114096990823725,-6,30.114096990823725,True
29501,94456,1113.63,retry,0.5270744,586.965860297084,8,578.965860297084,payment_link,0.57032657,635.1327744698525,12,623.1327744698525,0.04325217,48.16691417276854,4,44.16691417276854,True
89906,5043,2837.08,human_escalation,0.86863375,2464.3834312248227,250,2214.3834312248227,payment_link,0.85035145,2412.515099787712,12,2400.515099787712,-0.018282294,-51.868331437110555,-238,186.13166856288944,True
83530,55234,1681.8,payment_link,0.7508392,1262.7613224864006,12,1250.7613224864006,payment_link,0.7508392,1262.7613224864006,12,1250.7613224864006,0.0,0.0,0,0.0,False
55297,32236,1191.23,retry,0.5993702,713.9877413803339,8,705.9877413803339,payment_link,0.7050126,839.8321827214957,12,827.8321827214957,0.10564244,125.84444134116177,4,121.84444134116177,True
52472,54873,871.9,payment_link,0.73562133,641.3882403492927,12,629.3882403492927,payment_link,0.73562133,641.3882403492927,12,629.3882403492927,0.0,0.0,0,0.0,False
56649,50373,1595.4,payment_link,0.74140227,1182.8331790208817,12,1170.8331790208817,payment_link,0.74140227,1182.8331790208817,12,1170.8331790208817,0.0,0.0,0,0.0,False
1016,39688,3133.46,payment_link,0.8114862,2542.759499987364,12,2530.759499987364,payment_link,0.8114862,2542.759499987364,12,2530.759499987364,0.0,0.0,0,0.0,False
70189,63672,2231.54,retry,0.8492555,1895.1476234328748,8,1887.1476234328748,payment_link,0.91549766,2042.9696496176718,12,2030.9696496176718,0.06624216,147.8220261847971,4,143.8220261847971,True
52182,30398,583.33,voice_call,0.32149783,187.53932787209752,90,97.53932787209752,payment_link,0.53281194,310.8051887947321,12,298.8051887947321,0.21131411,123.26586092263457,-78,201.26586092263457,True
58572,49256,1187.6,payment_link,0.8812661,1046.5916406631468,12,1034.5916406631468,payment_link,0.8812661,1046.5916406631468,12,1034.5916406631468,0.0,0.0,0,0.0,False
67855,62912,2541.33,retry,0.62788767,1595.6697628086804,8,1587.6697628086804,payment_link,0.67969424,1727.3273510581255,12,1715.3273510581255,0.05180657,131.6575882494451,4,127.6575882494451,True
28468,50153,687.11,payment_link,0.7077896,486.3293119841814,12,474.3293119841814,payment_link,0.7077896,486.3293119841814,12,474.3293119841814,0.0,0.0,0,0.0,False
4056,84777,314.28,payment_link,0.7585801,238.40655025005339,12,226.40655025005339,payment_link,0.7585801,238.40655025005339,12,226.40655025005339,0.0,0.0,0,0.0,False
28651,8955,2555.62,whatsapp,0.65726364,1679.7160949397087,18,1661.7160949397087,payment_link,0.6836473,1747.1426488614081,12,1735.1426488614081,0.026383638,67.42655392169945,-6,73.42655392169945,True
39118,67626,836.22,payment_link,0.5051678,422.4314029204846,12,410.4314029204846,payment_link,0.5051678,422.4314029204846,12,410.4314029204846,0.0,0.0,0,0.0,False
4148,1537,395.9,whatsapp,0.6619276,262.05712925195695,18,244.05712925195695,payment_link,0.756002,299.3011953294277,12,287.3011953294277,0.09407443,37.244066077470734,-6,43.244066077470734,True
70051,22402,3156.73,whatsapp,0.7785101,2457.546168050766,18,2439.546168050766,whatsapp,0.7785101,2457.546168050766,18,2439.546168050766,0.0,0.0,0,0.0,False
57961,10791,802.34,payment_link,0.7795114,625.4331703507901,12,613.4331703507901,payment_link,0.7795114,625.4331703507901,12,613.4331703507901,0.0,0.0,0,0.0,False
87565,28513,3511.74,payment_link,0.6122724,2150.141414000988,12,2138.141414000988,payment_link,0.6122724,2150.141414000988,12,2138.141414000988,0.0,0.0,0,0.0,False
3189,5618,528.18,human_escalation,0.92139405,486.6619093930721,250,236.6619093930721,payment_link,0.91778195,484.7540698456764,12,472.7540698456764,-0.003612101,-1.9078395473957244,-238,236.09216045260428,True
91193,85139,1111.83,whatsapp,0.5689165,632.5384317666292,18,614.5384317666292,payment_link,0.59909075,666.0870741158724,12,654.0870741158724,0.030174255,33.54864234924321,-6,39.54864234924321,True
91250,49262,1803.04,payment_link,0.6567146,1184.08272521019,12,1172.08272521019,payment_link,0.6567146,1184.08272521019,12,1172.08272521019,0.0,0.0,0,0.0,False
36260,12626,1022.94,email,0.48926243,500.48611204683783,5,495.48611204683783,payment_link,0.5873758,600.8502209866048,12,588.8502209866048,0.09811339,100.36410893976694,7,93.36410893976694,True
73796,88230,1065.07,payment_link,0.49568042,527.9343466237187,12,515.9343466237187,payment_link,0.49568042,527.9343466237187,12,515.9343466237187,0.0,0.0,0,0.0,False
56538,22754,1962.18,retry,0.53335154,1046.5317258667947,8,1038.5317258667947,payment_link,0.60978913,1196.5160411310196,12,1184.5160411310196,0.07643759,149.98431526422496,4,145.98431526422496,True
93423,19802,1912.07,payment_link,0.88290006,1688.1667162388562,12,1676.1667162388562,payment_link,0.88290006,1688.1667162388562,12,1676.1667162388562,0.0,0.0,0,0.0,False
73111,93098,1308.01,payment_link,0.73633707,963.1362453019619,12,951.1362453019619,payment_link,0.73633707,963.1362453019619,12,951.1362453019619,0.0,0.0,0,0.0,False
78447,34132,891.94,payment_link,0.9221329,822.4872271192074,12,810.4872271192074,payment_link,0.9221329,822.4872271192074,12,810.4872271192074,0.0,0.0,0,0.0,False
73015,10337,1052.24,retry,0.7011722,737.8014073419571,8,729.8014073419571,payment_link,0.77430004,814.7494728422165,12,802.7494728422165,0.073127866,76.94806550025942,4,72.94806550025942,True
13363,17101,2166.45,retry,0.74397427,1611.7830538541077,8,1603.7830538541077,payment_link,0.84066176,1821.251678931713,12,1809.251678931713,0.096687496,209.46862507760534,4,205.46862507760534,True
71202,64288,488.26,retry,0.56376696,275.2648540973663,8,267.2648540973663,payment_link,0.6277147,306.4879762709141,12,294.4879762709141,0.06394774,31.22312217354778,4,27.22312217354778,True
22816,23242,2670.52,human_escalation,0.8673721,2316.3345287013053,250,2066.3345287013053,payment_link,0.79246515,2116.294033329487,12,2104.294033329487,-0.074906945,-200.04049537181845,-238,37.95950462818155,True
27572,97791,949.58,human_escalation,0.56031984,532.0685145294666,250,282.0685145294666,payment_link,0.4631543,439.80204703867435,12,427.80204703867435,-0.097165555,-92.26646749079225,-238,145.73353250920775,True
65512,66714,1748.37,whatsapp,0.6611229,1155.8874763691424,18,1137.8874763691424,payment_link,0.6888798,1204.4167548090218,12,1192.4167548090218,0.02775687,48.52927843987936,-6,54.52927843987936,True
56450,60,2345.65,payment_link,0.77825665,1825.5177221894264,12,1813.5177221894264,human_escalation,0.8925229,2093.546273520589,250,1843.5462735205888,0.11426622,268.02855133116236,238,30.02855133116236,True
15323,93707,4604.48,whatsapp,0.49638554,2285.5973121166226,18,2267.5973121166226,payment_link,0.53188336,2449.046288642883,12,2437.046288642883,0.035497814,163.4489765262606,-6,169.4489765262606,True
83232,40979,846.44,payment_link,0.737008,623.8330308485032,12,611.8330308485032,payment_link,0.737008,623.8330308485032,12,611.8330308485032,0.0,0.0,0,0.0,False
77677,76675,1749.84,email,0.5606412,981.0324484205246,5,976.0324484205246,payment_link,0.60279435,1054.7936639928816,12,1042.7936639928816,0.04215312,73.76121557235706,7,66.76121557235706,True
79270,67615,4497.08,whatsapp,0.6833119,3072.9081876683235,18,3054.9081876683235,human_escalation,0.83896565,3772.8956649684906,250,3522.8956649684906,0.15565377,699.987477300167,232,467.98747730016703,True
54245,90595,740.41,human_escalation,0.943325,698.447250751853,250,448.44725075185295,payment_link,0.9363074,693.2513403123617,12,681.2513403123617,-0.0070176125,-5.195910439491286,-238,232.80408956050871,True
42910,6250,814.91,human_escalation,0.9344007,761.4524562489986,250,511.4524562489986,payment_link,0.91935253,749.189571390152,12,737.189571390152,-0.015048146,-12.262884858846633,-238,225.73711514115337,True
91192,17422,1094.94,retry,0.7508852,822.1742283833028,8,814.1742283833028,payment_link,0.8524012,933.3281665956974,12,921.3281665956974,0.10151601,111.15393821239468,4,107.15393821239468,True
39151,73332,3226.17,whatsapp,0.90049624,2905.1539688944817,18,2887.1539688944817,payment_link,0.9283875,2995.135974100828,12,2983.135974100828,0.027891278,89.98200520634646,-6,95.98200520634646,True
59606,9045,842.17,whatsapp,0.64040244,539.3277197420597,18,521.3277197420597,payment_link,0.70316607,592.1853671509027,12,580.1853671509027,0.06276363,52.857647408843036,-6,58.857647408843036,True
49156,83037,3247.86,retry,0.9038371,2935.5363141417506,8,2927.5363141417506,payment_link,0.94142467,3057.615521675348,12,3045.615521675348,0.037587583,122.07920753359758,4,118.07920753359758,True
3238,63501,1920.29,human_escalation,0.42413706,814.4661470240354,250,564.4661470240354,payment_link,0.47444752,911.0768254676461,12,899.0768254676461,0.050310463,96.61067844361071,-238,334.6106784436107,True
34347,33680,2582.85,whatsapp,0.56309026,1454.3776904314757,18,1436.3776904314757,payment_link,0.6077154,1569.6377928882837,12,1557.6377928882837,0.044625163,115.260102456808,-6,121.260102456808,True
35270,4474,4144.38,retry,0.6636514,2750.423617168665,8,2742.423617168665,human_escalation,0.77041507,3192.8927981615066,250,2942.8927981615066,0.10676366,442.46918099284176,242,200.46918099284176,True
58007,88005,1133.0,email,0.89581263,1014.9557105302811,5,1009.9557105302811,payment_link,0.92784965,1051.253653883934,12,1039.253653883934,0.03203702,36.297943353652954,7,29.297943353652954,True
64386,33680,4392.69,retry,0.80634147,3542.0081087261433,8,3534.0081087261433,payment_link,0.9014225,3959.669604206085,12,3947.669604206085,0.09508103,417.66149547994155,4,413.66149547994155,True
92216,95553,2088.8,retry,0.8875968,1854.0121666431428,8,1846.0121666431428,payment_link,0.93514293,1953.32656121254,12,1941.32656121254,0.04754615,99.31439456939711,4,95.31439456939711,True
4511,68330,1621.69,whatsapp,0.8179118,1326.399392978549,18,1308.399392978549,payment_link,0.8562203,1388.5239063602687,12,1376.5239063602687,0.0383085,62.12451338171968,-6,68.12451338171968,True
97924,26148,358.04,whatsapp,0.86586076,310.0127865862847,18,292.0127865862847,payment_link,0.9312623,333.4291590189934,12,321.4291590189934,0.065401554,23.416372432708727,-6,29.416372432708727,True
97044,39817,3375.96,voice_call,0.47233397,1594.580581548214,90,1504.580581548214,human_escalation,0.73055446,2466.322639775276,250,2216.322639775276,0.2582205,871.742058227062,160,711.742058227062,True
60171,12395,815.52,retry,0.6865005,559.8548793697357,8,551.8548793697357,payment_link,0.78362143,639.0589489173889,12,627.0589489173889,0.09712094,79.20406954765315,4,75.20406954765315,True
82210,64452,1281.07,payment_link,0.8824919,1130.5338811868428,12,1118.5338811868428,payment_link,0.8824919,1130.5338811868428,12,1118.5338811868428,0.0,0.0,0,0.0,False
1676,88196,3070.22,email,0.5723742,1757.3147920441627,5,1752.3147920441627,payment_link,0.6660843,2045.0253074645996,12,2033.0253074645996,0.093710065,287.7105154204369,7,280.7105154204369,True
21005,36841,999.05,email,0.6340876,633.4852389246225,5,628.4852389246225,payment_link,0.6947865,694.1264418452978,12,682.1264418452978,0.060698867,60.641202920675255,7,53.641202920675255,True
35395,65384,7154.61,whatsapp,0.695876,4978.721404899358,18,4960.721404899358,human_escalation,0.7982094,5710.877161295413,250,5460.877161295413,0.10233343,732.155756396055,232,500.15575639605504,True
94250,28900,1319.8,retry,0.44109958,582.1632310986519,8,574.1632310986519,payment_link,0.48536703,640.5874060690403,12,628.5874060690403,0.044267446,58.424174970388435,4,54.424174970388435,True
93810,63995,2113.42,retry,0.8506177,1797.7124738538266,8,1789.7124738538266,whatsapp,0.88239264,1864.8662635469436,18,1846.8662635469436,0.031774938,67.153789693117,10,57.153789693117005,True
76877,26545,7078.34,retry,0.60882115,4309.443124661446,8,4301.443124661446,human_escalation,0.73873794,5229.038315799236,250,4979.038315799236,0.12991679,919.5951911377906,242,677.5951911377906,True
87250,92162,1242.64,payment_link,0.9079311,1128.2314889335632,12,1116.2314889335632,payment_link,0.9079311,1128.2314889335632,12,1116.2314889335632,0.0,0.0,0,0.0,False
19546,78767,4645.55,email,0.6452086,2997.348798644543,5,2992.348798644543,human_escalation,0.7893442,3666.9379090607167,250,3416.9379090607167,0.1441356,669.5891104161738,245,424.58911041617375,True
3647,45229,908.68,whatsapp,0.79568064,723.0190858888626,18,705.0190858888626,payment_link,0.8585484,780.145762643814,12,768.145762643814,0.06286776,57.126676754951404,-6,63.126676754951404,True
50618,22279,1651.47,voice_call,0.65212756,1076.969108042121,90,986.969108042121,whatsapp,0.7751683,1280.1671918642521,18,1262.1671918642521,0.123040736,203.19808382213114,-72,275.19808382213114,True
65351,20173,3542.21,retry,0.86814624,3075.1562953096627,8,3067.1562953096627,payment_link,0.9004631,3189.6294124984743,12,3177.6294124984743,0.032316864,114.47311718881156,4,110.47311718881156,True
99679,60653,3410.31,human_escalation,0.87761754,2992.9478659325837,250,2742.9478659325837,payment_link,0.8108564,2765.2716960328817,12,2753.2716960328817,-0.066761136,-227.67616989970202,-238,10.323830100297982,True
14711,3254,7248.9,voice_call,0.42712262,3096.16917989552,90,3006.16917989552,payment_link,0.5654321,4098.76054444313,12,4086.76054444313,0.13830945,1002.5913645476103,-78,1080.5913645476103,True
46322,79802,1982.74,payment_link,0.7815623,1549.6348908901214,12,1537.6348908901214,payment_link,0.7815623,1549.6348908901214,12,1537.6348908901214,0.0,0.0,0,0.0,False
52835,5405,2237.68,payment_link,0.78315926,1752.4598039245604,12,1740.4598039245604,payment_link,0.78315926,1752.4598039245604,12,1740.4598039245604,0.0,0.0,0,0.0,False
61487,19480,1460.9,payment_link,0.7764426,1134.3049758970737,12,1122.3049758970737,payment_link,0.7764426,1134.3049758970737,12,1122.3049758970737,0.0,0.0,0,0.0,False
62368,86979,1244.71,email,0.67612463,841.5790911430121,5,836.5790911430121,payment_link,0.73786485,918.427759872675,12,906.427759872675,0.06174022,76.8486687296629,7,69.8486687296629,True
5232,19760,2771.95,human_escalation,0.7974645,2210.531692880392,250,1960.5316928803918,human_escalation,0.7974645,2210.531692880392,250,1960.5316928803918,0.0,0.0,0,0.0,False
55899,67853,1515.75,retry,0.71323484,1081.0857114940882,8,1073.0857114940882,payment_link,0.7599616,1151.9118028879166,12,1139.9118028879166,0.046726763,70.82609139382839,4,66.82609139382839,True
27564,72978,1873.72,payment_link,0.6967095,1305.4385499429702,12,1293.4385499429702,payment_link,0.6967095,1305.4385499429702,12,1293.4385499429702,0.0,0.0,0,0.0,False
49156,83037,3247.86,whatsapp,0.9193816,2986.022783460617,18,2968.022783460617,payment_link,0.94142467,3057.615521675348,12,3045.615521675348,0.02204305,71.59273821473107,-6,77.59273821473107,True
71576,61403,4056.53,human_escalation,0.80984503,3285.1606607943777,250,3035.1606607943777,human_escalation,0.80984503,3285.1606607943777,250,3035.1606607943777,0.0,0.0,0,0.0,False
33243,72887,1763.64,retry,0.6483578,1143.4697655415537,8,1135.4697655415537,payment_link,0.692177,1220.7510401558877,12,1208.7510401558877,0.04381919,77.28127461433405,4,73.28127461433405,True
73872,45659,3948.64,human_escalation,0.49347457,1948.5534375238417,250,1698.5534375238417,payment_link,0.5921022,2337.9985478687286,12,2325.9985478687286,0.09862766,389.44511034488687,-238,627.4451103448869,True
35589,51303,2065.25,whatsapp,0.87833077,1813.972616866231,18,1795.972616866231,payment_link,0.9243689,1909.0529077798128,12,1897.0529077798128,0.04603815,95.08029091358185,-6,101.08029091358185,True
5354,13657,1807.51,email,0.5447056,984.560872104168,5,979.560872104168,payment_link,0.6825824,1233.7744747591018,12,1221.7744747591018,0.13787675,249.21360265493388,7,242.21360265493388,True
53511,57632,6611.67,whatsapp,0.51609427,3412.244984731078,18,3394.244984731078,human_escalation,0.66341174,4386.259475787878,250,4136.259475787878,0.14731747,974.0144910567997,232,742.0144910567997,True
29823,27845,618.91,email,0.6740443,417.1727645498514,5,412.1727645498514,payment_link,0.6894037,426.6788518577814,12,414.6788518577814,0.015359402,9.506087307929988,7,2.506087307929988,True
98300,35605,402.48,payment_link,0.7764929,312.5228598546982,12,300.5228598546982,payment_link,0.7764929,312.5228598546982,12,300.5228598546982,0.0,0.0,0,0.0,False
47780,70655,4607.88,payment_link,0.73147225,3370.536368837357,12,3358.536368837357,payment_link,0.73147225,3370.536368837357,12,3358.536368837357,0.0,0.0,0,0.0,False
72346,9946,536.57,payment_link,0.48969057,262.75327023059134,12,250.75327023059134,payment_link,0.48969057,262.75327023059134,12,250.75327023059134,0.0,0.0,0,0.0,False
5551,20130,6549.76,retry,0.7129894,4669.909386367798,8,4661.909386367798,payment_link,0.7541263,4939.346342468262,12,4927.346342468262,0.04113692,269.43695610046416,4,265.43695610046416,True
35484,77390,1188.41,email,0.47062162,559.2914342525602,5,554.2914342525602,whatsapp,0.5173901,614.8715358763934,18,596.8715358763934,0.046768457,55.58010162383323,13,42.58010162383323,True
56464,28736,2458.07,whatsapp,0.5355468,1316.4114726114274,18,1298.4114726114274,payment_link,0.6343412,1559.2550251203777,12,1547.2550251203777,0.0987944,242.84355250895032,-6,248.84355250895032,True
34650,99207,1091.75,retry,0.77997494,851.5376379489899,8,843.5376379489899,payment_link,0.859675,938.5501705259085,12,926.5501705259085,0.07970005,87.0125325769186,4,83.0125325769186,True
46421,33592,255.6,human_escalation,0.67362255,172.17792341709136,250,-77.82207658290864,payment_link,0.57968,148.16621453762053,12,136.16621453762053,-0.09394252,-24.01170887947083,-238,213.98829112052917,True
2048,95640,3616.11,whatsapp,0.644842,2331.819708105326,18,2313.819708105326,payment_link,0.71350795,2580.123234180808,12,2568.123234180808,0.06866592,248.3035260754823,-6,254.3035260754823,True
44470,34531,2422.12,whatsapp,0.73664147,1784.234029123783,18,1766.234029123783,payment_link,0.8146663,1973.2194688224793,12,1961.2194688224793,0.078024805,188.98543969869615,-6,194.98543969869615,True
68802,29542,2455.16,email,0.665628,1634.223279750347,5,1629.223279750347,payment_link,0.77116996,1893.3456402182578,12,1881.3456402182578,0.105541945,259.12236046791077,7,252.12236046791077,True
78971,94347,730.92,email,0.6564012,479.77677751779555,5,474.77677751779555,payment_link,0.7390473,540.1844443988799,12,528.1844443988799,0.08264607,60.40766688108437,7,53.40766688108437,True
27683,29861,2970.14,retry,0.8288837,2461.900655063391,8,2453.900655063391,payment_link,0.89753884,2665.8160125267505,12,2653.8160125267505,0.06865513,203.91535746335967,4,199.91535746335967,True
8288,86575,1861.28,payment_link,0.93292356,1736.4319551467895,12,1724.4319551467895,payment_link,0.93292356,1736.4319551467895,12,1724.4319551467895,0.0,0.0,0,0.0,False
20712,23380,694.65,retry,0.5283909,367.04672784805297,8,359.04672784805297,payment_link,0.6236909,433.2468858987093,12,421.2468858987093,0.09530002,66.20015805065634,4,62.20015805065634,True
30950,50597,1531.35,retry,0.49353763,755.7788567617536,8,747.7788567617536,payment_link,0.5559387,851.3367599487304,12,839.3367599487304,0.062401086,95.55790318697689,4,91.55790318697689,True
51637,54268,1672.53,retry,0.68066436,1138.4315629059076,8,1130.4315629059076,payment_link,0.74515796,1246.2990379500388,12,1234.2990379500388,0.0644936,107.8674750441312,4,103.8674750441312,True
20480,56135,2458.87,payment_link,0.81174874,1995.9846318411826,12,1983.9846318411826,payment_link,0.81174874,1995.9846318411826,12,1983.9846318411826,0.0,0.0,0,0.0,False
40938,81610,915.53,payment_link,0.5872767,537.6694345498084,12,525.6694345498084,payment_link,0.5872767,537.6694345498084,12,525.6694345498084,0.0,0.0,0,0.0,False
98972,90078,2913.03,retry,0.6832577,1990.3501749551297,8,1982.3501749551297,payment_link,0.721247,2101.014199048877,12,2089.014199048877,0.03798932,110.66402409374723,4,106.66402409374723,True
63289,32328,1373.12,payment_link,0.9517854,1306.915548686981,12,1294.915548686981,payment_link,0.9517854,1306.915548686981,12,1294.915548686981,0.0,0.0,0,0.0,False
39062,90563,3688.96,retry,0.64738715,2388.1852896118166,8,2380.1852896118166,payment_link,0.7057689,2603.5531794738768,12,2591.5531794738768,0.058381736,215.3678898620601,4,211.3678898620601,True
87639,89029,7386.79,email,0.6751019,4986.835788530111,5,4981.835788530111,human_escalation,0.8159341,6027.134010158181,250,5777.134010158181,0.14083225,1040.2982216280698,245,795.2982216280698,True
4698,72346,1277.2,retry,0.7650815,977.1621235370636,8,969.1621235370636,whatsapp,0.8024257,1024.8580817461013,18,1006.8580817461013,0.037344158,47.69595820903771,10,37.69595820903771,True
62778,6058,1623.63,retry,0.51489353,835.9965850353242,8,827.9965850353242,payment_link,0.5692917,924.3191004931928,12,912.3191004931928,0.05439818,88.32251545786858,4,84.32251545786858,True
90800,51287,2750.93,payment_link,0.6416514,1765.1380637478828,12,1753.1380637478828,payment_link,0.6416514,1765.1380637478828,12,1753.1380637478828,0.0,0.0,0,0.0,False
40895,13762,2941.94,payment_link,0.82095414,2415.1978344023228,12,2403.1978344023228,human_escalation,0.9024986,2655.0967397189143,250,2405.0967397189143,0.08154446,239.89890531659148,238,1.898905316591481,True
38605,43180,5121.63,email,0.478968,2453.0968494227527,5,2448.0968494227527,payment_link,0.5455726,2794.2208873075247,12,2782.2208873075247,0.066604584,341.12403788477195,7,334.12403788477195,True
47344,55211,3768.91,payment_link,0.9380193,3535.3102282476425,12,3523.3102282476425,payment_link,0.9380193,3535.3102282476425,12,3523.3102282476425,0.0,0.0,0,0.0,False
67476,64731,553.26,whatsapp,0.8789884,486.3091139960289,18,468.3091139960289,payment_link,0.9284724,513.6866398644447,12,501.6866398644447,0.049484015,27.37752586841583,-6,33.37752586841583,True
32891,64828,4371.84,whatsapp,0.89520997,3913.7147468948365,18,3895.7147468948365,payment_link,0.91645503,4006.594760284424,12,3994.594760284424,0.021245062,92.88001338958748,-6,98.88001338958748,True
64095,74825,3044.34,voice_call,0.54185647,1649.5953189504148,90,1559.5953189504148,payment_link,0.63933945,1946.3666521453858,12,1934.3666521453858,0.09748298,296.771333194971,-78,374.771333194971,True
51003,96680,2111.11,retry,0.8522461,1799.185276142955,8,1791.185276142955,payment_link,0.918486,1939.0249775755406,12,1927.0249775755406,0.06623989,139.83970143258557,4,135.83970143258557,True
69657,79465,915.3,whatsapp,0.8651872,791.9058695375919,18,773.9058695375919,payment_link,0.8890433,813.7413064420223,12,801.7413064420223,0.023856044,21.835436904430367,-6,27.835436904430367,True
27614,10508,2049.17,email,0.7360254,1508.2411545926334,5,1503.2411545926334,payment_link,0.78817177,1615.0979422187806,12,1603.0979422187806,0.052146375,106.85678762614725,7,99.85678762614725,True
67912,95582,491.94,voice_call,0.6310349,310.4313139593601,90,220.43131395936012,payment_link,0.7305282,359.37603081822397,12,347.37603081822397,0.099493265,48.94471685886384,-78,126.94471685886384,True
71902,73713,2529.94,payment_link,0.5991749,1515.8765888679027,12,1503.8765888679027,payment_link,0.5991749,1515.8765888679027,12,1503.8765888679027,0.0,0.0,0,0.0,False
18001,88503,682.14,payment_link,0.5523928,376.8092114818096,12,364.8092114818096,payment_link,0.5523928,376.8092114818096,12,364.8092114818096,0.0,0.0,0,0.0,False
39207,645,824.41,payment_link,0.66267395,546.3150312805176,12,534.3150312805176,payment_link,0.66267395,546.3150312805176,12,534.3150312805176,0.0,0.0,0,0.0,False
41965,90267,748.36,voice_call,0.5656267,423.2923828816414,90,333.2923828816414,payment_link,0.7178178,537.1861163520813,12,525.1861163520813,0.1521911,113.89373347043988,-78,191.89373347043988,True
35767,15875,1797.44,payment_link,0.84875816,1525.5918690299989,12,1513.5918690299989,payment_link,0.84875816,1525.5918690299989,12,1513.5918690299989,0.0,0.0,0,0.0,False
53025,93233,12071.88,retry,0.5085789,6139.503409352302,8,6131.503409352302,human_escalation,0.7007508,8459.379902973174,250,8209.379902973174,0.19217193,2319.8764936208727,242,2077.8764936208727,True
5457,37494,1215.91,whatsapp,0.9065223,1102.2494982004166,18,1084.2494982004166,payment_link,0.92654544,1126.5958673495054,12,1114.5958673495054,0.020023167,24.346369149088787,-6,30.346369149088787,True
23899,12764,2717.14,retry,0.76358944,2074.7794158279894,8,2066.7794158279894,human_escalation,0.93030465,2527.7679671692845,250,2277.7679671692845,0.1667152,452.9885513412951,242,210.98855134129508,True
40648,87791,1193.16,payment_link,0.8616956,1028.1407073426246,12,1016.1407073426246,payment_link,0.8616956,1028.1407073426246,12,1016.1407073426246,0.0,0.0,0,0.0,False
42514,45714,2654.65,payment_link,0.8133169,2159.0716598898175,12,2147.0716598898175,payment_link,0.8133169,2159.0716598898175,12,2147.0716598898175,0.0,0.0,0,0.0,False
85371,26627,970.49,voice_call,0.6790773,659.0377553242445,90,569.0377553242445,payment_link,0.75006557,727.9311302828789,12,715.9311302828789,0.07098824,68.89337495863447,-78,146.89337495863447,True
56112,88084,635.6,human_escalation,0.90167,573.1014387130738,250,323.1014387130738,payment_link,0.84677136,538.2078760623932,12,526.2078760623932,-0.05489862,-34.893562650680565,-238,203.10643734931944,True
30297,99563,710.48,whatsapp,0.8310255,590.4269839000702,18,572.4269839000702,payment_link,0.8540103,606.7572265386582,12,594.7572265386582,0.022984803,16.330242638587947,-6,22.330242638587947,True
185,99688,5549.31,whatsapp,0.7175744,3982.0428912824395,18,3964.0428912824395,human_escalation,0.87115914,4834.3321066349745,250,4584.3321066349745,0.15358472,852.2892153525349,232,620.2892153525349,True
22298,67274,869.96,whatsapp,0.48620847,422.98191940903666,18,404.98191940903666,payment_link,0.6007422,522.6217024755479,12,510.62170247554786,0.11453375,99.6397830665112,-6,105.6397830665112,True
55226,91174,5524.33,payment_link,0.68562454,3787.6162142413855,12,3775.6162142413855,payment_link,0.68562454,3787.6162142413855,12,3775.6162142413855,0.0,0.0,0,0.0,False
23077,63904,1097.54,retry,0.866574,951.0996163165569,8,943.0996163165569,payment_link,0.9053773,993.687833007574,12,981.687833007574,0.03880334,42.588216691017124,4,38.588216691017124,True
22990,10009,10511.24,voice_call,0.86307716,9072.011206130981,90,8982.011206130981,whatsapp,0.946298,9946.765423121453,18,9928.765423121453,0.08322084,874.7542169904718,-72,946.7542169904718,True
1805,13933,1099.49,payment_link,0.5419699,595.8904802525044,12,583.8904802525044,payment_link,0.5419699,595.8904802525044,12,583.8904802525044,0.0,0.0,0,0.0,False
60657,39047,1530.82,retry,0.79825157,1221.9794672715664,8,1213.9794672715664,payment_link,0.869889,1331.6435110044479,12,1319.6435110044479,0.07163745,109.66404373288151,4,105.66404373288151,True
12871,16616,6167.75,whatsapp,0.5842291,3603.379103511572,18,3585.379103511572,human_escalation,0.6655692,4105.0643482506275,250,3855.0643482506275,0.081340075,501.68524473905563,232,269.68524473905563,True
80197,9796,2762.63,voice_call,0.88110965,2434.1799659258127,90,2344.1799659258127,payment_link,0.92878133,2565.879167315364,12,2553.879167315364,0.047671676,131.6992013895515,-78,209.6992013895515,True
54448,11118,1947.97,human_escalation,0.7169654,1396.6270460790397,250,1146.6270460790397,payment_link,0.6693299,1303.834529592991,12,1291.834529592991,-0.047635496,-92.79251648604873,-238,145.20748351395127,True
68343,94639,3527.45,retry,0.7178536,2532.1927015930414,8,2524.1927015930414,payment_link,0.8113823,2862.1104719161985,12,2850.1104719161985,0.09352869,329.91777032315713,4,325.91777032315713,True
58191,44436,3228.65,voice_call,0.6505666,2100.4517817735673,90,2010.4517817735673,human_escalation,0.80268264,2591.5812997221947,250,2341.5812997221947,0.15211606,491.1295179486274,160,331.1295179486274,True
90087,36852,1986.45,payment_link,0.867352,1722.951397919655,12,1710.951397919655,payment_link,0.867352,1722.951397919655,12,1710.951397919655,0.0,0.0,0,0.0,False
30666,19970,4272.18,retry,0.64891297,2772.272996159792,8,2764.272996159792,human_escalation,0.781052,3336.7947050356865,250,3086.7947050356865,0.13213903,564.5217088758945,242,322.52170887589455,True
76898,41306,919.45,retry,0.712557,655.160550019145,8,647.160550019145,payment_link,0.79110396,727.3805351793767,12,715.3805351793767,0.07854694,72.21998516023166,4,68.21998516023166,True
79473,28128,890.47,whatsapp,0.804445,716.3341643548011,18,698.3341643548011,payment_link,0.827646,736.9939488244057,12,724.9939488244057,0.023200989,20.659784469604574,-6,26.659784469604574,True
72178,33747,1329.9,email,0.8886684,1181.8401290059091,5,1176.8401290059091,payment_link,0.93149966,1238.8013978540898,12,1226.8013978540898,0.042831242,56.96126884818068,7,49.96126884818068,True
877,84967,1791.82,retry,0.44978905,805.9410106277466,8,797.9410106277466,payment_link,0.54794973,981.8272876274585,12,969.8272876274585,0.098160684,175.88627699971198,4,171.88627699971198,True
11774,26964,1037.91,retry,0.7622491,791.1459759700299,8,783.1459759700299,payment_link,0.83769095,869.447813333273,12,857.447813333273,0.07544184,78.30183736324307,4,74.30183736324307,True
94701,95452,1894.61,whatsapp,0.64539164,1222.7654608339071,18,1204.7654608339071,payment_link,0.6981551,1322.7316437000036,12,1310.7316437000036,0.052763462,99.96618286609646,-6,105.96618286609646,True
96535,80376,2557.06,whatsapp,0.69653887,1781.0916715848446,18,1763.0916715848446,payment_link,0.7269756,1858.9202783477306,12,1846.9202783477306,0.030436754,77.82860676288601,-6,83.82860676288601,True
57155,39351,1550.33,email,0.89286053,1384.2284682762622,5,1379.2284682762622,payment_link,0.9316763,1444.4057618707418,12,1432.4057618707418,0.038815796,60.17729359447958,7,53.17729359447958,True
14143,2174,2959.47,whatsapp,0.5371056,1589.5479689472913,18,1571.5479689472913,payment_link,0.6250744,1849.8888949012755,12,1837.8888949012755,0.08796877,260.3409259539842,-6,266.3409259539842,True
80551,87403,3430.49,retry,0.61071783,2095.061419072747,8,2087.061419072747,payment_link,0.67261386,2307.395117766857,12,2295.395117766857,0.061896026,212.3336986941099,4,208.3336986941099,True
18285,41156,389.78,email,0.8194303,319.39753908038136,5,314.39753908038136,payment_link,0.850522,331.51645803332326,12,319.51645803332326,0.03109169,12.118918952941897,7,5.118918952941897,True
75217,90761,1546.45,payment_link,0.5775899,893.2139458626509,12,881.2139458626509,payment_link,0.5775899,893.2139458626509,12,881.2139458626509,0.0,0.0,0,0.0,False
79947,21541,2152.16,voice_call,0.7295591,1570.1279632663725,90,1480.1279632663725,payment_link,0.8808255,1895.6774501800535,12,1883.6774501800535,0.1512664,325.549486913681,-78,403.549486913681,True
91314,83561,3955.25,payment_link,0.92016953,3639.500542625785,12,3627.500542625785,payment_link,0.92016953,3639.500542625785,12,3627.500542625785,0.0,0.0,0,0.0,False
80008,37537,1280.51,voice_call,0.70502836,902.795859016776,90,812.795859016776,whatsapp,0.76294935,976.9642689621448,18,958.9642689621448,0.057920992,74.16840994536881,-72,146.1684099453688,True
74,80908,2345.29,email,0.74749947,1753.1030224800108,5,1748.1030224800108,payment_link,0.84569556,1983.4013286787272,12,1971.4013286787272,0.09819609,230.29830619871632,7,223.29830619871632,True
55604,2150,3776.56,retry,0.722225,2727.52608525753,8,2719.52608525753,payment_link,0.7940649,2998.8336610126494,12,2986.8336610126494,0.07183987,271.30757575511916,4,267.30757575511916,True
15310,55298,2840.66,voice_call,0.55175054,1567.335691039562,90,1477.335691039562,payment_link,0.66038626,1875.9328456151484,12,1863.9328456151484,0.10863572,308.5971545755863,-78,386.5971545755863,True
13242,79303,1472.93,payment_link,0.92493945,1362.3710693937542,12,1350.3710693937542,payment_link,0.92493945,1362.3710693937542,12,1350.3710693937542,0.0,0.0,0,0.0,False
18179,93172,7769.87,whatsapp,0.94259137,7323.812401433587,18,7305.812401433587,payment_link,0.9502946,7383.665611222982,12,7371.665611222982,0.0077032447,59.853209789394896,-6,65.8532097893949,True
30877,45670,968.27,retry,0.52383673,507.21539240717885,8,499.21539240717885,payment_link,0.57955647,561.1671385097503,12,549.1671385097503,0.055719733,53.95174610257146,4,49.95174610257146,True
17577,4809,328.11,whatsapp,0.92268395,302.74183222532275,18,284.74183222532275,payment_link,0.95172405,312.27017884254457,12,300.27017884254457,0.029040098,9.528346617221814,-6,15.528346617221814,True
5662,52288,2195.36,human_escalation,0.87516403,1921.3001092529298,250,1671.3001092529298,payment_link,0.7713812,1693.4594298267366,12,1681.4594298267366,-0.10378283,-227.84067942619322,-238,10.15932057380678,True
71793,74767,473.13,email,0.3621443,171.34132859051226,5,166.34132859051226,payment_link,0.48462585,229.2910265877843,12,217.2910265877843,0.122481555,57.94969799727204,7,50.94969799727204,True
93341,59030,1447.46,payment_link,0.9181639,1329.0055123353004,12,1317.0055123353004,payment_link,0.9181639,1329.0055123353004,12,1317.0055123353004,0.0,0.0,0,0.0,False
74160,34411,1297.54,payment_link,0.70712924,917.5284741163254,12,905.5284741163254,payment_link,0.70712924,917.5284741163254,12,905.5284741163254,0.0,0.0,0,0.0,False
58543,93569,879.99,retry,0.75856507,667.5296744048595,8,659.5296744048595,payment_link,0.8058907,709.1757389295101,12,697.1757389295101,0.04732561,41.64606452465057,4,37.64606452465057,True
34469,5389,2713.57,retry,0.6483867,1759.4427432227135,8,1751.4427432227135,payment_link,0.69488096,1885.6081330633165,12,1873.6081330633165,0.046494246,126.16538984060298,4,122.16538984060298,True
59847,56531,2404.43,retry,0.87833583,2111.8970282614227,8,2103.8970282614227,payment_link,0.9315706,2239.896272613406,12,2227.896272613406,0.053234756,127.99924435198318,4,123.99924435198318,True
43770,52876,1466.02,payment_link,0.752969,1103.8676523256302,12,1091.8676523256302,payment_link,0.752969,1103.8676523256302,12,1091.8676523256302,0.0,0.0,0,0.0,False
72200,25219,2211.09,whatsapp,0.7328862,1620.477337306738,18,1602.477337306738,whatsapp,0.7328862,1620.477337306738,18,1602.477337306738,0.0,0.0,0,0.0,False
9698,17808,560.75,email,0.7060781,395.9333013743162,5,390.9333013743162,payment_link,0.7676939,430.48434165120125,12,418.48434165120125,0.061615765,34.55104027688503,7,27.551040276885033,True
71841,50238,3053.61,payment_link,0.556656,1699.8103373157978,12,1687.8103373157978,human_escalation,0.65220493,1991.5794986861945,250,1741.5794986861945,0.09554893,291.76916137039666,238,53.76916137039666,True
28833,46416,2500.78,email,0.5910771,1478.1537634038925,5,1473.1537634038925,payment_link,0.687022,1718.0908040094378,12,1706.0908040094378,0.09594488,239.93704060554523,7,232.93704060554523,True
30086,16399,1259.92,retry,0.5517812,695.2001411819458,8,687.2001411819458,payment_link,0.6284753,791.8286105823518,12,779.8286105823518,0.07669413,96.62846940040595,4,92.62846940040595,True
90022,26664,4676.08,whatsapp,0.7657573,3580.742499713898,18,3562.742499713898,human_escalation,0.917589,4290.719612307548,250,4040.7196123075482,0.15183169,709.9771125936504,232,477.9771125936504,True
26315,31396,3012.74,payment_link,0.55862737,1682.9990137147902,12,1670.9990137147902,human_escalation,0.6505129,1959.8261563956737,250,1709.8261563956737,0.09188551,276.8271426808835,238,38.827142680883526,True
86234,19865,665.85,retry,0.7427491,494.55948488116263,8,486.55948488116263,payment_link,0.81369245,541.7971181809902,12,529.7971181809902,0.070943356,47.237633299827564,4,43.237633299827564,True
71512,52959,1133.51,email,0.6861966,777.8107366675139,5,772.8107366675139,payment_link,0.7592357,860.6012357538939,12,848.6012357538939,0.073039055,82.79049908638001,7,75.79049908638001,True
86659,33973,1460.65,whatsapp,0.56077224,819.0919725924731,18,801.0919725924731,payment_link,0.59072036,862.835687276721,12,850.835687276721,0.029948115,43.74371468424795,-6,49.74371468424795,True
118,38392,1517.71,voice_call,0.59571266,904.1190638542175,90,814.1190638542175,payment_link,0.74489444,1130.5337480336427,12,1118.5337480336427,0.14918178,226.4146841794252,-78,304.4146841794252,True
33625,75091,4539.47,payment_link,0.73743296,3347.5547839307787,12,3335.5547839307787,human_escalation,0.85299313,3872.1367269456387,250,3622.1367269456387,0.115560174,524.5819430148599,238,286.5819430148599,True
95313,61056,5286.82,retry,0.5334927,2820.479793550968,8,2812.479793550968,human_escalation,0.7630545,4034.131739294529,250,3784.131739294529,0.2295618,1213.6519457435606,242,971.6519457435606,True
74035,97081,1200.44,payment_link,0.65479535,786.0425283265114,12,774.0425283265114,payment_link,0.65479535,786.0425283265114,12,774.0425283265114,0.0,0.0,0,0.0,False
99815,2173,1955.66,retry,0.7175951,1403.3720340538025,8,1395.3720340538025,payment_link,0.75580823,1478.1039313244821,12,1466.1039313244821,0.038213134,74.73189727067961,4,70.73189727067961,True
11892,89694,956.18,voice_call,0.5475535,523.5596861922741,90,433.55968619227406,payment_link,0.63509893,607.2688988780975,12,595.2688988780975,0.087545455,83.70921268582345,-78,161.70921268582345,True
53575,38793,1679.97,human_escalation,0.6294398,1057.4399323815107,250,807.4399323815107,payment_link,0.6123848,1028.788085975647,12,1016.7880859756469,-0.017054975,-28.651846405863807,-238,209.3481535941362,True
27007,69486,2146.82,retry,0.7944944,1705.6364473867418,8,1697.6364473867418,payment_link,0.86142963,1849.334361947775,12,1837.334361947775,0.06693524,143.69791456103326,4,139.69791456103326,True
17080,51010,1123.74,payment_link,0.92173755,1035.793356335163,12,1023.793356335163,payment_link,0.92173755,1035.793356335163,12,1023.793356335163,0.0,0.0,0,0.0,False
97010,22083,3636.84,retry,0.5094369,1852.7405149769784,8,1844.7405149769784,human_escalation,0.68077296,2475.862332522869,250,2225.862332522869,0.17133605,623.1218175458907,242,381.12181754589074,True
90864,42707,832.48,whatsapp,0.7129621,593.5266814899445,18,575.5266814899445,whatsapp,0.7129621,593.5266814899445,18,575.5266814899445,0.0,0.0,0,0.0,False
84058,79365,2226.66,payment_link,0.82458055,1836.0605278944968,12,1824.0605278944968,payment_link,0.82458055,1836.0605278944968,12,1824.0605278944968,0.0,0.0,0,0.0,False
18561,67452,7722.36,retry,0.7477878,5774.686391408443,8,5766.686391408443,human_escalation,0.8275565,6390.689143052101,250,6140.689143052101,0.07976872,616.0027516436576,242,374.0027516436576,True
40316,94469,2907.08,retry,0.6454942,1876.5033447551727,8,1868.5033447551727,payment_link,0.70040077,2036.1210696101189,12,2024.1210696101189,0.054906547,159.61772485494612,4,155.61772485494612,True
7664,76272,5611.46,whatsapp,0.4633751,2600.2107912445067,18,2582.2107912445067,payment_link,0.59498984,3338.7616663324834,12,3326.7616663324834,0.13161474,738.5508750879767,-6,744.5508750879767,True
28877,84901,748.1,payment_link,0.9184858,687.1192421615124,12,675.1192421615124,payment_link,0.9184858,687.1192421615124,12,675.1192421615124,0.0,0.0,0,0.0,False
89730,47691,2526.71,retry,0.45833012,1158.0673091700673,8,1150.0673091700673,payment_link,0.5372627,1357.506981499195,12,1345.506981499195,0.07893255,199.4396723291277,4,195.4396723291277,True
37851,95961,2229.98,voice_call,0.35716593,796.4728865027428,90,706.4728865027428,human_escalation,0.6718511,1498.2145127165318,250,1248.2145127165318,0.31468517,701.741626213789,160,541.741626213789,True
57048,21868,378.46,email,0.77060163,291.6418929696083,5,286.6418929696083,payment_link,0.8248572,312.17544658303257,12,300.17544658303257,0.054255545,20.53355361342426,7,13.53355361342426,True
64939,85866,714.99,human_escalation,0.7350691,525.5670530122519,250,275.5670530122519,payment_link,0.6793919,485.7584292858839,12,473.7584292858839,-0.055677176,-39.80862372636801,-238,198.191376273632,True
66076,93159,2950.04,whatsapp,0.5559351,1640.0307376217843,18,1622.0307376217843,payment_link,0.5979395,1763.9454168319703,12,1751.9454168319703,0.042004406,123.91467921018602,-6,129.91467921018602,True
217,18984,1946.49,whatsapp,0.7621374,1483.4928530788422,18,1465.4928530788422,payment_link,0.77503943,1508.6065087294578,12,1496.6065087294578,0.012902021,25.113655650615556,-6,31.113655650615556,True
78422,76250,540.15,payment_link,0.7773693,419.89603841006755,12,407.89603841006755,payment_link,0.7773693,419.89603841006755,12,407.89603841006755,0.0,0.0,0,0.0,False
97438,22809,2162.85,payment_link,0.81303614,1758.4752235740423,12,1746.4752235740423,payment_link,0.81303614,1758.4752235740423,12,1746.4752235740423,0.0,0.0,0,0.0,False
87534,70011,4445.69,whatsapp,0.75310457,3348.069444812536,18,3330.069444812536,human_escalation,0.8380401,3725.6665519595144,250,3475.6665519595144,0.084935546,377.5971071469785,232,145.5971071469785,True
89995,37241,2116.26,whatsapp,0.8245382,1744.9371503770353,18,1726.9371503770353,payment_link,0.8706982,1842.6238014650346,12,1830.6238014650346,0.046160042,97.68665108799928,-6,103.68665108799928,True
87651,80351,1157.23,retry,0.5015565,580.4162466561794,8,572.4162466561794,payment_link,0.56222206,650.6202385920286,12,638.6202385920286,0.060665548,70.20399193584922,4,66.20399193584922,True
47070,63974,2955.55,retry,0.6005441,1774.9381000936032,8,1766.9381000936032,payment_link,0.6269984,1853.1251936197282,12,1841.1251936197282,0.02645433,78.18709352612495,4,74.18709352612495,True
66564,49797,2013.78,human_escalation,0.9075028,1827.5109290242194,250,1577.5109290242194,payment_link,0.85824126,1728.3090846669675,12,1716.3090846669675,-0.04926151,-99.20184435725196,-238,138.79815564274804,True
37311,4205,2848.85,email,0.51344293,1462.7219012707471,5,1457.7219012707471,human_escalation,0.6908519,1968.1335116744042,250,1718.1335116744042,0.177409,505.41161040365705,245,260.41161040365705,True
45772,58759,2796.17,retry,0.6670762,1865.2583755117655,8,1857.2583755117655,payment_link,0.75781053,2118.9670781892537,12,2106.9670781892537,0.09073436,253.7087026774882,4,249.7087026774882,True
87455,21975,1342.05,voice_call,0.36826673,494.2323670104146,90,404.2323670104146,payment_link,0.5476276,734.9436579555273,12,722.9436579555273,0.1793609,240.71129094511275,-78,318.71129094511275,True
95019,62604,3858.11,payment_link,0.9296179,3586.5680458545685,12,3574.5680458545685,payment_link,0.9296179,3586.5680458545685,12,3574.5680458545685,0.0,0.0,0,0.0,False
63720,85730,1469.37,human_escalation,0.8328771,1223.8046237128972,250,973.8046237128972,whatsapp,0.7601371,1116.922622923851,18,1098.922622923851,-0.07274002,-106.88200078904629,-232,125.11799921095371,True
19072,28955,6741.08,payment_link,0.6580858,4436.2091801071165,12,4424.2091801071165,payment_link,0.6580858,4436.2091801071165,12,4424.2091801071165,0.0,0.0,0,0.0,False
72080,14930,463.05,email,0.59126735,273.78634518384933,5,268.78634518384933,email,0.59126735,273.78634518384933,5,268.78634518384933,0.0,0.0,0,0.0,False
85130,94337,2583.36,retry,0.77480984,2001.612741394043,8,1993.612741394043,payment_link,0.85296285,2203.510112113953,12,2191.510112113953,0.078153014,201.89737071990976,4,197.89737071990976,True
39045,28839,1015.48,payment_link,0.6955822,706.3498236441612,12,694.3498236441612,payment_link,0.6955822,706.3498236441612,12,694.3498236441612,0.0,0.0,0,0.0,False
1393,80680,1079.29,retry,0.6745116,727.9936371344328,8,719.9936371344328,payment_link,0.76364607,824.1955627769231,12,812.1955627769231,0.089134455,96.20192564249032,4,92.20192564249032,True
6124,46501,2427.82,payment_link,0.8951968,2173.3766839623454,12,2161.3766839623454,payment_link,0.8951968,2173.3766839623454,12,2161.3766839623454,0.0,0.0,0,0.0,False
88477,38588,2017.24,voice_call,0.61780375,1246.2584415364265,90,1156.2584415364265,payment_link,0.7213566,1455.1493287205697,12,1443.1493287205697,0.10355282,208.89088718414314,-78,286.89088718414314,True
4954,60175,1393.06,whatsapp,0.5662687,788.8462508153915,18,770.8462508153915,payment_link,0.6170749,859.6223697030543,12,847.6223697030543,0.050806224,70.77611888766285,-6,76.77611888766285,True
23046,32689,3217.59,retry,0.4384471,1410.742965888083,8,1402.742965888083,payment_link,0.53572696,1723.7497236210108,12,1711.7497236210108,0.09727988,313.0067577329278,4,309.0067577329278,True
18995,74014,2253.36,payment_link,0.4101951,924.3172580909729,12,912.3172580909729,payment_link,0.4101951,924.3172580909729,12,912.3172580909729,0.0,0.0,0,0.0,False
25352,39854,744.36,retry,0.5159681,384.0660032558441,8,376.0660032558441,payment_link,0.6103018,454.28424235582355,12,442.28424235582355,0.09433371,70.21823909997943,4,66.21823909997943,True
23554,97679,2638.08,retry,0.64328563,1697.0389604187012,8,1689.0389604187012,human_escalation,0.83063495,2191.2814530944825,250,1941.2814530944825,0.18734932,494.24249267578125,242,252.24249267578125,True
299,74979,566.24,retry,0.70666116,400.1398179340363,8,392.1398179340363,payment_link,0.7775728,440.29282830238344,12,428.29282830238344,0.070911646,40.15301036834717,4,36.15301036834717,True
13962,12055,818.53,whatsapp,0.83285266,681.7148891073465,18,663.7148891073465,payment_link,0.8723429,714.0388212829828,12,702.0388212829828,0.039490223,32.32393217563629,-6,38.32393217563629,True
70297,62958,4178.05,retry,0.68181366,2848.6515508145094,8,2840.6515508145094,human_escalation,0.8098125,3383.437057849765,250,3133.437057849765,0.12799883,534.7855070352557,242,292.7855070352557,True
87556,65981,2599.76,retry,0.7343847,1909.2240081167222,8,1901.2240081167222,payment_link,0.80760956,2099.5910247802735,12,2087.5910247802735,0.07322484,190.36701666355134,4,186.36701666355134,True
8377,4972,908.48,retry,0.7790341,707.7368792915345,8,699.7368792915345,payment_link,0.86576766,786.5326017189026,12,774.5326017189026,0.08673358,78.7957224273681,4,74.7957224273681,True
5573,15463,10792.31,retry,0.50233936,5421.402131757736,8,5413.402131757736,human_escalation,0.6523467,7040.327496880888,250,6790.327496880888,0.15000731,1618.925365123152,242,1376.925365123152,True
32017,90760,1240.19,retry,0.70618546,875.8041457498074,8,867.8041457498074,payment_link,0.76451856,948.1482716602087,12,936.1482716602087,0.0583331,72.34412591040132,4,68.34412591040132,True
6313,65798,2966.59,human_escalation,0.86147064,2555.630185044408,250,2305.630185044408,human_escalation,0.86147064,2555.630185044408,250,2305.630185044408,0.0,0.0,0,0.0,False
89356,56848,3360.5,payment_link,0.65720135,2208.5251357853413,12,2196.5251357853413,payment_link,0.65720135,2208.5251357853413,12,2196.5251357853413,0.0,0.0,0,0.0,False
72258,62427,1616.73,payment_link,0.6455036,1043.6050038152932,12,1031.6050038152932,payment_link,0.6455036,1043.6050038152932,12,1031.6050038152932,0.0,0.0,0,0.0,False
83630,62288,398.09,payment_link,0.71269155,283.71537734270095,12,271.71537734270095,payment_link,0.71269155,283.71537734270095,12,271.71537734270095,0.0,0.0,0,0.0,False
27805,33780,910.94,retry,0.41204074,375.3443919247389,8,367.3443919247389,payment_link,0.565808,515.417137862444,12,503.41713786244395,0.15376726,140.07274593770506,4,136.07274593770506,True
55014,50933,940.8,payment_link,0.7144318,672.1374584197998,12,660.1374584197998,payment_link,0.7144318,672.1374584197998,12,660.1374584197998,0.0,0.0,0,0.0,False
2540,3784,978.5,whatsapp,0.84876204,830.5136516094208,18,812.5136516094208,payment_link,0.9157371,896.0487450063229,12,884.0487450063229,0.06697506,65.53509339690208,-6,71.53509339690208,True
96928,834,985.17,retry,0.8879853,874.8164672595262,8,866.8164672595262,payment_link,0.93216515,918.3411367607116,12,906.3411367607116,0.044179857,43.52466950118537,4,39.52466950118537,True
19381,39736,2619.43,whatsapp,0.59356093,1554.7913175225258,18,1536.7913175225258,payment_link,0.6349684,1663.2552760159967,12,1651.2552760159967,0.041407466,108.46395849347095,-6,114.46395849347095,True
74745,67797,935.16,retry,0.87413585,817.456883225441,8,809.456883225441,payment_link,0.9102827,851.2599430346488,12,839.2599430346488,0.03614682,33.803059809207866,4,29.803059809207866,True
17931,74381,1180.43,payment_link,0.594566,701.843528727293,12,689.843528727293,payment_link,0.594566,701.843528727293,12,689.843528727293,0.0,0.0,0,0.0,False
6984,39445,2765.0,whatsapp,0.70752144,1956.2967777252197,18,1938.2967777252197,human_escalation,0.83893913,2319.6666952967644,250,2069.6666952967644,0.13141769,363.36991757154465,232,131.36991757154465,True
75846,11615,1476.71,whatsapp,0.54752594,808.537034291625,18,790.537034291625,payment_link,0.63495135,937.6390125966072,12,925.6390125966072,0.08742541,129.10197830498225,-6,135.10197830498225,True
65795,63534,3024.89,email,0.70448655,2130.994316903949,5,2125.994316903949,human_escalation,0.85909605,2598.671051478386,250,2348.671051478386,0.1546095,467.676734574437,245,222.67673457443698,True
10754,16866,3139.06,email,0.6478495,2033.6384520328045,5,2028.6384520328045,payment_link,0.70054054,2199.038795661926,12,2187.038795661926,0.052691042,165.4003436291216,7,158.4003436291216,True
54325,30490,829.95,payment_link,0.71544284,593.7817819744349,12,581.7817819744349,payment_link,0.71544284,593.7817819744349,12,581.7817819744349,0.0,0.0,0,0.0,False
33119,54958,1404.08,email,0.51297194,720.2536382246017,5,715.2536382246017,whatsapp,0.5691555,799.139874434471,18,781.139874434471,0.056183577,78.88623620986937,13,65.88623620986937,True
42827,9867,3208.19,human_escalation,0.73399425,2354.792998564243,250,2104.792998564243,human_escalation,0.73399425,2354.792998564243,250,2104.792998564243,0.0,0.0,0,0.0,False
63042,79645,1192.36,whatsapp,0.75691205,902.51165507555,18,884.51165507555,payment_link,0.7578924,903.6805465602874,12,891.6805465602874,0.0009803176,1.1688914847374008,-6,7.168891484737401,True
60318,30373,2926.61,payment_link,0.70828694,2072.8796445506814,12,2060.8796445506814,payment_link,0.70828694,2072.8796445506814,12,2060.8796445506814,0.0,0.0,0,0.0,False
71357,32581,1751.55,whatsapp,0.50960964,892.606764319539,18,874.606764319539,payment_link,0.5574185,976.3464178472757,12,964.3464178472757,0.047808886,83.73965352773666,-6,89.73965352773666,True
83082,14253,2185.13,human_escalation,0.9388353,2051.477229034305,250,1801.4772290343049,payment_link,0.9669866,2112.9914217942955,12,2100.9914217942955,0.028151274,61.51419275999069,-238,299.5141927599907,True
67526,25732,4748.82,whatsapp,0.66746247,3169.6591179871557,18,3151.6591179871557,payment_link,0.73459214,3488.4458449494837,12,3476.4458449494837,0.06712967,318.786726962328,-6,324.786726962328,True
98024,87311,784.34,retry,0.47958487,376.15759907126426,8,368.15759907126426,payment_link,0.5616006,440.48583461642266,12,428.48583461642266,0.08201575,64.3282355451584,4,60.32823554515841,True
962,18570,1507.37,retry,0.53903276,812.5218073445558,8,804.5218073445558,payment_link,0.57244205,862.8819800662993,12,850.8819800662993,0.033409297,50.36017272174354,4,46.36017272174354,True
90643,486,830.68,email,0.6780491,563.2418160247803,5,558.2418160247803,whatsapp,0.7829695,650.3970833206176,18,632.3970833206176,0.10492039,87.15526729583735,13,74.15526729583735,True
34267,10005,4098.14,payment_link,0.7588443,3109.8502451956274,12,3097.8502451956274,payment_link,0.7588443,3109.8502451956274,12,3097.8502451956274,0.0,0.0,0,0.0,False
18990,62142,1202.23,human_escalation,0.93870187,1128.535546834469,250,878.535546834469,payment_link,0.91199434,1096.4269530165195,12,1084.4269530165195,-0.02670753,-32.10859381794944,-238,205.89140618205056,True
97819,82919,3105.34,email,0.90774924,2818.8700113713744,5,2813.8700113713744,payment_link,0.94858354,2945.6744203531744,12,2933.6744203531744,0.040834308,126.80440898179995,7,119.80440898179995,True
72054,93709,1017.77,email,0.65228206,663.8731113845109,5,658.8731113845109,payment_link,0.73227227,745.2847455322742,12,733.2847455322742,0.07999021,81.41163414776327,7,74.41163414776327,True
285,61041,2297.65,retry,0.8733572,2006.669117230177,8,1998.669117230177,payment_link,0.9219018,2118.2077215254308,12,2106.2077215254308,0.048544645,111.53860429525366,4,107.53860429525366,True
48453,35713,402.02,email,0.48650926,195.58645411849022,5,190.58645411849022,payment_link,0.65300256,262.52008922696115,12,250.52008922696115,0.1664933,66.93363510847092,7,59.933635108470924,True
58643,67519,2366.44,whatsapp,0.53845483,1274.2210494351386,18,1256.2210494351386,payment_link,0.5838495,1381.6447863793373,12,1369.6447863793373,0.04539466,107.42373694419871,-6,113.42373694419871,True
17295,99688,4838.93,whatsapp,0.47006822,2274.62719401598,18,2256.62719401598,payment_link,0.5382412,2604.5115266901257,12,2592.5115266901257,0.06817299,329.88433267414575,-6,335.88433267414575,True
13056,19936,464.29,email,0.69578975,323.0482250660658,5,318.0482250660658,payment_link,0.7307227,339.2672541719675,12,327.2672541719675,0.03493297,16.21902910590171,7,9.219029105901711,True
1282,36621,2521.86,email,0.4495174,1133.6199480253458,5,1128.6199480253458,payment_link,0.5485199,1383.2904186737537,12,1371.2904186737537,0.09900251,249.6704706484079,7,242.6704706484079,True
25703,77518,1188.75,retry,0.52158475,620.0338706374168,8,612.0338706374168,payment_link,0.56257755,668.7640573829412,12,656.7640573829412,0.040992796,48.730186745524406,4,44.730186745524406,True
51855,51213,569.43,human_escalation,0.8258509,470.26428025782104,250,220.26428025782104,payment_link,0.7172986,408.4513571155071,12,396.4513571155071,-0.10855228,-61.812923142313934,-238,176.18707685768607,True
50437,4798,2666.04,voice_call,0.85795224,2287.334982275963,90,2197.334982275963,payment_link,0.92254066,2459.530313644409,12,2447.530313644409,0.06458843,172.1953313684462,-78,250.1953313684462,True
8095,62959,3775.15,whatsapp,0.90103877,3401.556497114897,18,3383.556497114897,payment_link,0.92136455,3478.2893651604654,12,3466.2893651604654,0.02032578,76.73286804556847,-6,82.73286804556847,True
31994,58947,1362.83,whatsapp,0.8402668,1145.1408354365824,18,1127.1408354365824,payment_link,0.8687136,1183.9089790987969,12,1171.9089790987969,0.028446794,38.76814366221447,-6,44.76814366221447,True
98740,76925,1807.46,whatsapp,0.57622194,1041.4981129169464,18,1023.4981129169464,payment_link,0.6747998,1219.6736463618279,12,1207.6736463618279,0.09857786,178.17553344488147,-6,184.17553344488147,True
71837,82969,1552.01,whatsapp,0.5515326,855.9841511142254,18,837.9841511142254,payment_link,0.5635574,874.6466992640495,12,862.6466992640495,0.01202476,18.662548149824147,-6,24.662548149824147,True
83025,9329,694.09,retry,0.7172803,497.8571030515433,8,489.8571030515433,payment_link,0.73918736,513.0625545704365,12,501.06255457043653,0.021907032,15.205451518893256,4,11.205451518893256,True
39526,10590,2252.15,retry,0.6929572,1560.6436085671187,8,1552.6436085671187,human_escalation,0.833101,1876.2683598548174,250,1626.2683598548174,0.14014375,315.6247512876987,242,73.6247512876987,True
72635,29065,3687.06,payment_link,0.60639566,2235.817188910246,12,2223.817188910246,payment_link,0.60639566,2235.817188910246,12,2223.817188910246,0.0,0.0,0,0.0,False
69288,21561,3077.75,human_escalation,0.82056284,2525.4872792959213,250,2275.4872792959213,payment_link,0.7469227,2298.841253116727,12,2286.841253116727,-0.07364017,-226.64602617919445,-238,11.35397382080555,True
33515,52628,967.48,whatsapp,0.92182153,891.8438983273506,18,873.8438983273506,payment_link,0.95588326,924.7979407787324,12,912.7979407787324,0.03406173,32.954042451381724,-6,38.954042451381724,True
61963,67827,1991.73,human_escalation,0.7240751,1442.1620570254327,250,1192.1620570254327,payment_link,0.6444548,1283.5799134737254,12,1271.5799134737254,-0.0796203,-158.5821435517073,-238,79.4178564482927,True
60182,17337,1400.43,whatsapp,0.7517881,1052.8265805083513,18,1034.8265805083513,payment_link,0.7626326,1068.0135838007927,12,1056.0135838007927,0.010844529,15.187003292441432,-6,21.18700329244143,True
46511,40328,1731.29,whatsapp,0.749224,1297.124031303525,18,1279.124031303525,payment_link,0.7478457,1294.7377980953454,12,1282.7377980953454,-0.0013782978,-2.3862332081796467,-6,3.6137667918203533,True
85307,43370,767.49,payment_link,0.73049825,560.6501051920652,12,548.6501051920652,payment_link,0.73049825,560.6501051920652,12,548.6501051920652,0.0,0.0,0,0.0,False
52802,1935,1715.74,email,0.8245409,1414.6978262507916,5,1409.6978262507916,payment_link,0.9094466,1560.3739045071602,12,1548.3739045071602,0.084905684,145.67607825636856,7,138.67607825636856,True
84264,33860,749.49,retry,0.49072337,367.79225970983504,8,359.79225970983504,payment_link,0.5274516,395.3196807986498,12,383.3196807986498,0.036728203,27.527421088814776,4,23.527421088814776,True
42929,38121,1172.65,voice_call,0.5843146,685.1964977860451,90,595.1964977860451,payment_link,0.6149287,721.0961663007737,12,709.0961663007737,0.030614138,35.899668514728546,-78,113.89966851472855,True
38391,16609,3251.9,payment_link,0.9286845,3019.989037871361,12,3007.989037871361,payment_link,0.9286845,3019.989037871361,12,3007.989037871361,0.0,0.0,0,0.0,False
83670,85184,5901.32,whatsapp,0.7222645,4262.314105997086,18,4244.314105997086,human_escalation,0.84064585,4960.92016577959,250,4710.92016577959,0.11838132,698.6060597825044,232,466.6060597825044,True
47388,67624,1166.34,whatsapp,0.49964097,582.7512506085634,18,564.7512506085634,payment_link,0.53054935,618.8009258472919,12,606.8009258472919,0.030908376,36.04967523872847,-6,42.04967523872847,True
24700,76817,809.13,whatsapp,0.6521881,527.704975374341,18,509.70497537434096,payment_link,0.7140589,577.7664583683014,12,565.7664583683014,0.061870754,50.06148299396045,-6,56.06148299396045,True
55349,57082,2846.48,email,0.37693378,1072.934475467205,5,1067.934475467205,payment_link,0.5178835,1474.1449669981002,12,1462.1449669981002,0.1409497,401.2104915308953,7,394.2104915308953,True
12833,17359,1420.26,payment_link,0.75424725,1071.227196689844,12,1059.227196689844,payment_link,0.75424725,1071.227196689844,12,1059.227196689844,0.0,0.0,0,0.0,False
38589,54432,6195.62,whatsapp,0.69183755,4286.362556633949,18,4268.362556633949,human_escalation,0.75243723,4661.815175249577,250,4411.815175249577,0.060599685,375.4526186156281,232,143.45261861562813,True
86057,97497,550.34,retry,0.6628854,364.8123661565781,8,356.8123661565781,payment_link,0.7450031,410.00500837087634,12,398.00500837087634,0.08211768,45.192642214298246,4,41.192642214298246,True
58479,35553,5251.61,human_escalation,0.78448755,4119.82263877213,250,3869.8226387721297,human_escalation,0.78448755,4119.82263877213,250,3869.8226387721297,0.0,0.0,0,0.0,False
59425,56689,2123.85,voice_call,0.8595806,1825.6202072292565,90,1735.6202072292565,payment_link,0.95615435,2030.728408741951,12,2018.728408741951,0.09657377,205.10820151269445,-78,283.10820151269445,True
6269,98586,429.9,payment_link,0.946191,406.76751642823217,12,394.76751642823217,payment_link,0.946191,406.76751642823217,12,394.76751642823217,0.0,0.0,0,0.0,False
50712,8233,1562.73,email,0.61778295,965.4279500806332,5,960.4279500806332,payment_link,0.743469,1161.8413101553917,12,1149.8413101553917,0.12568605,196.41336007475854,7,189.41336007475854,True
39874,86622,1184.81,human_escalation,0.58560467,693.8302662944793,250,443.8302662944793,payment_link,0.5782795,685.151328754425,12,673.151328754425,-0.0073251724,-8.678937540054335,-238,229.32106245994567,True
91162,46606,5345.71,whatsapp,0.71617377,3828.457273567915,18,3810.457273567915,human_escalation,0.8244278,4407.1518464761975,250,4157.1518464761975,0.108254015,578.6945729082827,232,346.6945729082827,True
79888,77549,1161.09,retry,0.48277426,560.5443628263473,8,552.5443628263473,payment_link,0.5078782,589.6922810304164,12,577.6922810304164,0.025103927,29.14791820406913,4,25.14791820406913,True
56808,11303,678.28,payment_link,0.6167757,418.34661603689193,12,406.34661603689193,payment_link,0.6167757,418.34661603689193,12,406.34661603689193,0.0,0.0,0,0.0,False
43262,7734,6983.98,whatsapp,0.7595294,5304.538221372366,18,5286.538221372366,human_escalation,0.8436661,5892.147006072998,250,5642.147006072998,0.084136665,587.608784700632,232,355.608784700632,True
35498,78138,1254.15,human_escalation,0.7765956,973.9673623323441,250,723.9673623323441,payment_link,0.6997618,877.6062714010478,12,865.6062714010478,-0.076833785,-96.3610909312963,-238,141.6389090687037,True
48339,30428,795.91,payment_link,0.60185117,479.01936096966267,12,467.01936096966267,payment_link,0.60185117,479.01936096966267,12,467.01936096966267,0.0,0.0,0,0.0,False
93283,78384,1206.11,human_escalation,0.81381446,981.5497598356008,250,731.5497598356008,payment_link,0.7406793,893.3407390755415,12,881.3407390755415,-0.07313514,-88.20902076005927,-238,149.79097923994073,True
81806,36069,785.28,whatsapp,0.6140054,482.16615016937254,18,464.16615016937254,retry,0.6296263,494.43292053222655,8,486.43292053222655,0.015620887,12.266770362854004,-10,22.266770362854004,True
31057,48718,1737.11,email,0.5843582,1015.0944994354247,5,1010.0944994354247,payment_link,0.6990086,1214.2548013913631,12,1202.2548013913631,0.11465037,199.1603019559384,7,192.1603019559384,True
60157,36515,3422.8,email,0.6766956,2316.193649196625,5,2311.193649196625,whatsapp,0.72755563,2490.2774192333222,18,2472.2774192333222,0.050860047,174.0837700366974,13,161.0837700366974,True
29263,38024,2707.41,retry,0.7481941,2025.6681841456889,8,2017.6681841456889,human_escalation,0.903894,2447.2116740494967,250,2197.2116740494967,0.15569991,421.54348990380777,242,179.54348990380777,True
72647,56162,3009.08,whatsapp,0.48874477,1470.6720990312099,18,1452.6720990312099,payment_link,0.58153015,1749.8707550501822,12,1737.8707550501822,0.09278539,279.1986560189723,-6,285.1986560189723,True
74015,67051,10694.55,whatsapp,0.6110001,6534.371340188383,18,6516.371340188383,human_escalation,0.67430234,7211.360085475444,250,6961.360085475444,0.06330222,676.9887452870607,232,444.98874528706074,True
94203,36340,2831.29,retry,0.7320757,2072.718583803177,8,2064.718583803177,payment_link,0.79631805,2254.607343673706,12,2242.607343673706,0.06424236,181.88875987052916,4,177.88875987052916,True
61740,28122,1311.76,retry,0.7277122,954.5837738275528,8,946.5837738275528,payment_link,0.80925244,1061.5449819135665,12,1049.5449819135665,0.08154023,106.9612080860137,4,102.9612080860137,True
96934,78774,1435.25,whatsapp,0.8076449,1159.1723479777575,18,1141.1723479777575,payment_link,0.8498224,1219.7076024711132,12,1207.7076024711132,0.0421775,60.53525449335575,-6,66.53525449335575,True
60509,97355,4872.34,voice_call,0.6331679,3085.0093954980375,90,2995.0093954980375,human_escalation,0.78394896,3819.6658656322957,250,3569.6658656322957,0.15078104,734.6564701342581,160,574.6564701342581,True
57826,68872,794.55,payment_link,0.7556057,600.3665070533752,12,588.3665070533752,payment_link,0.7556057,600.3665070533752,12,588.3665070533752,0.0,0.0,0,0.0,False
98531,28207,2083.59,payment_link,0.70185614,1462.380427079201,12,1450.380427079201,payment_link,0.70185614,1462.380427079201,12,1450.380427079201,0.0,0.0,0,0.0,False
58540,17810,598.0,payment_link,0.7490413,447.9267086982727,12,435.9267086982727,payment_link,0.7490413,447.9267086982727,12,435.9267086982727,0.0,0.0,0,0.0,False
57454,4978,2419.07,email,0.445945,1078.7721582999827,5,1073.7721582999827,human_escalation,0.6867692,1661.3427382856607,250,1411.3427382856607,0.2408242,582.570579985678,245,337.570579985678,True
6751,55284,3791.21,email,0.8525625,3232.2434268146753,5,3227.2434268146753,payment_link,0.8988669,3407.7931490921974,12,3395.7931490921974,0.046304405,175.54972227752205,7,168.54972227752205,True
18023,96190,1544.6,whatsapp,0.71554,1105.2230714201926,18,1087.2230714201926,payment_link,0.7920164,1223.348511338234,12,1211.348511338234,0.076476395,118.12543991804137,-6,124.12543991804137,True
56017,35118,714.4,whatsapp,0.6058609,432.82701907157895,18,414.82701907157895,payment_link,0.60369927,431.28275628089904,12,419.28275628089904,-0.002161622,-1.544262790679909,-6,4.455737209320091,True
19857,27197,729.73,email,0.56638956,413.31145412921904,5,408.31145412921904,payment_link,0.6800215,496.23210702180864,12,484.23210702180864,0.113631964,82.9206528925896,7,75.9206528925896,True
90491,42159,653.09,whatsapp,0.89271164,583.0210445785523,18,565.0210445785523,payment_link,0.9131254,596.3530647265911,12,584.3530647265911,0.020413756,13.33202014803885,-6,19.33202014803885,True
17738,65556,1269.47,whatsapp,0.68101245,864.5248769944907,18,846.5248769944907,payment_link,0.71826684,911.8182114040852,12,899.8182114040852,0.037254393,47.293334409594536,-6,53.293334409594536,True
25306,86432,1855.65,retry,0.858492,1593.0607109606267,8,1585.0607109606267,payment_link,0.9137106,1695.5270640850067,12,1683.5270640850067,0.055218577,102.46635312438002,4,98.46635312438002,True
5456,48310,1628.75,retry,0.72760546,1185.0873963534832,8,1177.0873963534832,payment_link,0.82222384,1339.1970828920603,12,1327.1970828920603,0.09461838,154.10968653857708,4,150.10968653857708,True
52301,9195,1008.77,email,0.8209936,828.1937161678076,5,823.1937161678076,payment_link,0.8778476,885.5463354605436,12,873.5463354605436,0.05685401,57.352619292735994,7,50.352619292735994,True
61668,4896,2470.17,retry,0.6458058,1595.2500539964437,8,1587.2500539964437,payment_link,0.7114998,1757.5254862082006,12,1745.5254862082006,0.065694034,162.27543221175688,4,158.27543221175688,True
3812,56421,5558.73,email,0.8171907,4542.542497220635,5,4537.542497220635,human_escalation,0.92535025,5143.7721885877845,250,4893.7721885877845,0.10815954,601.2296913671498,245,356.2296913671498,True
36087,26585,610.13,payment_link,0.73091,445.95012024343015,12,433.95012024343015,payment_link,0.73091,445.95012024343015,12,433.95012024343015,0.0,0.0,0,0.0,False
87172,90521,1314.67,email,0.5066323,666.0543226957321,5,661.0543226957321,payment_link,0.63138247,830.0595857381821,12,818.0595857381821,0.12475014,164.00526304245,7,157.00526304245,True
1648,15080,2925.5,payment_link,0.66659087,1950.1115885078907,12,1938.1115885078907,human_escalation,0.7635087,2233.644635975361,250,1983.6446359753609,0.09691781,283.53304746747017,238,45.53304746747017,True
5295,91655,2093.88,human_escalation,0.6198485,1297.8883557415008,250,1047.8883557415008,payment_link,0.57741475,1209.0371989345551,12,1197.0371989345551,-0.04243374,-88.85115680694571,-238,149.1488431930543,True
76128,62639,1297.06,whatsapp,0.784497,1017.5397081708908,18,999.5397081708908,payment_link,0.8148018,1056.8468384957314,12,1044.8468384957314,0.03030479,39.307130324840614,-6,45.307130324840614,True
7127,89378,1075.99,email,0.6931851,745.860226085186,5,740.860226085186,payment_link,0.773319,832.0835172295571,12,820.0835172295571,0.080133915,86.22329114437105,7,79.22329114437105,True
80974,75159,1252.3,retry,0.5217063,653.3327783167362,8,645.3327783167362,payment_link,0.5747964,719.8175049364567,12,707.8175049364567,0.053090096,66.4847266197205,4,62.484726619720504,True
99517,47508,1081.64,email,0.6839601,739.7985810899735,5,734.7985810899735,payment_link,0.76606727,828.6089980983735,12,816.6089980983735,0.08210719,88.81041700840001,7,81.81041700840001,True
37919,12276,894.74,payment_link,0.7863121,703.5448912811279,12,691.5448912811279,payment_link,0.7863121,703.5448912811279,12,691.5448912811279,0.0,0.0,0,0.0,False
63956,63193,2109.9,payment_link,0.74837184,1578.9897442102433,12,1566.9897442102433,whatsapp,0.75581276,1594.689351117611,18,1576.689351117611,0.0074409246,15.699606907367752,6,9.699606907367752,True
9391,68249,854.98,human_escalation,0.59880394,511.96539042830466,250,261.96539042830466,payment_link,0.6101868,521.6975233125687,12,509.6975233125687,0.011382878,9.732132884264047,-238,247.73213288426405,True
47040,58274,1039.77,voice_call,0.49619958,515.9334352657199,90,425.93343526571994,payment_link,0.6065604,630.6833165377378,12,618.6833165377378,0.11036083,114.74988127201789,-78,192.7498812720179,True
27586,70040,1100.53,payment_link,0.8630375,949.7986891573668,12,937.7986891573668,payment_link,0.8630375,949.7986891573668,12,937.7986891573668,0.0,0.0,0,0.0,False
15374,50194,1780.03,payment_link,0.6475298,1152.6224358326197,12,1140.6224358326197,payment_link,0.6475298,1152.6224358326197,12,1140.6224358326197,0.0,0.0,0,0.0,False
25819,10136,2441.83,voice_call,0.67818075,1656.0021109908819,90,1566.0021109908819,human_escalation,0.86555743,2113.544104607105,250,1863.544104607105,0.18737668,457.5419936162232,160,297.5419936162232,True
77021,38420,3071.39,voice_call,0.75085413,2306.165880345106,90,2216.165880345106,payment_link,0.8386503,2575.822102524638,12,2563.822102524638,0.08779615,269.65622217953205,-78,347.65622217953205,True
4277,68487,1731.89,voice_call,0.38277718,662.9279776272178,90,572.9279776272178,payment_link,0.53192323,921.2325305336715,12,909.2325305336715,0.14914605,258.30455290645364,-78,336.30455290645364,True
77044,46613,1430.06,email,0.72476214,1036.453348366022,5,1031.453348366022,payment_link,0.77385294,1106.6561416316033,12,1094.6561416316033,0.049090803,70.20279326558125,7,63.20279326558125,True
17613,46486,2022.86,retry,0.5490902,1110.7326153695583,8,1102.7326153695583,payment_link,0.64249605,1299.6795584976674,12,1287.6795584976674,0.09340584,188.94694312810907,4,184.94694312810907,True
75018,53266,3002.79,email,0.85245603,2559.7464520221947,5,2554.7464520221947,payment_link,0.92670214,2782.6919242608546,12,2770.6919242608546,0.07424611,222.94547223865993,7,215.94547223865993,True
84467,92950,1540.91,whatsapp,0.7507995,1156.9144222587347,18,1138.9144222587347,payment_link,0.76182234,1173.8996663558485,12,1161.8996663558485,0.011022866,16.985244097113764,-6,22.985244097113764,True
10707,78541,1108.41,retry,0.8863527,982.4422160214186,8,974.4422160214186,payment_link,0.9275741,1028.1324060863258,12,1016.1324060863258,0.04122138,45.69019006490714,4,41.69019006490714,True
60718,61191,3281.9,voice_call,0.6764781,2220.1334366858005,90,2130.1334366858005,payment_link,0.7806052,2561.8681958794596,12,2549.8681958794596,0.10412711,341.7347591936591,-78,419.7347591936591,True
84174,32048,3150.55,retry,0.63821894,2010.7406792253257,8,2002.7406792253257,human_escalation,0.77916956,2454.8126556158068,250,2204.8126556158068,0.14095062,444.07197639048104,242,202.07197639048104,True
47267,53596,2219.97,whatsapp,0.84758526,1881.6138515692949,18,1863.6138515692949,payment_link,0.9102553,2020.7394870221613,12,2008.7394870221613,0.06267005,139.1256354528664,-6,145.1256354528664,True
93176,4205,1177.95,payment_link,0.67926085,800.1353182017804,12,788.1353182017804,whatsapp,0.6855427,807.5350266158581,18,789.5350266158581,0.0062818527,7.399708414077736,6,1.399708414077736,True
17441,94031,1839.32,email,0.6105034,1122.9110686802865,5,1117.9110686802865,payment_link,0.69598913,1280.1467301368714,12,1268.1467301368714,0.08548576,157.23566145658492,7,150.23566145658492,True
65914,2661,2471.27,retry,0.70582104,1744.2743548297883,8,1736.2743548297883,payment_link,0.8254892,2040.0067521315814,12,2028.0067521315814,0.119668186,295.73239730179307,4,291.73239730179307,True
99458,57829,1459.24,voice_call,0.54333687,792.8588916778565,90,702.8588916778565,payment_link,0.6180832,901.9316981196404,12,889.9316981196404,0.07474631,109.07280644178388,-78,187.07280644178388,True
46252,23352,3014.7,email,0.41935298,1264.2234241873025,5,1259.2234241873025,payment_link,0.51082534,1539.985140377283,12,1527.985140377283,0.09147236,275.76171618998046,7,268.76171618998046,True
78355,97001,3781.55,payment_link,0.749262,2833.3716226518154,12,2821.3716226518154,payment_link,0.749262,2833.3716226518154,12,2821.3716226518154,0.0,0.0,0,0.0,False
79959,43730,970.12,payment_link,0.5379634,521.8890442466736,12,509.8890442466736,payment_link,0.5379634,521.8890442466736,12,509.8890442466736,0.0,0.0,0,0.0,False
4146,31732,2312.14,retry,0.40482387,936.0094615489244,8,928.0094615489244,payment_link,0.4382071,1013.1961408436298,12,1001.1961408436298,0.03338322,77.18667929470541,4,73.18667929470541,True
87206,57036,5134.23,email,0.4760411,2444.104539825618,5,2439.104539825618,payment_link,0.6101296,3132.5456695246694,12,3120.5456695246694,0.13408849,688.4411296990515,7,681.4411296990515,True
88062,13803,413.9,whatsapp,0.29257542,121.09696590304374,18,103.09696590304374,payment_link,0.35121238,145.36680504083634,12,133.36680504083634,0.058636963,24.2698391377926,-6,30.2698391377926,True
47831,6819,2608.81,payment_link,0.9457897,2467.385613654852,12,2455.385613654852,payment_link,0.9457897,2467.385613654852,12,2455.385613654852,0.0,0.0,0,0.0,False
29096,28697,5185.52,retry,0.73572457,3815.114463758469,8,3807.114463758469,human_escalation,0.89610314,4646.760773677826,250,4396.760773677826,0.16037858,831.6463099193575,242,589.6463099193575,True
92928,46342,6635.65,retry,0.5249943,3483.6785178154705,8,3475.6785178154705,payment_link,0.59829366,3970.067338722944,12,3958.067338722944,0.07329935,486.3888209074735,4,482.3888209074735,True
67374,43593,791.59,retry,0.7635192,604.3941853004694,8,596.3941853004694,payment_link,0.838555,663.791735328436,12,651.791735328436,0.07503575,59.39755002796653,4,55.39755002796653,True
21491,96614,1339.24,human_escalation,0.866643,1160.6429868149758,250,910.6429868149758,payment_link,0.74657637,999.8449361634255,12,987.8449361634255,-0.12006664,-160.79805065155028,-238,77.20194934844972,True
72606,51948,1148.93,retry,0.64205897,737.6808107292652,8,729.6808107292652,payment_link,0.6840715,785.9502469271422,12,773.9502469271422,0.042012513,48.269436197876985,4,44.269436197876985,True
50888,2484,627.29,retry,0.6849714,429.6757045847177,8,421.6757045847177,payment_link,0.75648654,474.53643858551976,12,462.53643858551976,0.07151514,44.86073400080204,4,40.86073400080204,True
24860,43883,6521.98,voice_call,0.6141767,4005.6480924189086,90,3915.6480924189086,payment_link,0.9281066,6053.09272224307,12,6041.09272224307,0.31392992,2047.4446298241614,-78,2125.4446298241614,True
45794,39204,8759.51,email,0.8108384,7102.547084725499,5,7097.547084725499,human_escalation,0.92845327,8132.795673496127,250,7882.795673496127,0.117614865,1030.248588770628,245,785.248588770628,True
60974,50186,1324.41,voice_call,0.8393,1111.577282307744,90,1021.5772823077441,payment_link,0.9414008,1246.8006679326297,12,1234.8006679326297,0.10210085,135.22338562488562,-78,213.22338562488562,True
3916,97621,1146.5,whatsapp,0.47008193,538.948927462101,18,520.948927462101,payment_link,0.52441245,601.2388775646687,12,589.2388775646687,0.054330528,62.28995010256767,-6,68.28995010256767,True
67690,92191,2089.31,retry,0.5764554,1204.394061641097,8,1196.394061641097,payment_link,0.6151238,1285.184324094653,12,1273.184324094653,0.038668394,80.7902624535559,4,76.7902624535559,True
85910,16226,3314.06,retry,0.5236634,1735.4519327187538,8,1727.4519327187538,payment_link,0.5842889,1936.3684557950496,12,1924.3684557950496,0.060625494,200.9165230762958,4,196.9165230762958,True
71877,83161,3682.34,whatsapp,0.6783893,2498.060094866753,18,2480.060094866753,payment_link,0.72578055,2672.570738207102,12,2660.570738207102,0.047391236,174.5106433403489,-6,180.5106433403489,True
3945,52752,1122.38,payment_link,0.7316417,821.180022250414,12,809.180022250414,payment_link,0.7316417,821.180022250414,12,809.180022250414,0.0,0.0,0,0.0,False
44751,10400,16130.94,retry,0.6963049,11232.052843244077,8,11224.052843244077,human_escalation,0.765502,12348.266444950104,250,12098.266444950104,0.06919706,1116.2136017060275,242,874.2136017060275,True
13171,44623,980.62,payment_link,0.606167,594.4195015966892,12,582.4195015966892,payment_link,0.606167,594.4195015966892,12,582.4195015966892,0.0,0.0,0,0.0,False
15586,22121,8138.05,retry,0.91170007,7419.460753884911,8,7411.460753884911,payment_link,0.95048845,7735.122515410185,12,7723.122515410185,0.03878838,315.6617615252735,4,311.6617615252735,True
84209,1159,1842.41,payment_link,0.92200077,1698.7034309184553,12,1686.7034309184553,payment_link,0.92200077,1698.7034309184553,12,1686.7034309184553,0.0,0.0,0,0.0,False
21052,25989,6343.8,retry,0.7952189,5044.7095623135565,8,5036.7095623135565,payment_link,0.86566705,5491.618600809575,12,5479.618600809575,0.07044816,446.9090384960182,4,442.9090384960182,True
52707,79942,3343.46,whatsapp,0.5536191,1851.0032717597485,18,1833.0032717597485,payment_link,0.6628326,2216.1543441748618,12,2204.1543441748618,0.10921353,365.1510724151133,-6,371.1510724151133,True
25544,98150,906.32,email,0.6403227,580.3372560882568,5,575.3372560882568,payment_link,0.6839981,619.9211651611329,12,607.9211651611329,0.043675423,39.583909072876054,7,32.583909072876054,True
21701,67207,10559.91,email,0.46814147,4943.531752232015,5,4938.531752232015,human_escalation,0.7262249,7668.869576282501,250,7418.869576282501,0.25808343,2725.3378240504862,245,2480.3378240504862,True
84551,62297,3146.86,retry,0.66187775,2082.836620614529,8,2074.836620614529,human_escalation,0.8059496,2536.210647479296,250,2286.210647479296,0.14407188,453.3740268647671,242,211.37402686476707,True
7830,54292,6709.59,payment_link,0.7354267,4934.411792795062,12,4922.411792795062,human_escalation,0.831215,5577.112012842894,250,5327.112012842894,0.0957883,642.7002200478319,238,404.70022004783186,True
91923,91776,1393.78,human_escalation,0.8238229,1148.2279032409192,250,898.2279032409192,payment_link,0.73868185,1029.5599928200245,12,1017.5599928200245,-0.08514106,-118.66791042089471,-238,119.33208957910529,True
39215,22120,1769.22,human_escalation,0.945207,1672.2791281485559,250,1422.2791281485559,payment_link,0.9364098,1656.7148958313464,12,1644.7148958313464,-0.008797228,-15.564232317209417,-238,222.43576768279058,True
862,90830,1128.23,whatsapp,0.4334586,489.04099229305984,18,471.04099229305984,payment_link,0.5344052,602.9319470602275,12,590.9319470602275,0.100946575,113.89095476716761,-6,119.89095476716761,True
38198,44413,4495.57,whatsapp,0.6078768,2732.752605295181,18,2714.752605295181,human_escalation,0.7423092,3337.103027268648,250,3087.103027268648,0.13443244,604.3504219734668,232,372.35042197346684,True
50217,5645,1522.73,email,0.5999274,913.5274884557724,5,908.5274884557724,payment_link,0.69076467,1051.8480792546272,12,1039.8480792546272,0.09083724,138.32059079885482,7,131.32059079885482,True
87250,92162,1242.64,whatsapp,0.8848644,1099.5678854608536,18,1081.5678854608536,payment_link,0.9079311,1128.2314889335632,12,1116.2314889335632,0.0230667,28.66360347270961,-6,34.66360347270961,True
42408,80875,1019.3,retry,0.9310925,949.0625859498978,8,941.0625859498978,payment_link,0.96641934,985.0712324261665,12,973.0712324261665,0.03532684,36.00864647626872,4,32.00864647626872,True
37009,8358,4751.78,whatsapp,0.9144278,4345.159811636209,18,4327.159811636209,payment_link,0.92901605,4414.479903539419,12,4402.479903539419,0.014588237,69.32009190320969,-6,75.32009190320969,True
18096,44944,2072.92,whatsapp,0.5034544,1043.6206682896614,18,1025.6206682896614,human_escalation,0.68672615,1423.528376863003,250,1173.528376863003,0.18327177,379.90770857334155,232,147.90770857334155,True
2165,96874,3208.89,whatsapp,0.5587552,1792.984034641385,18,1774.984034641385,payment_link,0.6524972,2093.7916514003277,12,2081.7916514003277,0.09374195,300.8076167589427,-6,306.8076167589427,True
71367,8167,1571.0,retry,0.45827663,719.952584862709,8,711.952584862709,payment_link,0.50538504,793.9598997831345,12,781.9598997831345,0.04710841,74.00731492042542,4,70.00731492042542,True
76914,69071,2902.14,retry,0.6469301,1877.4817161583899,8,1869.4817161583899,payment_link,0.7283342,2113.7277817010877,12,2101.7277817010877,0.08140409,236.2460655426978,4,232.2460655426978,True
29012,26372,5847.25,payment_link,0.6195886,3622.8895203471184,12,3610.8895203471184,payment_link,0.6195886,3622.8895203471184,12,3610.8895203471184,0.0,0.0,0,0.0,False
55780,87944,1613.22,voice_call,0.7488224,1208.0152576625346,90,1118.0152576625346,payment_link,0.87257785,1407.6600328052043,12,1395.6600328052043,0.123755455,199.6447751426697,-78,277.6447751426697,True
39724,10044,1584.64,email,0.7138116,1131.1343763732912,5,1126.1343763732912,payment_link,0.76164114,1206.9270236206055,12,1194.9270236206055,0.04782957,75.79264724731433,7,68.79264724731433,True
15881,5069,536.87,retry,0.62368435,334.8374151998758,8,326.8374151998758,payment_link,0.7008722,376.27724880456924,12,364.27724880456924,0.077187836,41.43983360469343,4,37.43983360469343,True
36062,88348,4544.45,retry,0.70421743,3200.280917620659,8,3192.280917620659,payment_link,0.77172685,3507.0740684628486,12,3495.0740684628486,0.06750941,306.7931508421898,4,302.7931508421898,True
62447,45681,4373.09,payment_link,0.6773349,2962.0464982664585,12,2950.0464982664585,human_escalation,0.7432847,3250.450898785591,250,3000.450898785591,0.0659498,288.40440051913265,238,50.40440051913265,True
77031,89102,798.63,retry,0.6917099,552.4202583181858,8,544.4202583181858,payment_link,0.77795875,621.301197091341,12,609.301197091341,0.086248875,68.88093877315521,4,64.88093877315521,True
92931,16725,5820.93,email,0.8290275,4825.710893803239,5,4820.710893803239,human_escalation,0.92505443,5384.677088817359,250,5134.677088817359,0.09602696,558.9661950141199,245,313.9661950141199,True
7010,85255,4168.18,voice_call,0.7066386,2945.396773877144,90,2855.396773877144,payment_link,0.80913454,3372.6184192001824,12,3360.6184192001824,0.10249597,427.2216453230385,-78,505.2216453230385,True
35386,47442,3573.02,retry,0.6458013,2307.4609815454482,8,2299.4609815454482,payment_link,0.71919733,2569.7064542520047,12,2557.7064542520047,0.07339603,262.2454727065565,4,258.2454727065565,True
79959,43730,970.12,email,0.51310796,497.77628974676134,5,492.77628974676134,payment_link,0.5379634,521.8890442466736,12,509.8890442466736,0.024855435,24.112754499912285,7,17.112754499912285,True
84200,19914,408.12,retry,0.53129303,216.83131326198577,8,208.83131326198577,payment_link,0.59265184,241.87307058334352,12,229.87307058334352,0.06135881,25.04175732135775,4,21.04175732135775,True
10549,87360,1165.63,payment_link,0.6485921,756.0184263646603,12,744.0184263646603,payment_link,0.6485921,756.0184263646603,12,744.0184263646603,0.0,0.0,0,0.0,False
80664,74508,2750.41,retry,0.7223503,1986.7594868582487,8,1978.7594868582487,payment_link,0.78054625,2146.8222058492897,12,2134.8222058492897,0.05819595,160.06271899104104,4,156.06271899104104,True
77141,15972,894.14,whatsapp,0.5170262,462.2937939405441,18,444.2937939405441,payment_link,0.5291043,473.09331200003624,12,461.09331200003624,0.012078106,10.79951805949213,-6,16.79951805949213,True
45820,68049,1077.23,whatsapp,0.38457406,414.27470999121664,18,396.27470999121664,payment_link,0.5139981,553.6941638058424,12,541.6941638058424,0.12942404,139.4194538146258,-6,145.4194538146258,True
37919,12276,894.74,payment_link,0.7863121,703.5448912811279,12,691.5448912811279,payment_link,0.7863121,703.5448912811279,12,691.5448912811279,0.0,0.0,0,0.0,False
8360,45506,1024.03,payment_link,0.6819036,698.2897442173958,12,686.2897442173958,payment_link,0.6819036,698.2897442173958,12,686.2897442173958,0.0,0.0,0,0.0,False
48265,8268,742.47,payment_link,0.8560626,635.6007919961214,12,623.6007919961214,payment_link,0.8560626,635.6007919961214,12,623.6007919961214,0.0,0.0,0,0.0,False
10219,38,3240.13,retry,0.7238757,2345.451376466155,8,2337.451376466155,payment_link,0.76849264,2490.016054612994,12,2478.016054612994,0.044616938,144.56467814683901,4,140.56467814683901,True
43718,44399,1236.4,human_escalation,0.66297257,819.6992848873139,250,569.6992848873139,whatsapp,0.7080043,875.3765113592149,18,857.3765113592149,0.045031726,55.67722647190101,-232,287.677226471901,True
24576,67726,4484.67,retry,0.4441869,1992.0316472688319,8,1984.0316472688319,human_escalation,0.607613,2724.9439142256974,250,2474.9439142256974,0.16342613,732.9122669568656,242,490.91226695686555,True
822,28774,807.95,retry,0.66689366,538.8167334228755,8,530.8167334228755,payment_link,0.7308208,590.4666451871395,12,578.4666451871395,0.063927114,51.64991176426406,4,47.64991176426406,True
96085,773,569.47,voice_call,0.5655809,322.08135767638686,90,232.08135767638686,payment_link,0.68347466,389.21831458449367,12,377.21831458449367,0.117893755,67.13695690810681,-78,145.1369569081068,True
81991,14058,2527.01,retry,0.868517,2194.75109767735,8,2186.75109767735,payment_link,0.93291175,2357.4773306024076,12,2345.4773306024076,0.06439477,162.7262329250575,4,158.7262329250575,True
38196,77774,2134.98,retry,0.86650795,1849.9771376359463,8,1841.9771376359463,payment_link,0.9228543,1970.275482623577,12,1958.275482623577,0.056346357,120.2983449876308,4,116.2983449876308,True
75968,72788,3151.76,retry,0.6666637,2101.1640029764176,8,2093.1640029764176,payment_link,0.7327017,2309.2999692678454,12,2297.2999692678454,0.06603801,208.13596629142785,4,204.13596629142785,True
19398,83285,2397.96,voice_call,0.3870637,928.1632985436917,90,838.1632985436917,payment_link,0.544316,1305.2479804587365,12,1293.2479804587365,0.15725228,377.0846819150448,-78,455.0846819150448,True
15587,61926,1196.06,retry,0.5095032,609.3963803470134,8,601.3963803470134,payment_link,0.5661365,677.1331975245475,12,665.1331975245475,0.056633294,67.73681717753414,4,63.736817177534135,True
11097,57877,1467.97,retry,0.76928306,1129.2844480967522,8,1121.2844480967522,payment_link,0.8325729,1222.1920068472623,12,1210.1920068472623,0.06328982,92.90755875051013,4,88.90755875051013,True
27014,83980,886.22,voice_call,0.6389484,566.2488341629505,90,476.2488341629505,payment_link,0.7481212,662.9999716293812,12,650.9999716293812,0.10917282,96.75113746643069,-78,174.7511374664307,True
91183,77306,4172.83,retry,0.80765563,3370.2096529477835,8,3362.2096529477835,payment_link,0.8979836,3747.1329499453304,12,3735.1329499453304,0.09032798,376.9232969975469,4,372.9232969975469,True
34843,43116,885.85,retry,0.6032963,534.4300095558167,8,526.4300095558167,payment_link,0.6708979,594.3149056524038,12,582.3149056524038,0.06760162,59.88489609658711,4,55.88489609658711,True
2955,791,12893.12,voice_call,0.35107228,4526.4170553302765,90,4436.4170553302765,payment_link,0.61944765,7986.612866153718,12,7974.612866153718,0.26837537,3460.195810823441,-78,3538.195810823441,True
23153,52340,1088.81,whatsapp,0.575997,627.1512880957126,18,609.1512880957126,payment_link,0.6078169,661.7970916479826,12,649.7970916479826,0.03181988,34.64580355226997,-6,40.64580355226997,True
41957,53192,628.93,retry,0.6532897,410.8734757459163,8,402.8734757459163,payment_link,0.73171246,460.1959177935123,12,448.1959177935123,0.078422785,49.322442047595985,4,45.322442047595985,True
18178,29454,972.45,payment_link,0.5320872,517.4282042920589,12,505.4282042920589,payment_link,0.5320872,517.4282042920589,12,505.4282042920589,0.0,0.0,0,0.0,False
36622,35635,2468.92,voice_call,0.67884547,1676.0151459002495,90,1586.0151459002495,human_escalation,0.8934211,2205.785255520344,250,1955.785255520344,0.21457565,529.7701096200944,160,369.77010962009444,True
87796,13703,1882.42,email,0.741671,1396.1363722980022,5,1391.1363722980022,payment_link,0.78453857,1476.8310894167423,12,1464.8310894167423,0.04286754,80.69471711874007,7,73.69471711874007,True
39492,15145,617.75,email,0.82356125,508.7549629062414,5,503.7549629062414,payment_link,0.90439194,558.6881236582994,12,546.6881236582994,0.08083069,49.93316075205803,7,42.93316075205803,True
72536,68440,2218.36,human_escalation,0.9119898,2023.1217106580737,250,1773.1217106580737,payment_link,0.8649109,1918.6837454390527,12,1906.6837454390527,-0.047078907,-104.43796521902095,-238,133.56203478097905,True
47127,21397,612.15,whatsapp,0.87784815,537.3747440099716,18,519.3747440099716,payment_link,0.92675245,567.311511093378,12,555.311511093378,0.0489043,29.936767083406494,-6,35.936767083406494,True
74684,61881,828.79,whatsapp,0.75308037,624.1454782295227,18,606.1454782295227,payment_link,0.79458284,658.5423150968552,12,646.5423150968552,0.041502476,34.39683686733247,-6,40.39683686733247,True
77957,62862,9183.55,retry,0.77101076,7080.615832787752,8,7072.615832787752,human_escalation,0.9107011,8363.469050702452,250,8113.469050702452,0.13969034,1282.8532179146996,242,1040.8532179146996,True
43403,67413,2952.2,whatsapp,0.8807657,2600.196430158615,18,2582.196430158615,payment_link,0.9157849,2703.5801682591436,12,2691.5801682591436,0.03501922,103.38373810052872,-6,109.38373810052872,True
18224,49711,795.06,email,0.51073676,406.0663711702823,5,401.0663711702823,payment_link,0.62364453,495.8348206365108,12,483.8348206365108,0.11290777,89.7684494662285,7,82.7684494662285,True
71544,52985,2659.72,retry,0.856203,2277.2602953410146,8,2269.2602953410146,payment_link,0.92177534,2451.664310054779,12,2439.664310054779,0.06557232,174.40401471376435,4,170.40401471376435,True
59712,3708,3943.92,whatsapp,0.503275,1984.8762481069566,18,1966.8762481069566,payment_link,0.5808569,2290.8532211208344,12,2278.8532211208344,0.07758194,305.9769730138778,-6,311.9769730138778,True
50603,72075,841.8,payment_link,0.57537794,484.353150844574,12,472.353150844574,payment_link,0.57537794,484.353150844574,12,472.353150844574,0.0,0.0,0,0.0,False
15354,6774,1279.05,retry,0.635631,813.0038623183965,8,805.0038623183965,payment_link,0.6972186,891.77744641006,12,879.77744641006,0.061587572,78.77358409166345,4,74.77358409166345,True
32023,50455,8018.25,email,0.475368,3811.619410805404,5,3806.619410805404,human_escalation,0.6402571,5133.7416535019875,250,4883.7416535019875,0.16488913,1322.1222426965833,245,1077.1222426965833,True
89577,15001,2871.46,email,0.79201007,2274.225232424736,5,2269.225232424736,payment_link,0.82578814,2371.21761333704,12,2359.21761333704,0.03377807,96.99238091230382,7,89.99238091230382,True
16484,51510,3975.78,payment_link,0.7918492,3148.2181963026524,12,3136.2181963026524,payment_link,0.7918492,3148.2181963026524,12,3136.2181963026524,0.0,0.0,0,0.0,False
11242,11165,2210.96,payment_link,0.9203121,2034.7732552289963,12,2022.7732552289963,payment_link,0.9203121,2034.7732552289963,12,2022.7732552289963,0.0,0.0,0,0.0,False
91755,24256,2360.45,email,0.6415099,1514.2520211637018,5,1509.2520211637018,payment_link,0.7434824,1754.9530568271873,12,1742.9530568271873,0.10197252,240.70103566348553,7,233.70103566348553,True
98113,88081,8029.38,payment_link,0.76228946,6120.711780256033,12,6108.711780256033,human_escalation,0.8285624,6652.842193758488,250,6402.842193758488,0.066272914,532.1304135024548,238,294.13041350245476,True
93156,33457,4536.98,payment_link,0.832577,3777.3851526689527,12,3765.3851526689527,payment_link,0.832577,3777.3851526689527,12,3765.3851526689527,0.0,0.0,0,0.0,False
68910,25743,1004.7,payment_link,0.935162,939.5572692453861,12,927.5572692453861,payment_link,0.935162,939.5572692453861,12,927.5572692453861,0.0,0.0,0,0.0,False
21068,72613,1368.91,retry,0.82463163,1128.846486504674,8,1120.846486504674,whatsapp,0.85074484,1164.5931236922743,18,1146.5931236922743,0.026113212,35.7466371876003,10,25.7466371876003,True
44461,58324,2547.91,payment_link,0.6135998,1563.3970083808897,12,1551.3970083808897,payment_link,0.6135998,1563.3970083808897,12,1551.3970083808897,0.0,0.0,0,0.0,False
90383,35740,4159.36,retry,0.5079751,2112.851318054199,8,2104.851318054199,human_escalation,0.69949263,2909.441679420471,250,2659.441679420471,0.19151753,796.5903613662717,242,554.5903613662717,True
20310,20909,686.46,whatsapp,0.4377985,300.5311583518982,18,282.5311583518982,payment_link,0.4829047,331.4947620266676,12,319.4947620266676,0.045106202,30.963603674769388,-6,36.96360367476939,True
70300,65516,1723.0,human_escalation,0.73860127,1272.6099836230278,250,1022.6099836230278,payment_link,0.7467543,1286.6576393842697,12,1274.6576393842697,0.008153021,14.047655761241913,-238,252.0476557612419,True
24352,16154,711.8,retry,0.64424276,458.5719990730285,8,450.5719990730285,payment_link,0.74355423,529.2619041204453,12,517.2619041204453,0.09931147,70.68990504741674,4,66.68990504741674,True
43243,18824,1248.97,whatsapp,0.8579103,1071.5041967403888,18,1053.5041967403888,payment_link,0.8617467,1076.2958113950492,12,1064.2958113950492,0.003836453,4.791614654660407,-6,10.791614654660407,True
85166,96347,5083.34,retry,0.72516465,3686.258481440544,8,3678.258481440544,human_escalation,0.8932115,4540.497664849759,250,4290.497664849759,0.16804683,854.2391834092145,242,612.2391834092145,True
60196,68780,1507.45,whatsapp,0.9133893,1376.8887381851673,18,1358.8887381851673,payment_link,0.9283861,1399.4956146657466,12,1387.4956146657466,0.014996767,22.60687648057933,-6,28.60687648057933,True
20478,78132,4288.33,voice_call,0.460934,1976.6371565183997,90,1886.6371565183997,payment_link,0.64723825,2775.571224122047,12,2763.571224122047,0.18630424,798.9340676036475,-78,876.9340676036475,True
91569,9869,2353.48,retry,0.7744599,1822.675881855488,8,1814.675881855488,payment_link,0.83645016,1968.568721497059,12,1956.568721497059,0.06199026,145.89283964157107,4,141.89283964157107,True
24338,41176,1372.08,email,0.8820108,1210.1894025135039,5,1205.1894025135039,payment_link,0.914969,1255.410702624321,12,1243.410702624321,0.03295821,45.22130011081708,7,38.22130011081708,True
9348,92782,1354.81,whatsapp,0.78822327,1067.892763824463,18,1049.892763824463,payment_link,0.80940163,1096.5854241764546,12,1084.5854241764546,0.021178365,28.692660351991663,-6,34.69266035199166,True
57758,29807,3811.79,email,0.5250368,2001.3300689601897,5,1996.3300689601897,whatsapp,0.6765977,2579.048401864767,18,2561.048401864767,0.1515609,577.7183329045774,13,564.7183329045774,True
58367,8098,3145.22,human_escalation,0.8163004,2567.444319400787,250,2317.444319400787,payment_link,0.74725807,2350.2910179018972,12,2338.2910179018972,-0.069042325,-217.15330149888996,-238,20.84669850111004,True
33143,84517,2485.66,whatsapp,0.8771133,2180.20540222764,18,2162.20540222764,payment_link,0.9142666,2272.555882911682,12,2260.555882911682,0.037153304,92.35048068404194,-6,98.35048068404194,True
86049,92259,761.14,payment_link,0.54106766,411.82823862195016,12,399.82823862195016,payment_link,0.54106766,411.82823862195016,12,399.82823862195016,0.0,0.0,0,0.0,False
44943,77097,1819.39,email,0.5029448,915.0527889406682,5,910.0527889406682,payment_link,0.5857954,1065.7902974033357,12,1053.7902974033357,0.082850575,150.7375084626675,7,143.7375084626675,True
16653,58091,1551.47,payment_link,0.6798557,1054.7757295620443,12,1042.7757295620443,whatsapp,0.7550667,1171.4633219236136,18,1153.4633219236136,0.07521099,116.68759236156939,6,110.68759236156939,True
74848,34249,4045.01,human_escalation,0.85223544,3447.3008627521995,250,3197.3008627521995,human_escalation,0.85223544,3447.3008627521995,250,3197.3008627521995,0.0,0.0,0,0.0,False
69544,4547,3179.51,whatsapp,0.9415856,2993.7808322519068,18,2975.7808322519068,payment_link,0.9582366,3046.7227729809288,12,3034.7227729809288,0.016650975,52.94194072902201,-6,58.94194072902201,True
22856,73366,2796.64,retry,0.51007026,1426.482904062271,8,1418.482904062271,payment_link,0.5650035,1580.1114282035826,12,1568.1114282035826,0.05493325,153.62852414131157,4,149.62852414131157,True
54613,95643,4200.85,whatsapp,0.69234407,2908.4335842788223,18,2890.4335842788223,human_escalation,0.80466145,3380.262063869834,250,3130.262063869834,0.11231738,471.8284795910117,232,239.82847959101173,True
45119,69393,914.45,human_escalation,0.8444248,772.1842438966037,250,522.1842438966037,payment_link,0.84649295,774.0754746049643,12,762.0754746049643,0.002068162,1.891230708360581,-238,239.89123070836058,True
45306,54292,8851.58,retry,0.86062694,7617.908173794746,8,7609.908173794746,whatsapp,0.8925889,7900.82217443347,18,7882.82217443347,0.031961977,282.91400063872334,10,272.91400063872334,True
38988,84473,1188.01,payment_link,0.7834158,930.7057978725434,12,918.7057978725434,payment_link,0.7834158,930.7057978725434,12,918.7057978725434,0.0,0.0,0,0.0,False
93719,65306,3930.51,payment_link,0.6406928,2518.2493413037064,12,2506.2493413037064,payment_link,0.6406928,2518.2493413037064,12,2506.2493413037064,0.0,0.0,0,0.0,False
49756,43036,3534.96,whatsapp,0.75892407,2682.7662199544907,18,2664.7662199544907,human_escalation,0.9068324,3205.6162500429155,250,2955.6162500429155,0.14790833,522.8500300884248,232,290.8500300884248,True
46187,11057,1255.82,email,0.50897306,639.1785507690906,5,634.1785507690906,payment_link,0.548868,689.2794123971462,12,677.2794123971462,0.03989494,50.100861628055554,7,43.100861628055554,True
95688,97743,1338.78,whatsapp,0.5383864,720.7809506356716,18,702.7809506356716,payment_link,0.59395164,795.1705799639225,12,783.1705799639225,0.055565238,74.38962932825086,-6,80.38962932825086,True
31965,57692,1269.12,voice_call,0.38353002,486.7456198883056,90,396.7456198883056,payment_link,0.5556863,705.2325907516479,12,693.2325907516479,0.17215627,218.48697086334226,-78,296.48697086334226,True
91886,66436,1441.91,voice_call,0.35696125,514.7059964275361,90,424.7059964275361,payment_link,0.48728538,702.6216559243203,12,690.6216559243203,0.13032413,187.9156594967842,-78,265.9156594967842,True
66600,38432,9524.85,email,0.4772536,4545.768819124997,5,4540.768819124997,payment_link,0.6153636,5861.2459651708605,12,5849.2459651708605,0.13811001,1315.4771460458633,7,1308.4771460458633,True
59463,94532,1486.14,payment_link,0.5754044,855.131503329277,12,843.131503329277,payment_link,0.5754044,855.131503329277,12,843.131503329277,0.0,0.0,0,0.0,False
31412,42112,3808.79,whatsapp,0.73245424,2789.764385996461,18,2771.764385996461,whatsapp,0.73245424,2789.764385996461,18,2771.764385996461,0.0,0.0,0,0.0,False
40023,18578,2748.38,whatsapp,0.8091771,2223.9261599075794,18,2205.9261599075794,payment_link,0.8129641,2234.3342230391504,12,2222.3342230391504,0.003786981,10.408063131570998,-6,16.408063131570998,True
96278,5587,748.81,email,0.5088505,381.03235405385493,5,376.03235405385493,payment_link,0.66526407,498.1563882821798,12,486.1563882821798,0.15641356,117.12403422832489,7,110.12403422832489,True
27679,90497,2094.42,retry,0.7213888,1510.8911657524109,8,1502.8911657524109,payment_link,0.81717193,1711.5012362837792,12,1699.5012362837792,0.095783114,200.61007053136836,4,196.61007053136836,True
46211,22524,688.36,human_escalation,0.49225834,338.8509510052204,250,88.8509510052204,payment_link,0.51569927,354.98674769878386,12,342.98674769878386,0.023440927,16.135796693563464,-238,254.13579669356346,True
58820,98544,6059.04,payment_link,0.8366418,5069.246062088013,12,5057.246062088013,human_escalation,0.9012049,5460.436440668106,250,5210.436440668106,0.064563096,391.19037858009324,238,153.19037858009324,True
4836,7328,1858.69,whatsapp,0.558065,1037.2698296386004,18,1019.2698296386004,payment_link,0.58863056,1094.0817301023008,12,1082.0817301023008,0.03056556,56.81190046370034,-6,62.81190046370034,True
68195,91892,2262.82,voice_call,0.69413877,1570.7110809755327,90,1480.7110809755327,payment_link,0.83964807,1899.97244112134,12,1887.97244112134,0.1455093,329.2613601458072,-78,407.2613601458072,True
84334,70366,3988.56,retry,0.6592269,2629.3660218429563,8,2621.3660218429563,human_escalation,0.7990758,3187.1617022466658,250,2937.1617022466658,0.13984889,557.7956804037094,242,315.7956804037094,True
60084,28258,845.24,retry,0.47739613,403.51430539608003,8,395.51430539608003,payment_link,0.5170363,437.01977808475493,12,425.01977808475493,0.03964019,33.5054726886749,4,29.5054726886749,True
81873,77765,5398.99,human_escalation,0.74826384,4039.868967423439,250,3789.868967423439,human_escalation,0.74826384,4039.868967423439,250,3789.868967423439,0.0,0.0,0,0.0,False
26899,80811,2565.42,payment_link,0.72165614,1851.3511040818692,12,1839.3511040818692,payment_link,0.72165614,1851.3511040818692,12,1839.3511040818692,0.0,0.0,0,0.0,False
22513,92483,3101.84,retry,0.87126535,2702.525718741417,8,2694.525718741417,payment_link,0.9351738,2900.75952934742,12,2888.75952934742,0.06390846,198.23381060600286,4,194.23381060600286,True
47701,8874,1533.86,human_escalation,0.775756,1189.9011004185675,250,939.9011004185675,payment_link,0.7237143,1110.0764040029048,12,1098.0764040029048,-0.05204171,-79.82469641566263,-238,158.17530358433737,True
45529,14032,3523.03,email,0.8372452,2949.640048224926,5,2944.640048224926,payment_link,0.90383244,3184.228785619736,12,3172.228785619736,0.06658721,234.58873739480987,7,227.58873739480987,True
91055,79772,1496.8,whatsapp,0.73612607,1101.8334944725036,18,1083.8334944725036,whatsapp,0.73612607,1101.8334944725036,18,1083.8334944725036,0.0,0.0,0,0.0,False
83062,31322,568.2,whatsapp,0.54160285,307.7387393474579,18,289.7387393474579,payment_link,0.61673135,350.426750600338,12,338.426750600338,0.075128496,42.688011252880074,-6,48.688011252880074,True
529,28936,1646.78,whatsapp,0.8222632,1354.0865615522862,18,1336.0865615522862,payment_link,0.8758063,1442.2602526533603,12,1430.2602526533603,0.05354309,88.17369110107416,-6,94.17369110107416,True
55454,69391,1581.08,retry,0.67140776,1061.5493798995017,8,1053.5493798995017,payment_link,0.70745873,1118.5488559627534,12,1106.5488559627534,0.036050975,56.99947606325168,4,52.99947606325168,True
10203,87010,2042.56,email,0.8192838,1673.4362846946715,5,1668.4362846946715,payment_link,0.91477334,1868.4794435501099,12,1856.4794435501099,0.09548956,195.04315885543838,7,188.04315885543838,True
18481,337,1208.37,email,0.5418842,654.7965912795066,5,649.7965912795066,payment_link,0.70128065,847.4065032416581,12,835.4065032416581,0.15939647,192.6099119621515,7,185.6099119621515,True
46869,63927,10410.8,payment_link,0.94864607,9876.164490699768,12,9864.164490699768,payment_link,0.94864607,9876.164490699768,12,9864.164490699768,0.0,0.0,0,0.0,False
54299,91823,1513.15,retry,0.7552211,1142.762850534916,8,1134.762850534916,payment_link,0.8149307,1233.112354528904,12,1221.112354528904,0.05970955,90.34950399398804,4,86.34950399398804,True
74087,36892,2683.88,retry,0.6575519,1764.79035217762,8,1756.79035217762,human_escalation,0.78861266,2116.5417559742928,250,1866.5417559742928,0.13106078,351.7514037966728,242,109.75140379667278,True
42965,38725,9783.84,retry,0.6918943,6769.38305797577,8,6761.38305797577,human_escalation,0.8044993,7871.092706594467,250,7621.092706594467,0.112605035,1101.7096486186974,242,859.7096486186974,True
15072,38116,3246.23,payment_link,0.9514545,3088.640207191706,12,3076.640207191706,payment_link,0.9514545,3088.640207191706,12,3076.640207191706,0.0,0.0,0,0.0,False
44043,51269,1654.89,retry,0.6327735,1047.1705681335927,8,1039.1705681335927,payment_link,0.71683484,1186.2828135949374,12,1174.2828135949374,0.084061325,139.11224546134463,4,135.11224546134463,True
63690,41788,3799.7,retry,0.67917573,2580.664038455486,8,2572.664038455486,whatsapp,0.70085484,2663.0381275475024,18,2645.0381275475024,0.021679103,82.37408909201622,10,72.37408909201622,True
4735,18180,1992.36,payment_link,0.62514395,1245.5117906928062,12,1233.5117906928062,payment_link,0.62514395,1245.5117906928062,12,1233.5117906928062,0.0,0.0,0,0.0,False
49684,47866,3725.93,payment_link,0.9173271,3417.8965840548276,12,3405.8965840548276,payment_link,0.9173271,3417.8965840548276,12,3405.8965840548276,0.0,0.0,0,0.0,False
26881,79519,1391.8,payment_link,0.7260102,1010.4610010385513,12,998.4610010385513,whatsapp,0.73095375,1017.341433417797,18,999.341433417797,0.0049435496,6.88043237924569,6,0.8804323792456898,True
2985,77224,2637.3,email,0.79233205,2089.6173238635065,5,2084.6173238635065,payment_link,0.8795014,2319.5090484917164,12,2307.5090484917164,0.08716935,229.8917246282099,7,222.8917246282099,True
96991,85778,2336.89,retry,0.773471,1807.516640073061,8,1799.516640073061,payment_link,0.90784836,2121.5417496871946,12,2109.5417496871946,0.13437736,314.0251096141337,4,310.0251096141337,True
70017,33928,2217.95,whatsapp,0.86720216,1923.4110368549823,18,1905.4110368549823,payment_link,0.9021582,2000.9417813330888,12,1988.9417813330888,0.034956038,77.5307444781065,-6,83.5307444781065,True
14410,67066,663.39,email,0.59763867,396.4675150555372,5,391.4675150555372,payment_link,0.76041645,504.4526675158739,12,492.4526675158739,0.16277778,107.98515246033668,7,100.98515246033668,True
18625,29960,1595.52,retry,0.8652985,1380.6010780334473,8,1372.6010780334473,payment_link,0.91438615,1458.9213951873778,12,1446.9213951873778,0.049087644,78.32031715393055,4,74.32031715393055,True
11696,35115,4304.99,payment_link,0.82370245,3546.030829886198,12,3534.030829886198,human_escalation,0.91126966,3923.006794114113,250,3673.006794114113,0.08756721,376.97596422791503,238,138.97596422791503,True
5619,10684,1721.0,retry,0.5637177,970.1582010984421,8,962.1582010984421,payment_link,0.6422196,1105.2599368691444,12,1093.2599368691444,0.07850188,135.10173577070236,4,131.10173577070236,True
66880,42182,3384.67,human_escalation,0.72745,2462.1782360446455,250,2212.1782360446455,human_escalation,0.72745,2462.1782360446455,250,2212.1782360446455,0.0,0.0,0,0.0,False
25411,3536,1254.1,whatsapp,0.8389278,1052.099360781908,18,1034.099360781908,payment_link,0.8542233,1071.281454259157,12,1059.281454259157,0.0152955055,19.182093477249055,-6,25.182093477249055,True
51051,34495,2292.47,whatsapp,0.41978544,962.345527563691,18,944.345527563691,human_escalation,0.57035315,1307.5174866235254,250,1057.5174866235254,0.15056771,345.1719590598344,232,113.17195905983442,True
76727,84525,1339.54,retry,0.8579019,1149.1938725531102,8,1141.1938725531102,payment_link,0.91972154,1232.0037967669964,12,1220.0037967669964,0.061819673,82.80992421388623,4,78.80992421388623,True
87549,65799,1063.27,retry,0.71279055,757.8888068240881,8,749.8888068240881,whatsapp,0.7603303,808.4364187133312,18,790.4364187133312,0.04753977,50.54761188924317,10,40.54761188924317,True
83335,86651,1663.73,retry,0.77229035,1284.8826223528386,8,1276.8826223528386,whatsapp,0.8280618,1377.6712902522088,18,1359.6712902522088,0.05577147,92.78866789937024,10,82.78866789937024,True
34296,33451,1729.34,payment_link,0.7338358,1269.051630704403,12,1257.051630704403,whatsapp,0.74645144,1290.8683288800717,18,1272.8683288800717,0.012615621,21.816698175668762,6,15.816698175668762,True
75173,68915,1970.81,voice_call,0.7500462,1478.1985388082264,90,1388.1985388082264,payment_link,0.91035515,1794.1370345503092,12,1782.1370345503092,0.16030896,315.93849574208275,-78,393.93849574208275,True
98685,83287,1313.07,email,0.71167725,934.4820509201288,5,929.4820509201288,payment_link,0.79037833,1037.8220765805245,12,1025.8220765805245,0.07870108,103.34002566039567,7,96.34002566039567,True
59077,83844,2447.02,payment_link,0.8448513,2067.368064883947,12,2055.368064883947,payment_link,0.8448513,2067.368064883947,12,2055.368064883947,0.0,0.0,0,0.0,False
82561,19777,275.5,email,0.8026723,221.13622596859932,5,216.13622596859932,payment_link,0.8930209,246.02726563811302,12,234.02726563811302,0.0903486,24.891039669513702,7,17.891039669513702,True
90125,40463,3071.45,retry,0.45923597,1410.5203084021805,8,1402.5203084021805,human_escalation,0.6110733,1876.8811337977647,250,1626.8811337977647,0.15183735,466.36082539558424,242,224.36082539558424,True
82697,73894,5521.24,voice_call,0.69787794,3853.1516168570515,90,3763.1516168570515,human_escalation,0.8433718,4656.458164122105,250,4406.458164122105,0.14549387,803.3065472650533,160,643.3065472650533,True
40896,37659,956.79,whatsapp,0.7353709,703.5954989218711,18,685.5954989218711,payment_link,0.76524794,732.1815774857997,12,720.1815774857997,0.029877067,28.586078563928595,-6,34.586078563928595,True
84381,9671,4880.58,payment_link,0.5844853,2852.627228550911,12,2840.627228550911,payment_link,0.5844853,2852.627228550911,12,2840.627228550911,0.0,0.0,0,0.0,False
96828,21390,4471.04,retry,0.6760553,3022.6703428649903,8,3014.6703428649903,payment_link,0.7405509,3311.0325871276855,12,3299.0325871276855,0.06449556,288.3622442626952,4,284.3622442626952,True
79638,15863,1287.25,voice_call,0.61283565,788.8726848959923,90,698.8726848959923,payment_link,0.74786454,962.6886347681284,12,950.6886347681284,0.1350289,173.81594987213612,-78,251.81594987213612,True
93240,97077,1634.47,payment_link,0.72316474,1181.9910680514574,12,1169.9910680514574,whatsapp,0.7342636,1200.1318245249986,18,1182.1318245249986,0.011098862,18.14075647354116,6,12.14075647354116,True
64660,84088,848.73,whatsapp,0.7949941,674.7353559279442,18,656.7353559279442,payment_link,0.8069683,684.8981812673808,12,672.8981812673808,0.011974156,10.162825339436608,-6,16.16282533943661,True
45827,90636,2717.65,retry,0.86234045,2343.5395247220995,8,2335.5395247220995,payment_link,0.9172075,2492.6489066004756,12,2480.6489066004756,0.05486703,149.1093818783761,4,145.1093818783761,True
73247,29633,981.12,email,0.6106069,599.0786503601074,5,594.0786503601074,payment_link,0.7403583,726.3803284835816,12,714.3803284835816,0.12975138,127.30167812347418,7,120.30167812347418,True
91303,23445,895.57,retry,0.73752946,660.5092554610968,8,652.5092554610968,payment_link,0.7802017,698.7252127432823,12,686.7252127432823,0.042672217,38.215957282185514,4,34.215957282185514,True
42997,80943,1157.04,payment_link,0.6179991,715.0496518707275,12,703.0496518707275,payment_link,0.6179991,715.0496518707275,12,703.0496518707275,0.0,0.0,0,0.0,False
13922,12198,704.44,whatsapp,0.757774,533.8063133192063,18,515.8063133192063,payment_link,0.77711743,547.4326032090188,12,535.4326032090188,0.019343436,13.626289889812483,-6,19.626289889812483,True
2469,50482,1311.4,retry,0.7309331,958.5457064032555,8,950.5457064032555,payment_link,0.7940114,1041.2665683865548,12,1029.2665683865548,0.063078284,82.7208619832993,4,78.7208619832993,True
1444,90754,1555.45,email,0.71705043,1115.3360962569714,5,1110.3360962569714,payment_link,0.80215734,1247.7156382888556,12,1235.7156382888556,0.08510691,132.37954203188428,7,125.37954203188428,True
55503,46986,964.89,payment_link,0.7390508,713.1027317851782,12,701.1027317851782,payment_link,0.7390508,713.1027317851782,12,701.1027317851782,0.0,0.0,0,0.0,False
28950,80264,1860.56,payment_link,0.65393883,1216.692429356575,12,1204.692429356575,payment_link,0.65393883,1216.692429356575,12,1204.692429356575,0.0,0.0,0,0.0,False
40049,77711,8383.99,human_escalation,0.9291283,7789.8022855603695,250,7539.8022855603695,whatsapp,0.930714,7803.096962696313,18,7785.096962696313,0.001585722,13.294677135943857,-232,245.29467713594386,True
79735,43188,3054.54,email,0.7437759,2271.89325034976,5,2266.89325034976,payment_link,0.8958008,2736.2594640111924,12,2724.2594640111924,0.15202492,464.36621366143254,7,457.36621366143254,True
52571,82340,1783.15,human_escalation,0.9149209,1631.4412493646146,250,1381.4412493646146,payment_link,0.8390094,1496.0796190679075,12,1484.0796190679075,-0.07591152,-135.36163029670706,-238,102.63836970329294,True
50279,70647,1543.45,retry,0.587902,907.397356542945,8,899.397356542945,payment_link,0.6465663,997.9427121818065,12,985.9427121818065,0.058664262,90.54535563886157,4,86.54535563886157,True
55179,14942,2927.06,payment_link,0.8374885,2451.379008203745,12,2439.379008203745,payment_link,0.8374885,2451.379008203745,12,2439.379008203745,0.0,0.0,0,0.0,False
65592,33082,940.78,retry,0.60549504,569.6376196372509,8,561.6376196372509,payment_link,0.6642398,624.9035414516926,12,612.9035414516926,0.05874479,55.265921814441754,4,51.265921814441754,True
62627,78479,907.53,retry,0.700271,635.5169500672818,8,627.5169500672818,payment_link,0.76202226,691.5580587601661,12,679.5580587601661,0.061751246,56.041108692884336,4,52.041108692884336,True
6039,53659,993.42,whatsapp,0.4923227,489.08322968423363,18,471.08322968423363,payment_link,0.5095345,506.18174132108686,12,494.18174132108686,0.017211765,17.09851163685323,-6,23.09851163685323,True
34610,62517,693.82,human_escalation,0.8750988,607.16106641531,250,357.16106641530996,payment_link,0.83385706,578.5467050075531,12,566.5467050075531,-0.041241765,-28.61436140775686,-238,209.38563859224314,True
18462,36112,5409.76,whatsapp,0.6304104,3410.3688205814365,18,3392.3688205814365,human_escalation,0.7779031,4208.268965988159,250,3958.268965988159,0.1474927,797.9001454067225,232,565.9001454067225,True
29839,99576,1906.94,voice_call,0.60513294,1153.952203705311,90,1063.952203705311,payment_link,0.7302871,1392.6136348819732,12,1380.6136348819732,0.12515414,238.6614311766623,-78,316.6614311766623,True
14512,3537,1651.28,retry,0.8620807,1423.5366071414946,8,1415.5366071414946,payment_link,0.9157331,1512.131751689911,12,1500.131751689911,0.053652406,88.59514454841633,4,84.59514454841633,True
58521,40145,427.05,retry,0.43159536,184.31279646903278,8,176.31279646903278,payment_link,0.4895611,209.06707233935595,12,197.06707233935595,0.057965755,24.75427587032317,4,20.75427587032317,True
60380,88916,242.25,voice_call,0.6152359,149.04090276360512,90,59.04090276360512,email,0.7001791,169.61838698387146,5,164.61838698387146,0.084943175,20.577484220266342,-85,105.57748422026634,True
17957,2103,3154.81,payment_link,0.9308082,2936.522974950075,12,2924.522974950075,payment_link,0.9308082,2936.522974950075,12,2924.522974950075,0.0,0.0,0,0.0,False
80188,45274,1163.59,payment_link,0.7678487,893.4610344868897,12,881.4610344868897,payment_link,0.7678487,893.4610344868897,12,881.4610344868897,0.0,0.0,0,0.0,False
70505,78281,1142.83,voice_call,0.54914975,627.584810693264,90,537.584810693264,payment_link,0.90573543,1035.1016250115633,12,1023.1016250115633,0.35658568,407.51681431829934,-78,485.51681431829934,True
31107,74820,2904.24,whatsapp,0.8519138,2474.162162904739,18,2456.162162904739,payment_link,0.8639983,2509.258405008316,12,2497.258405008316,0.012084484,35.09624210357697,-6,41.09624210357697,True
53740,7152,1849.35,whatsapp,0.88732594,1640.976231792569,18,1622.976231792569,payment_link,0.9172851,1696.3811714351177,12,1684.3811714351177,0.029959142,55.4049396425487,-6,61.4049396425487,True
69199,18442,2996.15,whatsapp,0.5486863,1643.9465342968704,18,1625.9465342968704,whatsapp,0.5486863,1643.9465342968704,18,1625.9465342968704,0.0,0.0,0,0.0,False
71931,25522,2125.38,retry,0.64914316,1379.6758881032467,8,1371.6758881032467,payment_link,0.6943355,1475.7268280661108,12,1463.7268280661108,0.04519236,96.05093996286405,4,92.05093996286405,True
60601,79106,1292.83,email,0.6320095,817.0808499336242,5,812.0808499336242,payment_link,0.72969854,943.376161891222,12,931.376161891222,0.09768903,126.29531195759773,7,119.29531195759773,True
39969,49891,1437.43,voice_call,0.46376458,666.6291175040603,90,576.6291175040603,payment_link,0.61700714,886.9045679962635,12,874.9045679962635,0.15324256,220.27545049220316,-78,298.27545049220316,True
62749,5507,996.26,payment_link,0.8511396,847.9563429224492,12,835.9563429224492,payment_link,0.8511396,847.9563429224492,12,835.9563429224492,0.0,0.0,0,0.0,False
1277,20434,1026.84,retry,0.7978511,819.2654088020324,8,811.2654088020324,payment_link,0.8643326,887.5313037514686,12,875.5313037514686,0.06648153,68.26589494943619,4,64.26589494943619,True
12728,88846,1346.52,voice_call,0.4622695,622.4551470673084,90,532.4551470673084,whatsapp,0.4928429,663.6228387737274,18,645.6228387737274,0.030573398,41.167691706418964,-72,113.16769170641896,True
74321,87438,447.52,payment_link,0.5305437,237.4289098930359,12,225.4289098930359,payment_link,0.5305437,237.4289098930359,12,225.4289098930359,0.0,0.0,0,0.0,False
71870,34351,1162.29,payment_link,0.596202,692.959641033411,12,680.959641033411,payment_link,0.596202,692.959641033411,12,680.959641033411,0.0,0.0,0,0.0,False
35240,29318,1198.19,retry,0.5001436,599.2670452135801,8,591.2670452135801,payment_link,0.5825841,698.0464225059748,12,686.0464225059748,0.082440495,98.77937729239466,4,94.77937729239466,True
37826,10674,1330.55,whatsapp,0.78916496,1050.023438039422,18,1032.023438039422,payment_link,0.8222522,1094.047683277726,12,1082.047683277726,0.033087254,44.02424523830405,-6,50.02424523830405,True
55969,79378,549.34,payment_link,0.83039623,456.16986772894865,12,444.16986772894865,payment_link,0.83039623,456.16986772894865,12,444.16986772894865,0.0,0.0,0,0.0,False
59617,76581,2488.59,whatsapp,0.480152,1194.9014928495885,18,1176.9014928495885,payment_link,0.5367855,1335.8389860355855,12,1323.8389860355855,0.056633472,140.93749318599703,-6,146.93749318599703,True
9566,54054,853.6,retry,0.598877,511.2014180660248,8,503.2014180660248,payment_link,0.6379552,544.558549118042,12,532.558549118042,0.039078176,33.35713105201722,4,29.357131052017223,True
45257,13392,5323.43,whatsapp,0.68412834,3641.909350613952,18,3623.909350613952,human_escalation,0.74786544,3981.209311068058,250,3731.209311068058,0.063737094,339.299960454106,232,107.29996045410599,True
38466,95594,538.96,payment_link,0.9705219,523.0724977111817,12,511.07249771118165,payment_link,0.9705219,523.0724977111817,12,511.07249771118165,0.0,0.0,0,0.0,False
8917,10256,2554.4,whatsapp,0.6683215,1707.1604147911073,18,1689.1604147911073,payment_link,0.6970921,1780.652100801468,12,1768.652100801468,0.028770626,73.49168601036058,-6,79.49168601036058,True
93004,18831,1024.03,retry,0.77125937,789.7927300661802,8,781.7927300661802,payment_link,0.839301,859.4693928968907,12,847.4693928968907,0.06804162,69.67666283071048,4,65.67666283071048,True
82634,4149,769.1,whatsapp,0.88593835,681.3751822054386,18,663.3751822054386,payment_link,0.9067928,697.4143574774265,12,685.4143574774265,0.020854473,16.039175271987915,-6,22.039175271987915,True
76470,8412,859.23,payment_link,0.7637667,656.2512667876482,12,644.2512667876482,payment_link,0.7637667,656.2512667876482,12,644.2512667876482,0.0,0.0,0,0.0,False
56625,9489,3433.79,email,0.62828,2157.381526250243,5,2152.381526250243,human_escalation,0.8000046,2747.0478005111217,250,2497.0478005111217,0.17172462,589.6662742608787,245,344.6662742608787,True
12757,75269,965.43,email,0.8360885,807.1848998612165,5,802.1848998612165,payment_link,0.90574497,874.4333662372827,12,862.4333662372827,0.06965649,67.24846637606618,7,60.248466376066176,True
27081,35751,1905.64,human_escalation,0.8146953,1552.515948960781,250,1302.515948960781,payment_link,0.7476642,1424.778831205368,12,1412.778831205368,-0.067031085,-127.73711775541301,-238,110.26288224458699,True
74186,18967,1789.69,payment_link,0.7397574,1323.936454552412,12,1311.936454552412,payment_link,0.7397574,1323.936454552412,12,1311.936454552412,0.0,0.0,0,0.0,False
23488,31270,374.5,whatsapp,0.7413801,277.6468457579613,18,259.6468457579613,payment_link,0.7589528,284.22782227396965,12,272.22782227396965,0.017572701,6.580976516008377,-6,12.580976516008377,True
33774,76812,734.21,payment_link,0.79577446,584.2655661582947,12,572.2655661582947,payment_link,0.79577446,584.2655661582947,12,572.2655661582947,0.0,0.0,0,0.0,False
61918,37270,8236.84,retry,0.6045305,4979.42111305952,8,4971.42111305952,human_escalation,0.7976128,6569.808902649879,250,6319.808902649879,0.19308227,1590.3877895903588,242,1348.3877895903588,True
88441,77101,1622.54,whatsapp,0.69204175,1122.8654287075997,18,1104.8654287075997,payment_link,0.72950137,1183.6451473879813,12,1171.6451473879813,0.037459612,60.77971868038162,-6,66.77971868038162,True
15517,20829,2341.77,retry,0.48418507,1133.8500709041953,8,1125.8500709041953,payment_link,0.60221136,1410.2404875218867,12,1398.2404875218867,0.11802629,276.39041661769147,4,272.39041661769147,True
18894,75228,589.95,whatsapp,0.84041035,495.80008701682095,18,477.80008701682095,payment_link,0.8697542,513.111487466097,12,501.11148746609695,0.029343843,17.311400449275993,-6,23.311400449275993,True
64029,16679,3515.55,retry,0.6983557,2455.1042923450473,8,2447.1042923450473,payment_link,0.8390633,2949.768937844038,12,2937.768937844038,0.14070761,494.6646454989909,4,490.6646454989909,True
14279,43150,3786.29,voice_call,0.31582585,1195.8082567313313,90,1105.8082567313313,payment_link,0.47762582,1808.429854877889,12,1796.429854877889,0.16179997,612.6215981465577,-78,690.6215981465577,True
28536,37689,1755.68,payment_link,0.8049827,1413.2920650196077,12,1401.2920650196077,payment_link,0.8049827,1413.2920650196077,12,1401.2920650196077,0.0,0.0,0,0.0,False
72148,82794,3336.3,whatsapp,0.7766099,2591.003601408005,18,2573.003601408005,payment_link,0.84017694,2803.0823248028755,12,2791.0823248028755,0.06356704,212.0787233948704,-6,218.0787233948704,True
64852,14847,1396.16,retry,0.6685148,933.3536066246033,8,925.3536066246033,payment_link,0.7439616,1038.6893892669677,12,1026.6893892669677,0.075446784,105.33578264236439,4,101.33578264236439,True
95395,54794,1134.61,retry,0.847089,961.115641888976,8,953.115641888976,payment_link,0.89858884,1019.5478794330357,12,1007.5478794330357,0.051499844,58.43223754405972,4,54.43223754405972,True
79947,21541,2152.16,retry,0.82794863,1781.8779232311247,8,1773.8779232311247,payment_link,0.8808255,1895.6774501800535,12,1883.6774501800535,0.05287689,113.79952694892881,4,109.79952694892881,True
16692,90934,2000.02,payment_link,0.71882755,1437.6694678366184,12,1425.6694678366184,whatsapp,0.7478259,1495.666797682047,18,1477.666797682047,0.028998375,57.99732984542857,6,51.99732984542857,True
75926,66705,4096.05,payment_link,0.6415248,2627.717623114586,12,2615.717623114586,payment_link,0.6415248,2627.717623114586,12,2615.717623114586,0.0,0.0,0,0.0,False
72554,30407,884.76,voice_call,0.7512476,664.6738131451607,90,574.6738131451607,payment_link,0.84193325,744.9088626480102,12,732.9088626480102,0.090685666,80.2350495028495,-78,158.2350495028495,True
22273,90833,4929.38,retry,0.49653634,2447.6163248151543,8,2439.6163248151543,human_escalation,0.64102674,3159.864368481636,250,2909.864368481636,0.14449039,712.2480436664819,242,470.24804366648186,True
3716,81927,1542.17,payment_link,0.843395,1300.658459031582,12,1288.658459031582,payment_link,0.843395,1300.658459031582,12,1288.658459031582,0.0,0.0,0,0.0,False
55132,76681,1203.9,payment_link,0.48280582,581.2499246746302,12,569.2499246746302,payment_link,0.48280582,581.2499246746302,12,569.2499246746302,0.0,0.0,0,0.0,False
78350,40852,1663.36,human_escalation,0.74309665,1236.037243156433,250,986.0372431564331,payment_link,0.7301928,1214.5734633636473,12,1202.5734633636473,-0.012903869,-21.463779792785772,-238,216.53622020721423,True
80273,84876,2620.62,voice_call,0.62631285,1641.3279859614372,90,1551.3279859614372,payment_link,0.7009803,1837.003008649349,12,1825.003008649349,0.074667454,195.6750226879119,-78,273.6750226879119,True
25639,63844,2550.01,whatsapp,0.7947513,2026.62372810483,18,2008.62372810483,payment_link,0.8064105,2056.3548173445465,12,2044.3548173445465,0.011659205,29.73108923971654,-6,35.73108923971654,True
27986,58293,2167.3,whatsapp,0.8817904,1911.104332947731,18,1893.104332947731,payment_link,0.9034648,1958.0792483806613,12,1946.0792483806613,0.021674395,46.974915432930175,-6,52.974915432930175,True
30076,22877,763.33,whatsapp,0.7336002,559.9790400725603,18,541.9790400725603,payment_link,0.74175143,566.2011209082604,12,554.2011209082604,0.008151233,6.222080835700012,-6,12.222080835700012,True
55562,26738,3025.45,payment_link,0.6992737,2115.6176322519777,12,2103.6176322519777,payment_link,0.6992737,2115.6176322519777,12,2103.6176322519777,0.0,0.0,0,0.0,False
38102,65301,1414.83,whatsapp,0.824631,1166.7126433825492,18,1148.7126433825492,payment_link,0.8289366,1172.804337015152,12,1160.804337015152,0.004305601,6.091693632602755,-6,12.091693632602755,True
79527,18485,1280.33,whatsapp,0.65454966,838.0395640093087,18,820.0395640093087,payment_link,0.6866788,879.1755023282766,12,867.1755023282766,0.03212917,41.135938318967874,-6,47.135938318967874,True
41951,32784,1116.62,human_escalation,0.79272866,885.176679110527,250,635.176679110527,payment_link,0.7030404,785.0289949071406,12,773.0289949071406,-0.08968824,-100.14768420338635,-238,137.85231579661365,True
11093,1998,4011.76,retry,0.72682285,2915.838849105835,8,2907.838849105835,whatsapp,0.76188,3056.4796308279037,18,3038.4796308279037,0.035057127,140.64078172206882,10,130.64078172206882,True
78089,28943,1890.71,retry,0.48995295,926.3589452514052,8,918.3589452514052,whatsapp,0.546339,1032.968564234376,18,1014.9685642343759,0.056386024,106.60961898297069,10,96.60961898297069,True
56937,82770,3501.36,email,0.49992943,1750.4329023742675,5,1745.4329023742675,payment_link,0.6807153,2383.4294015693667,12,2371.4294015693667,0.1807859,632.9964991950992,7,625.9964991950992,True
92076,80531,1183.92,retry,0.6620994,783.872746539116,8,775.872746539116,payment_link,0.73552907,870.8075707912445,12,858.8075707912445,0.073429644,86.93482425212858,4,82.93482425212858,True
10191,51726,999.51,retry,0.80319834,802.8047703695297,8,794.8047703695297,payment_link,0.85456926,854.1505173701048,12,842.1505173701048,0.05137092,51.3457470005751,4,47.3457470005751,True
58705,84052,2798.64,retry,0.42522818,1190.0605894804,8,1182.0605894804,payment_link,0.46838778,1310.8487838220597,12,1298.8487838220597,0.043159604,120.78819434165962,4,116.78819434165962,True
7529,86580,1199.09,payment_link,0.91396594,1095.927419564724,12,1083.927419564724,payment_link,0.91396594,1095.927419564724,12,1083.927419564724,0.0,0.0,0,0.0,False
90487,69555,2166.89,email,0.76881003,1665.92677413702,5,1660.92677413702,payment_link,0.8043858,1743.0155056154726,12,1731.0155056154726,0.035575747,77.0887314784527,7,70.0887314784527,True
96437,14825,949.57,whatsapp,0.6589857,625.7530268222093,18,607.7530268222093,payment_link,0.7160001,679.8921960687637,12,667.8921960687637,0.057014406,54.13916924655439,-6,60.13916924655439,True
45124,16291,2527.42,retry,0.5995932,1515.4239015042783,8,1507.4239015042783,payment_link,0.666749,1685.1547589683532,12,1673.1547589683532,0.06715578,169.73085746407492,4,165.73085746407492,True
35649,95744,3797.7,email,0.70722824,2685.8406997740267,5,2680.8406997740267,human_escalation,0.8563363,3252.108349817991,250,3002.108349817991,0.14910805,566.2676500439643,245,321.2676500439643,True
42793,25451,956.43,email,0.82515675,789.2046687716245,5,784.2046687716245,payment_link,0.8963639,857.3093382793664,12,845.3093382793664,0.071207166,68.10466950774196,7,61.10466950774196,True
3365,87208,2469.04,payment_link,0.9206732,2273.178936858177,12,2261.178936858177,payment_link,0.9206732,2273.178936858177,12,2261.178936858177,0.0,0.0,0,0.0,False
70040,72209,5024.71,retry,0.6973751,3504.107732846141,8,3496.107732846141,payment_link,0.7521898,3779.5356855517625,12,3767.5356855517625,0.054814696,275.42795270562146,4,271.42795270562146,True
63364,80129,2894.57,retry,0.66757065,1932.329978042245,8,1924.329978042245,payment_link,0.73751944,2134.801654226184,12,2122.801654226184,0.06994879,202.47167618393883,4,198.47167618393883,True
89032,72382,1370.66,whatsapp,0.5585591,765.5946430099011,18,747.5946430099011,payment_link,0.70295185,963.5079806745053,12,951.5079806745053,0.14439273,197.91333766460423,-6,203.91333766460423,True
73793,75881,579.57,whatsapp,0.81292117,471.14472042202954,18,453.14472042202954,payment_link,0.8273774,479.5231075125933,12,467.5231075125933,0.0144562125,8.378387090563763,-6,14.378387090563763,True
86499,90760,1105.33,whatsapp,0.8380834,926.358709512949,18,908.358709512949,payment_link,0.8474207,936.6795139789581,12,924.6795139789581,0.009337306,10.320804466009122,-6,16.320804466009122,True
94077,95006,4125.71,voice_call,0.7982877,3293.5035042136906,90,3203.5035042136906,human_escalation,0.91390383,3770.502180517912,250,3520.502180517912,0.11561614,476.9986763042216,160,316.9986763042216,True
97636,27450,2587.29,retry,0.8486237,2195.635594634414,8,2187.635594634414,payment_link,0.9207589,2382.270302211642,12,2370.270302211642,0.07213521,186.63470757722826,4,182.63470757722826,True
58183,35861,1103.79,payment_link,0.558887,616.8938870859146,12,604.8938870859146,payment_link,0.558887,616.8938870859146,12,604.8938870859146,0.0,0.0,0,0.0,False
15285,49026,1447.88,human_escalation,0.60190886,871.4918039679528,250,621.4918039679528,payment_link,0.6404448,927.2872389721871,12,915.2872389721871,0.038535953,55.795435004234264,-238,293.79543500423426,True
38944,45156,507.31,payment_link,0.7956814,403.6571396523714,12,391.6571396523714,payment_link,0.7956814,403.6571396523714,12,391.6571396523714,0.0,0.0,0,0.0,False
66053,62764,1408.58,payment_link,0.6335278,892.3746101343631,12,880.3746101343631,payment_link,0.6335278,892.3746101343631,12,880.3746101343631,0.0,0.0,0,0.0,False
46075,92067,1571.34,retry,0.8441523,1326.4502306878567,8,1318.4502306878567,payment_link,0.90725845,1425.611494370699,12,1413.611494370699,0.06310618,99.16126368284222,4,95.16126368284222,True
54259,97932,2835.25,payment_link,0.79686034,2259.2982712090015,12,2247.2982712090015,payment_link,0.79686034,2259.2982712090015,12,2247.2982712090015,0.0,0.0,0,0.0,False
57438,78019,3282.03,human_escalation,0.58373314,1915.8296821421386,250,1665.8296821421386,payment_link,0.6094203,2000.1357056665422,12,1988.1357056665422,0.025687158,84.3060235244036,-238,322.3060235244036,True
30466,10595,1074.6,whatsapp,0.8377554,900.2519335627555,18,882.2519335627555,payment_link,0.9061875,973.7890603423118,12,961.7890603423118,0.06843209,73.53712677955627,-6,79.53712677955627,True
36694,87746,1045.28,payment_link,0.933302,975.5618991565705,12,963.5618991565705,payment_link,0.933302,975.5618991565705,12,963.5618991565705,0.0,0.0,0,0.0,False
88342,56357,3472.91,payment_link,0.63007164,2188.1820993232727,12,2176.1820993232727,human_escalation,0.71245235,2474.2828979474307,250,2224.2828979474307,0.08238071,286.10079862415796,238,48.10079862415796,True
21907,67109,2411.06,retry,0.71490675,1723.6830737411976,8,1715.6830737411976,payment_link,0.83212197,2006.2959928154944,12,1994.2959928154944,0.117215216,282.61291907429677,4,278.61291907429677,True
10450,73805,960.67,payment_link,0.35483313,340.87753921985626,12,328.87753921985626,payment_link,0.35483313,340.87753921985626,12,328.87753921985626,0.0,0.0,0,0.0,False
77561,28958,2033.01,email,0.7130414,1449.6203469336033,5,1444.6203469336033,payment_link,0.76436794,1553.96766171813,12,1541.96766171813,0.051326513,104.34731478452682,7,97.34731478452682,True
44483,11601,2944.76,payment_link,0.59743303,1759.2968912053109,12,1747.2968912053109,human_escalation,0.7047943,2075.4500265932083,250,1825.4500265932083,0.10736126,316.15313538789746,238,78.15313538789746,True
70170,64941,2771.31,payment_link,0.7816167,2166.102142996788,12,2154.102142996788,whatsapp,0.7841241,2173.050894075036,18,2155.050894075036,0.0025073886,6.948751078247824,6,0.9487510782478239,True
48444,14313,697.2,retry,0.78802973,549.4143279790878,8,541.4143279790878,payment_link,0.8623206,601.2099236726762,12,589.2099236726762,0.07429087,51.795595693588325,4,47.795595693588325,True
25182,22529,3574.3,retry,0.71203184,2545.0154102802276,8,2537.0154102802276,human_escalation,0.8316809,2972.677019059658,250,2722.677019059658,0.11964905,427.6616087794305,242,185.66160877943048,True
58661,14848,1722.16,retry,0.5441314,937.0813287258148,8,929.0813287258148,payment_link,0.5812346,1000.97893450737,12,988.97893450737,0.037103176,63.89760578155517,4,59.89760578155517,True
35757,78275,1999.63,voice_call,0.7381989,1476.12461917758,90,1386.12461917758,payment_link,0.83179456,1663.2813559240103,12,1651.2813559240103,0.09359568,187.1567367464304,-78,265.1567367464304,True
63827,40684,1609.14,human_escalation,0.7542612,1213.7118603837491,250,963.7118603837491,payment_link,0.707573,1138.5840117752552,12,1126.5840117752552,-0.0466882,-75.12784860849388,-238,162.87215139150612,True
11568,77724,9681.59,human_escalation,0.8872659,8590.144864599704,250,8340.144864599704,human_escalation,0.8872659,8590.144864599704,250,8340.144864599704,0.0,0.0,0,0.0,False
67212,62149,2299.04,voice_call,0.7922372,1821.3850633144377,90,1731.3850633144377,payment_link,0.91898793,2112.790010175705,12,2100.790010175705,0.12675071,291.40494686126726,-78,369.40494686126726,True
53649,60853,806.07,voice_call,0.8350252,673.0887559568882,90,583.0887559568882,payment_link,0.9241693,744.9451492524147,12,732.9451492524147,0.08914411,71.85639329552646,-78,149.85639329552646,True
78519,2088,1260.26,payment_link,0.9337054,1176.711554170847,12,1164.711554170847,payment_link,0.9337054,1176.711554170847,12,1164.711554170847,0.0,0.0,0,0.0,False
18124,47600,1099.63,retry,0.5617294,617.6944688349963,8,609.6944688349963,payment_link,0.6432606,707.3486515796185,12,695.3486515796185,0.08153123,89.65418274462218,4,85.65418274462218,True
32075,30077,2200.05,email,0.892675,1963.9295953541996,5,1958.9295953541996,payment_link,0.9412698,2070.840656420589,12,2058.840656420589,0.048594832,106.91106106638927,7,99.91106106638927,True
50135,71992,962.46,voice_call,0.5842528,562.3199255526066,90,472.3199255526066,whatsapp,0.73972946,711.9600199735165,18,693.9600199735165,0.15547669,149.64009442090992,-72,221.64009442090992,True
63552,90638,2607.71,human_escalation,0.76511407,1995.1956088328361,250,1745.1956088328361,payment_link,0.7230453,1885.4924319249392,12,1873.4924319249392,-0.04206878,-109.70317690789693,-238,128.29682309210307,True
57492,63346,733.11,human_escalation,0.7654598,561.1662163281441,250,311.16621632814406,payment_link,0.71542,524.4815618491173,12,512.4815618491173,-0.05003977,-36.68465447902679,-238,201.3153455209732,True
60738,86320,3895.46,retry,0.49164832,1915.1963505387307,8,1907.1963505387307,human_escalation,0.74200463,2890.4493674707414,250,2640.4493674707414,0.25035632,975.2530169320107,242,733.2530169320107,True
11285,86230,1558.36,email,0.71800464,1118.9097168946266,5,1113.9097168946266,whatsapp,0.7716811,1202.556912755966,18,1184.556912755966,0.053676426,83.64719586133947,13,70.64719586133947,True
16918,64532,2956.67,whatsapp,0.57885903,1711.4951317793132,18,1693.4951317793132,payment_link,0.61025953,1804.33605322361,12,1792.33605322361,0.0314005,92.84092144429678,-6,98.84092144429678,True
46498,74283,1191.76,whatsapp,0.8406536,1001.8573323202133,18,983.8573323202133,payment_link,0.8644392,1030.2040483999251,12,1018.2040483999251,0.023785591,28.34671607971177,-6,34.34671607971177,True
62443,5101,3621.21,retry,0.5370358,1944.7194921290875,8,1936.7194921290875,payment_link,0.59982735,2172.100795145631,12,2160.100795145631,0.06279153,227.38130301654337,4,223.38130301654337,True
79489,65555,6180.15,retry,0.54810923,3387.3972786694762,8,3379.3972786694762,payment_link,0.6430987,3974.4465047657486,12,3962.4465047657486,0.09498948,587.0492260962724,4,583.0492260962724,True
89288,88364,2563.76,email,0.58469605,1499.020356578827,5,1494.020356578827,human_escalation,0.7452848,1910.7313479804993,250,1660.7313479804993,0.16058874,411.71099140167235,245,166.71099140167235,True
85682,37167,1545.32,email,0.691372,1068.390944006443,5,1063.390944006443,payment_link,0.72811556,1125.1715350532531,12,1113.1715350532531,0.03674358,56.78059104681006,7,49.78059104681006,True
22805,87499,2511.15,retry,0.6694981,1681.210118597746,8,1673.210118597746,payment_link,0.7068678,1775.0511112868787,12,1763.0511112868787,0.037369728,93.84099268913269,4,89.84099268913269,True
57007,65758,810.52,whatsapp,0.50290316,407.6130720257759,18,389.6130720257759,payment_link,0.5325538,431.64549949169157,12,419.64549949169157,0.029650629,24.032427465915646,-6,30.032427465915646,True
24043,65191,6985.86,payment_link,0.9025929,6305.387618336677,12,6293.387618336677,whatsapp,0.929498,6493.343015881776,18,6475.343015881776,0.02690512,187.955397545099,6,181.955397545099,True
63798,77198,3094.68,human_escalation,0.87220275,2699.1884188127515,250,2449.1884188127515,human_escalation,0.87220275,2699.1884188127515,250,2449.1884188127515,0.0,0.0,0,0.0,False
66958,84537,482.02,whatsapp,0.80743474,389.1996922576427,18,371.1996922576427,whatsapp,0.80743474,389.1996922576427,18,371.1996922576427,0.0,0.0,0,0.0,False
82545,51823,3030.93,payment_link,0.725176,2197.957623220682,12,2185.957623220682,payment_link,0.725176,2197.957623220682,12,2185.957623220682,0.0,0.0,0,0.0,False
38499,11333,1200.69,payment_link,0.8468868,1016.8485282701255,12,1004.8485282701255,payment_link,0.8468868,1016.8485282701255,12,1004.8485282701255,0.0,0.0,0,0.0,False
5334,53343,1972.56,human_escalation,0.63585293,1254.2580613803864,250,1004.2580613803864,payment_link,0.58300066,1150.0037817764282,12,1138.0037817764282,-0.052852273,-104.25427960395814,-238,133.74572039604186,True
93924,7773,1060.81,whatsapp,0.499563,529.9414350965619,18,511.9414350965619,payment_link,0.5626271,596.8404296612739,12,584.8404296612739,0.06306407,66.89899456471198,-6,72.89899456471198,True
8829,37024,934.27,retry,0.86240417,805.7183417123556,8,797.7183417123556,payment_link,0.91877747,858.3862229919433,12,846.3862229919433,0.0563733,52.66788127958773,4,48.66788127958773,True
73043,43117,3362.13,whatsapp,0.5280237,1775.2843890094757,18,1757.2843890094757,human_escalation,0.6953183,2337.750454285741,250,2087.750454285741,0.16729456,562.4660652762652,232,330.4660652762652,True
91298,86918,992.67,email,0.62017804,615.6321387809514,5,610.6321387809514,payment_link,0.68952173,684.4675356656313,12,672.4675356656313,0.069343686,68.83539688467988,7,61.83539688467988,True
65193,12342,2553.34,whatsapp,0.52903163,1350.797633202076,18,1332.797633202076,human_escalation,0.6659208,1700.3222001779081,250,1450.3222001779081,0.13688916,349.52456697583216,232,117.52456697583216,True
58584,48553,2071.62,retry,0.7796692,1615.1783603417873,8,1607.1783603417873,payment_link,0.8261622,1711.494176223278,12,1699.494176223278,0.046492994,96.31581588149061,4,92.31581588149061,True
5561,19216,1908.23,retry,0.7000922,1335.9369320595265,8,1327.9369320595265,payment_link,0.75977623,1449.8278042018414,12,1437.8278042018414,0.05968404,113.89087214231495,4,109.89087214231495,True
2673,29111,3152.68,whatsapp,0.8519306,2685.864621658325,18,2667.864621658325,payment_link,0.8934815,2816.8612333393094,12,2804.8612333393094,0.041550875,130.9966116809842,-6,136.9966116809842,True
32545,28831,2336.65,whatsapp,0.4351939,1016.8958177745343,18,998.8958177745343,payment_link,0.5453246,1274.2327816993,12,1262.2327816993,0.11013073,257.33696392476566,-6,263.33696392476566,True
30442,67909,2331.49,human_escalation,0.46732402,1089.5612758421896,250,839.5612758421896,payment_link,0.5325078,1241.536557496786,12,1229.536557496786,0.06518376,151.9752816545963,-238,389.9752816545963,True
63932,14858,5026.28,voice_call,0.7001816,3519.308789696693,90,3429.308789696693,payment_link,0.7951133,3996.4622037792205,12,3984.4622037792205,0.09493172,477.15341408252743,-78,555.1534140825274,True
85221,61753,2192.5,voice_call,0.8607691,1887.2362364828587,90,1797.2362364828587,payment_link,0.9229657,2023.6023090779781,12,2011.6023090779781,0.062196612,136.36607259511948,-78,214.36607259511948,True
30043,44830,3774.5,email,0.5947979,2245.0647085011005,5,2240.0647085011005,payment_link,0.6983522,2635.930445611477,12,2623.930445611477,0.10355431,390.86573711037636,7,383.86573711037636,True
53085,70793,2891.97,human_escalation,0.64793324,1873.8035056900976,250,1623.8035056900976,payment_link,0.582152,1683.5661454975605,12,1671.5661454975605,-0.065781236,-190.23736019253715,-238,47.76263980746285,True
86344,15072,2551.92,retry,0.4868215,1242.3295285248757,8,1234.3295285248757,human_escalation,0.64467156,1645.150245695114,250,1395.150245695114,0.15785006,402.82071717023837,242,160.82071717023837,True
64194,50015,1152.05,retry,0.54503644,627.9092250883579,8,619.9092250883579,payment_link,0.6202799,714.5934682190418,12,702.5934682190418,0.07524347,86.68424313068397,4,82.68424313068397,True
48760,81069,2059.08,whatsapp,0.56702465,1167.5491125941276,18,1149.5491125941276,payment_link,0.61761385,1271.7163304257392,12,1259.7163304257392,0.050589204,104.16721783161165,-6,110.16721783161165,True
63856,95104,1174.34,voice_call,0.71001256,833.7961439824104,90,743.7961439824104,payment_link,0.75971794,892.1671671676635,12,880.1671671676635,0.049705386,58.37102318525308,-78,136.37102318525308,True
91078,42574,1632.98,payment_link,0.7846344,1281.2923010218144,12,1269.2923010218144,payment_link,0.7846344,1281.2923010218144,12,1269.2923010218144,0.0,0.0,0,0.0,False
60591,65617,2947.56,payment_link,0.90480596,2666.969850361347,12,2654.969850361347,payment_link,0.90480596,2666.969850361347,12,2654.969850361347,0.0,0.0,0,0.0,False
25618,93275,1025.74,payment_link,0.59482265,610.133380074501,12,598.133380074501,payment_link,0.59482265,610.133380074501,12,598.133380074501,0.0,0.0,0,0.0,False
4845,78805,2364.36,email,0.67495704,1595.8414199352264,5,1590.8414199352264,payment_link,0.7779325,1839.3125440549852,12,1827.3125440549852,0.10297549,243.47112411975877,7,236.47112411975877,True
47070,63974,2955.55,payment_link,0.6269984,1853.1251936197282,12,1841.1251936197282,payment_link,0.6269984,1853.1251936197282,12,1841.1251936197282,0.0,0.0,0,0.0,False
36522,59555,418.04,whatsapp,0.77447057,323.75967612266544,18,305.75967612266544,email,0.8063866,337.1018500852585,5,332.1018500852585,0.031916022,13.342173962593051,-13,26.34217396259305,True
44518,23979,3404.84,payment_link,0.92615426,3153.407056546211,12,3141.407056546211,payment_link,0.92615426,3153.407056546211,12,3141.407056546211,0.0,0.0,0,0.0,False
17957,2103,3154.81,email,0.8489618,2678.3130832999946,5,2673.3130832999946,payment_link,0.9308082,2936.522974950075,12,2924.522974950075,0.081846416,258.2098916500804,7,251.2098916500804,True
36146,56456,1800.73,payment_link,0.91090155,1640.2877417898178,12,1628.2877417898178,payment_link,0.91090155,1640.2877417898178,12,1628.2877417898178,0.0,0.0,0,0.0,False
81834,1337,1220.06,whatsapp,0.8925387,1088.9507984459399,18,1070.9507984459399,payment_link,0.9181979,1120.2564935827254,12,1108.2564935827254,0.025659144,31.305695136785516,-6,37.305695136785516,True
85403,76680,1364.39,retry,0.6434415,877.9051458376647,8,869.9051458376647,payment_link,0.74453956,1015.8423287504912,12,1003.8423287504912,0.10109806,137.93718291282653,4,133.93718291282653,True
46064,47109,2402.83,voice_call,0.6452503,1550.4268274497986,90,1460.4268274497986,payment_link,0.7271374,1747.1875271219014,12,1735.1875271219014,0.08188707,196.76069967210287,-78,274.7606996721029,True
83495,49831,1610.95,retry,0.48798695,786.1225804314017,8,778.1225804314017,payment_link,0.6494843,1046.2866956651212,12,1034.2866956651212,0.16149732,260.1641152337195,4,256.1641152337195,True
15427,37274,1358.07,payment_link,0.94109064,1278.06697009027,12,1266.06697009027,payment_link,0.94109064,1278.06697009027,12,1266.06697009027,0.0,0.0,0,0.0,False
25035,78477,9668.97,voice_call,0.5010922,4845.045405628681,90,4755.045405628681,payment_link,0.80138093,7748.528193281292,12,7736.528193281292,0.30028874,2903.4827876526115,-78,2981.4827876526115,True
2390,21595,2033.24,whatsapp,0.5668921,1152.6276679062844,18,1134.6276679062844,payment_link,0.6446587,1310.7458241415025,12,1298.7458241415025,0.0777666,158.11815623521807,-6,164.11815623521807,True
45959,29780,2184.78,payment_link,0.9198634,2009.6991652643683,12,1997.6991652643683,payment_link,0.9198634,2009.6991652643683,12,1997.6991652643683,0.0,0.0,0,0.0,False
12158,37501,1450.42,human_escalation,0.814614,1181.532434886694,250,931.5324348866941,whatsapp,0.74172807,1075.8172235155107,18,1057.8172235155107,-0.07288593,-105.71521137118339,-232,126.28478862881661,True
1399,74457,7664.71,payment_link,0.50851756,3897.639652931094,12,3885.639652931094,human_escalation,0.60391086,4628.801633806825,250,4378.801633806825,0.0953933,731.1619808757305,238,493.1619808757305,True
5188,98351,996.03,human_escalation,0.7887186,785.5873684322834,250,535.5873684322834,payment_link,0.7639213,760.8885527962447,12,748.8885527962447,-0.02479726,-24.698815636038717,-238,213.30118436396128,True
86414,16456,1061.94,whatsapp,0.7425508,788.5443862617017,18,770.5443862617017,payment_link,0.7406237,786.4979452943802,12,774.4979452943802,-0.0019270778,-2.046440967321473,-6,3.953559032678527,True
32522,46124,3369.24,whatsapp,0.54427725,1833.8006843733785,18,1815.8006843733785,payment_link,0.59963804,2020.3244861769674,12,2008.3244861769674,0.055360794,186.52380180358887,-6,192.52380180358887,True
54801,49188,938.67,human_escalation,0.76013464,713.5155800467729,250,463.5155800467729,payment_link,0.72330976,678.9491680312157,12,666.9491680312157,-0.036824882,-34.56641201555726,-238,203.43358798444274,True
42583,44217,984.54,retry,0.8269528,814.1681245350837,8,806.1681245350837,payment_link,0.8859553,872.2584055674075,12,860.2584055674075,0.05900246,58.09028103232379,4,54.09028103232379,True
62234,98495,521.83,human_escalation,0.85872084,448.10629542768004,250,198.10629542768004,payment_link,0.8196952,427.74153301060204,12,415.74153301060204,-0.039025664,-20.364762417077998,-238,217.635237582922,True
15976,4592,1485.29,retry,0.7994012,1187.3426434892415,8,1179.3426434892415,payment_link,0.8576897,1273.917902830243,12,1261.917902830243,0.058288455,86.57525934100158,4,82.57525934100158,True
25888,29470,592.96,retry,0.5127665,304.05001224517827,8,296.05001224517827,payment_link,0.61220145,363.0109731292725,12,351.0109731292725,0.09943497,58.96096088409422,4,54.96096088409422,True
72345,63730,1549.48,whatsapp,0.6848243,1061.1215376019477,18,1043.1215376019477,payment_link,0.72729474,1126.92865847826,12,1114.92865847826,0.042470455,65.80712087631241,-6,71.80712087631241,True
24126,81446,2034.13,whatsapp,0.73897576,1503.172769443989,18,1485.172769443989,payment_link,0.78398687,1594.7312047010662,12,1582.7312047010662,0.045011103,91.55843525707724,-6,97.55843525707724,True
96970,12217,2357.25,whatsapp,0.6889428,1624.0103918015957,18,1606.0103918015957,human_escalation,0.8252816,1945.3950988054276,250,1695.3950988054276,0.13633883,321.38470700383186,232,89.38470700383186,True
89846,43077,6129.83,payment_link,0.7917424,4853.246220373511,12,4841.246220373511,human_escalation,0.87811565,5382.699679307938,250,5132.699679307938,0.08637327,529.4534589344266,238,291.45345893442664,True
27470,57458,978.62,payment_link,0.6733345,658.9385881638527,12,646.9385881638527,payment_link,0.6733345,658.9385881638527,12,646.9385881638527,0.0,0.0,0,0.0,False
59053,26896,2680.0,email,0.47596553,1275.5876195430756,5,1270.5876195430756,payment_link,0.5804746,1555.671968460083,12,1543.671968460083,0.104509085,280.08434891700745,7,273.08434891700745,True
22372,88275,1584.1,whatsapp,0.8704217,1378.8350270569324,18,1360.8350270569324,payment_link,0.8951778,1418.051123803854,12,1406.051123803854,0.024756074,39.216096746921494,-6,45.216096746921494,True
18132,85349,1045.03,retry,0.6535859,683.0168843603134,8,675.0168843603134,payment_link,0.78360736,818.8932032883167,12,806.8932032883167,0.13002145,135.87631892800334,4,131.87631892800334,True
60394,66537,560.84,voice_call,0.5129724,287.6954489445686,90,197.69544894456862,payment_link,0.69409734,389.2775522255898,12,377.2775522255898,0.18112493,101.58210328102115,-78,179.58210328102115,True
21131,22620,3268.01,email,0.39259776,1283.0134211167695,5,1278.0134211167695,payment_link,0.51265025,1675.3461480402948,12,1663.3461480402948,0.12005249,392.33272692352534,7,385.33272692352534,True
66,38658,2191.29,whatsapp,0.87738484,1922.6046292036772,18,1904.6046292036772,payment_link,0.92056924,2017.2341722136734,12,2005.2341722136734,0.0431844,94.62954300999627,-6,100.62954300999627,True
93652,81272,2978.65,payment_link,0.7110363,2117.9283479750156,12,2105.9283479750156,payment_link,0.7110363,2117.9283479750156,12,2105.9283479750156,0.0,0.0,0,0.0,False
30034,6460,1473.41,voice_call,0.46331567,682.6539350312948,90,592.6539350312948,whatsapp,0.55537575,818.2961909288168,18,800.2961909288168,0.09206009,135.64225589752198,-72,207.64225589752198,True
40346,86737,4400.07,retry,0.8635901,3799.8569848930833,8,3791.8569848930833,payment_link,0.92806756,4083.5622505724427,12,4071.5622505724427,0.06447744,283.7052656793594,4,279.7052656793594,True
16199,17002,3517.11,email,0.6933364,2438.5404815107586,5,2433.5404815107586,payment_link,0.77265966,2717.529014621973,12,2705.529014621973,0.07932323,278.98853311121456,7,271.98853311121456,True
52435,67229,1781.55,retry,0.6088786,1084.747692131996,8,1076.747692131996,payment_link,0.6651148,1184.9353075772524,12,1172.9353075772524,0.056236207,100.18761544525637,4,96.18761544525637,True
2784,55686,986.64,retry,0.5339587,526.8249855995178,8,518.8249855995178,payment_link,0.62199473,613.6848841667176,12,601.6848841667176,0.08803606,86.8598985671997,4,82.8598985671997,True
91483,27145,9321.07,retry,0.5876585,5477.606243084669,8,5469.606243084669,human_escalation,0.6789949,6328.958936874867,250,6078.958936874867,0.09133637,851.3526937901979,242,609.3526937901979,True
94219,87856,2810.83,payment_link,0.6520247,1832.7305490952729,12,1820.7305490952729,payment_link,0.6520247,1832.7305490952729,12,1820.7305490952729,0.0,0.0,0,0.0,False
65427,89627,2001.85,whatsapp,0.7962568,1593.9866362929342,18,1575.9866362929342,payment_link,0.8226213,1646.764421209693,12,1634.764421209693,0.026364505,52.77778491675872,-6,58.77778491675872,True
50240,86392,1948.22,payment_link,0.5886293,1146.7793852937223,12,1134.7793852937223,payment_link,0.5886293,1146.7793852937223,12,1134.7793852937223,0.0,0.0,0,0.0,False
33795,2336,2068.64,retry,0.47279197,978.0363803577422,8,970.0363803577422,payment_link,0.53985965,1116.7752715873717,12,1104.7752715873717,0.06706768,138.73889122962942,4,134.73889122962942,True
74291,44296,2076.52,voice_call,0.8701991,1806.9858024930954,90,1716.9858024930954,payment_link,0.9284951,1928.0386639094352,12,1916.0386639094352,0.058296025,121.05286141633974,-78,199.05286141633974,True
92619,92694,4803.7,whatsapp,0.6187976,2972.518032413721,18,2954.518032413721,human_escalation,0.7080909,3401.4562629342076,250,3151.4562629342076,0.0892933,428.93823052048674,232,196.93823052048674,True
26109,9466,2646.32,human_escalation,0.9137391,2418.0460159397126,250,2168.0460159397126,payment_link,0.9051534,2395.325528936386,12,2383.325528936386,-0.008585691,-22.720487003326525,-238,215.27951299667347,True
36694,87746,1045.28,payment_link,0.933302,975.5618991565705,12,963.5618991565705,payment_link,0.933302,975.5618991565705,12,963.5618991565705,0.0,0.0,0,0.0,False
11399,77074,684.44,human_escalation,0.7611736,520.9776628351212,250,270.97766283512124,payment_link,0.63410133,434.00431514978413,12,422.00431514978413,-0.12707227,-86.9733476853371,-238,151.0266523146629,True
72091,80462,1106.92,payment_link,0.48396918,535.7151666915418,12,523.7151666915418,whatsapp,0.5229236,578.8345788621903,18,560.8345788621903,0.038954407,43.1194121706485,6,37.1194121706485,True
4730,57720,1135.17,email,0.49867672,566.0828491562605,5,561.0828491562605,payment_link,0.63789904,724.123854571581,12,712.123854571581,0.13922232,158.04100541532046,7,151.04100541532046,True
48340,23727,3372.48,retry,0.7394465,2493.7686024856566,8,2485.7686024856566,payment_link,0.8202156,2766.160648841858,12,2754.160648841858,0.08076906,272.39204635620126,4,268.39204635620126,True
85212,74435,1759.57,retry,0.52083194,916.4402611672878,8,908.4402611672878,payment_link,0.5885167,1035.5363512659073,12,1023.5363512659073,0.06768477,119.09609009861958,4,115.09609009861958,True
27620,92317,1116.44,payment_link,0.7419442,828.3361757707596,12,816.3361757707596,payment_link,0.7419442,828.3361757707596,12,816.3361757707596,0.0,0.0,0,0.0,False
27979,93509,882.48,voice_call,0.45129266,398.2567499613762,90,308.2567499613762,payment_link,0.55044043,485.7526712322235,12,473.7526712322235,0.09914777,87.4959212708473,-78,165.4959212708473,True
63552,90638,2607.71,whatsapp,0.7091843,1849.3469622123241,18,1831.3469622123241,payment_link,0.7230453,1885.4924319249392,12,1873.4924319249392,0.013861001,36.14546971261507,-6,42.14546971261507,True
96872,57564,4333.65,email,0.37806508,1638.4017315611243,5,1633.4017315611243,human_escalation,0.59308356,2570.2165718168017,250,2320.2165718168017,0.21501848,931.8148402556774,245,686.8148402556774,True
56316,86078,1954.99,payment_link,0.90249616,1764.3709660333395,12,1752.3709660333395,payment_link,0.90249616,1764.3709660333395,12,1752.3709660333395,0.0,0.0,0,0.0,False
88596,41677,2848.0,voice_call,0.5456712,1554.071647644043,90,1464.071647644043,payment_link,0.65863526,1875.7932167053223,12,1863.7932167053223,0.112964034,321.7215690612793,-78,399.7215690612793,True
52128,64506,1533.23,whatsapp,0.68950146,1057.1643302112818,18,1039.1643302112818,payment_link,0.71417713,1094.9978035640718,12,1082.9978035640718,0.024675667,37.83347335278995,-6,43.83347335278995,True
87958,87350,362.71,retry,0.63408655,229.98953229010104,8,221.98953229010104,email,0.7051823,255.77667708158492,5,250.77667708158492,0.071095765,25.787144791483882,-3,28.787144791483882,True
12141,16915,1182.72,retry,0.7506231,887.7769610595703,8,879.7769610595703,payment_link,0.8209298,970.9301229858398,12,958.9301229858398,0.07030672,83.15316192626949,4,79.15316192626949,True
32257,20122,2496.78,payment_link,0.9176136,2291.0793479418758,12,2279.0793479418758,payment_link,0.9176136,2291.0793479418758,12,2279.0793479418758,0.0,0.0,0,0.0,False
60591,65617,2947.56,whatsapp,0.8660864,2552.8416981482505,18,2534.8416981482505,payment_link,0.90480596,2666.969850361347,12,2654.969850361347,0.038719535,114.12815221309666,-6,120.12815221309666,True
84177,96214,806.96,whatsapp,0.77227056,623.1914513111115,18,605.1914513111115,payment_link,0.78385955,632.5433032369614,12,620.5433032369614,0.011588991,9.351851925849928,-6,15.351851925849928,True
56026,13473,3161.36,payment_link,0.4872402,1540.3416637325288,12,1528.3416637325288,payment_link,0.4872402,1540.3416637325288,12,1528.3416637325288,0.0,0.0,0,0.0,False
45709,86266,400.6,payment_link,0.8228729,329.6428745746613,12,317.6428745746613,payment_link,0.8228729,329.6428745746613,12,317.6428745746613,0.0,0.0,0,0.0,False
21543,92557,1699.46,payment_link,0.55676407,946.1982599771023,12,934.1982599771023,whatsapp,0.58509815,994.3508975672722,18,976.3508975672722,0.028334081,48.15263759016989,6,42.15263759016989,True
3978,94838,2027.44,whatsapp,0.75717926,1535.1355194091798,18,1517.1355194091798,payment_link,0.780994,1583.4184714078904,12,1571.4184714078904,0.023814738,48.28295199871059,-6,54.28295199871059,True
5119,40810,6255.06,payment_link,0.8434835,5276.039949256182,12,5264.039949256182,payment_link,0.8434835,5276.039949256182,12,5264.039949256182,0.0,0.0,0,0.0,False
95766,36130,1105.41,retry,0.76016086,840.2894200104475,8,832.2894200104475,payment_link,0.8571467,947.4985119313002,12,935.4985119313002,0.09698582,107.20909192085264,4,103.20909192085264,True
6979,83952,2112.91,retry,0.8531888,1802.7111743110418,8,1794.7111743110418,payment_link,0.92211914,1948.3547534179686,12,1936.3547534179686,0.06893033,145.64357910692684,4,141.64357910692684,True
66691,89876,2062.33,retry,0.45139,930.9151349827647,8,922.9151349827647,payment_link,0.5321174,1097.4017319780587,12,1085.4017319780587,0.08072743,166.486596995294,4,162.486596995294,True
32732,98035,1635.8,retry,0.68543774,1121.2390532851218,8,1113.2390532851218,payment_link,0.7460749,1220.4293458461761,12,1208.4293458461761,0.060637176,99.19029256105432,4,95.19029256105432,True
57915,70780,813.2,payment_link,0.7233083,588.194329738617,12,576.194329738617,payment_link,0.7233083,588.194329738617,12,576.194329738617,0.0,0.0,0,0.0,False
38912,7375,8978.43,payment_link,0.6388334,5735.720995770693,12,5723.720995770693,human_escalation,0.7201853,6466.13312212944,250,6216.13312212944,0.081351876,730.4121263587476,238,492.4121263587476,True
72157,2762,1585.74,whatsapp,0.6805596,1079.190541344881,18,1061.190541344881,payment_link,0.7434012,1178.841065479517,12,1166.841065479517,0.062841654,99.65052413463604,-6,105.65052413463604,True
2399,74960,1870.95,whatsapp,0.5868732,1098.0103643596174,18,1080.0103643596174,payment_link,0.6266026,1172.342115917802,12,1160.342115917802,0.039729416,74.33175155818458,-6,80.33175155818458,True
79983,60833,633.26,human_escalation,0.75527763,478.28711429595944,250,228.28711429595944,payment_link,0.68755406,435.4004849302769,12,423.4004849302769,-0.06772357,-42.88662936568255,-238,195.11337063431745,True
95073,47251,3625.05,human_escalation,0.91458297,3315.408987271786,250,3065.408987271786,human_escalation,0.91458297,3315.408987271786,250,3065.408987271786,0.0,0.0,0,0.0,False
77095,24139,561.17,payment_link,0.5431137,304.7791197967529,12,292.7791197967529,payment_link,0.5431137,304.7791197967529,12,292.7791197967529,0.0,0.0,0,0.0,False
76366,20450,2137.78,retry,0.7108974,1519.7422140014173,8,1511.7422140014173,payment_link,0.777708,1662.5685953795912,12,1650.5685953795912,0.06681061,142.8263813781739,4,138.8263813781739,True
81472,44718,882.53,voice_call,0.7960055,702.4987228322029,90,612.4987228322029,payment_link,0.89744675,792.0236816847324,12,780.0236816847324,0.101441264,89.5249588525295,-78,167.5249588525295,True
17482,6681,521.14,whatsapp,0.5426459,282.79446954607965,18,264.79446954607965,payment_link,0.5991688,312.2508166885376,12,300.2508166885376,0.056522906,29.456347142457957,-6,35.45634714245796,True
92673,26434,3087.56,retry,0.5740115,1772.294961297512,8,1764.294961297512,payment_link,0.6506677,2008.9756471562384,12,1996.9756471562384,0.07665622,236.68068585872652,4,232.68068585872652,True
21545,21452,495.17,payment_link,0.7351648,364.03156448781493,12,352.03156448781493,payment_link,0.7351648,364.03156448781493,12,352.03156448781493,0.0,0.0,0,0.0,False
